<?xml version="1.0" encoding="UTF-8"?>
<kml xmlns="http://www.opengis.net/kml/2.2">
  <Document>
    <name>花曆補座標</name>
    <description/>
    <Style id="icon-1899-0288D1-nodesc-normal">
      <IconStyle>
        <color>ffd18802</color>
        <scale>1</scale>
        <Icon>
          <href>https://www.gstatic.com/mapspro/images/stock/503-wht-blank_maps.png</href>
        </Icon>
        <hotSpot x="32" xunits="pixels" y="64" yunits="insetPixels"/>
      </IconStyle>
      <LabelStyle>
        <scale>0</scale>
      </LabelStyle>
      <BalloonStyle>
        <text><![CDATA[<h3>$[name]</h3>]]></text>
      </BalloonStyle>
    </Style>
    <Style id="icon-1899-0288D1-nodesc-highlight">
      <IconStyle>
        <color>ffd18802</color>
        <scale>1</scale>
        <Icon>
          <href>https://www.gstatic.com/mapspro/images/stock/503-wht-blank_maps.png</href>
        </Icon>
        <hotSpot x="32" xunits="pixels" y="64" yunits="insetPixels"/>
      </IconStyle>
      <LabelStyle>
        <scale>1</scale>
      </LabelStyle>
      <BalloonStyle>
        <text><![CDATA[<h3>$[name]</h3>]]></text>
      </BalloonStyle>
    </Style>
    <StyleMap id="icon-1899-0288D1-nodesc">
      <Pair>
        <key>normal</key>
        <styleUrl>#icon-1899-0288D1-nodesc-normal</styleUrl>
      </Pair>
      <Pair>
        <key>highlight</key>
        <styleUrl>#icon-1899-0288D1-nodesc-highlight</styleUrl>
      </Pair>
    </StyleMap>
    <Style id="line-555555-2000-nodesc-normal">
      <LineStyle>
        <color>ff555555</color>
        <width>2</width>
      </LineStyle>
      <BalloonStyle>
        <text><![CDATA[<h3>$[name]</h3>]]></text>
      </BalloonStyle>
    </Style>
    <Style id="line-555555-2000-nodesc-highlight">
      <LineStyle>
        <color>ff555555</color>
        <width>3</width>
      </LineStyle>
      <BalloonStyle>
        <text><![CDATA[<h3>$[name]</h3>]]></text>
      </BalloonStyle>
    </Style>
    <StyleMap id="line-555555-2000-nodesc">
      <Pair>
        <key>normal</key>
        <styleUrl>#line-555555-2000-nodesc-normal</styleUrl>
      </Pair>
      <Pair>
        <key>highlight</key>
        <styleUrl>#line-555555-2000-nodesc-highlight</styleUrl>
      </Pair>
    </StyleMap>
    <Style id="line-777777-3000-nodesc-normal">
      <LineStyle>
        <color>ff777777</color>
        <width>3</width>
      </LineStyle>
      <BalloonStyle>
        <text><![CDATA[<h3>$[name]</h3>]]></text>
      </BalloonStyle>
    </Style>
    <Style id="line-777777-3000-nodesc-highlight">
      <LineStyle>
        <color>ff777777</color>
        <width>4.5</width>
      </LineStyle>
      <BalloonStyle>
        <text><![CDATA[<h3>$[name]</h3>]]></text>
      </BalloonStyle>
    </Style>
    <StyleMap id="line-777777-3000-nodesc">
      <Pair>
        <key>normal</key>
        <styleUrl>#line-777777-3000-nodesc-normal</styleUrl>
      </Pair>
      <Pair>
        <key>highlight</key>
        <styleUrl>#line-777777-3000-nodesc-highlight</styleUrl>
      </Pair>
    </StyleMap>
    <Style id="line-8A5A3A-1000-nodesc-normal">
      <LineStyle>
        <color>ff3a5a8a</color>
        <width>1</width>
      </LineStyle>
      <BalloonStyle>
        <text><![CDATA[<h3>$[name]</h3>]]></text>
      </BalloonStyle>
    </Style>
    <Style id="line-8A5A3A-1000-nodesc-highlight">
      <LineStyle>
        <color>ff3a5a8a</color>
        <width>1.5</width>
      </LineStyle>
      <BalloonStyle>
        <text><![CDATA[<h3>$[name]</h3>]]></text>
      </BalloonStyle>
    </Style>
    <StyleMap id="line-8A5A3A-1000-nodesc">
      <Pair>
        <key>normal</key>
        <styleUrl>#line-8A5A3A-1000-nodesc-normal</styleUrl>
      </Pair>
      <Pair>
        <key>highlight</key>
        <styleUrl>#line-8A5A3A-1000-nodesc-highlight</styleUrl>
      </Pair>
    </StyleMap>
    <Style id="line-999999-3000-nodesc-normal">
      <LineStyle>
        <color>ff999999</color>
        <width>3</width>
      </LineStyle>
      <BalloonStyle>
        <text><![CDATA[<h3>$[name]</h3>]]></text>
      </BalloonStyle>
    </Style>
    <Style id="line-999999-3000-nodesc-highlight">
      <LineStyle>
        <color>ff999999</color>
        <width>4.5</width>
      </LineStyle>
      <BalloonStyle>
        <text><![CDATA[<h3>$[name]</h3>]]></text>
      </BalloonStyle>
    </Style>
    <StyleMap id="line-999999-3000-nodesc">
      <Pair>
        <key>normal</key>
        <styleUrl>#line-999999-3000-nodesc-normal</styleUrl>
      </Pair>
      <Pair>
        <key>highlight</key>
        <styleUrl>#line-999999-3000-nodesc-highlight</styleUrl>
      </Pair>
    </StyleMap>
    <Style id="poly-000000-1200-77-nodesc-normal">
      <LineStyle>
        <color>ff000000</color>
        <width>1.2</width>
      </LineStyle>
      <PolyStyle>
        <color>4d000000</color>
        <fill>1</fill>
        <outline>1</outline>
      </PolyStyle>
      <BalloonStyle>
        <text><![CDATA[<h3>$[name]</h3>]]></text>
      </BalloonStyle>
    </Style>
    <Style id="poly-000000-1200-77-nodesc-highlight">
      <LineStyle>
        <color>ff000000</color>
        <width>1.8</width>
      </LineStyle>
      <PolyStyle>
        <color>4d000000</color>
        <fill>1</fill>
        <outline>1</outline>
      </PolyStyle>
      <BalloonStyle>
        <text><![CDATA[<h3>$[name]</h3>]]></text>
      </BalloonStyle>
    </Style>
    <StyleMap id="poly-000000-1200-77-nodesc">
      <Pair>
        <key>normal</key>
        <styleUrl>#poly-000000-1200-77-nodesc-normal</styleUrl>
      </Pair>
      <Pair>
        <key>highlight</key>
        <styleUrl>#poly-000000-1200-77-nodesc-highlight</styleUrl>
      </Pair>
    </StyleMap>
    <Style id="poly-6AB0E6-1000-85-nodesc-normal">
      <LineStyle>
        <color>ffe6b06a</color>
        <width>1</width>
      </LineStyle>
      <PolyStyle>
        <color>55e6b06a</color>
        <fill>1</fill>
        <outline>1</outline>
      </PolyStyle>
      <BalloonStyle>
        <text><![CDATA[<h3>$[name]</h3>]]></text>
      </BalloonStyle>
    </Style>
    <Style id="poly-6AB0E6-1000-85-nodesc-highlight">
      <LineStyle>
        <color>ffe6b06a</color>
        <width>1.5</width>
      </LineStyle>
      <PolyStyle>
        <color>55e6b06a</color>
        <fill>1</fill>
        <outline>1</outline>
      </PolyStyle>
      <BalloonStyle>
        <text><![CDATA[<h3>$[name]</h3>]]></text>
      </BalloonStyle>
    </Style>
    <StyleMap id="poly-6AB0E6-1000-85-nodesc">
      <Pair>
        <key>normal</key>
        <styleUrl>#poly-6AB0E6-1000-85-nodesc-normal</styleUrl>
      </Pair>
      <Pair>
        <key>highlight</key>
        <styleUrl>#poly-6AB0E6-1000-85-nodesc-highlight</styleUrl>
      </Pair>
    </StyleMap>
    <Style id="poly-DCC8B4-1000-51-nodesc-normal">
      <LineStyle>
        <color>ffb4c8dc</color>
        <width>1</width>
      </LineStyle>
      <PolyStyle>
        <color>33b4c8dc</color>
        <fill>1</fill>
        <outline>1</outline>
      </PolyStyle>
      <BalloonStyle>
        <text><![CDATA[<h3>$[name]</h3>]]></text>
      </BalloonStyle>
    </Style>
    <Style id="poly-DCC8B4-1000-51-nodesc-highlight">
      <LineStyle>
        <color>ffb4c8dc</color>
        <width>1.5</width>
      </LineStyle>
      <PolyStyle>
        <color>33b4c8dc</color>
        <fill>1</fill>
        <outline>1</outline>
      </PolyStyle>
      <BalloonStyle>
        <text><![CDATA[<h3>$[name]</h3>]]></text>
      </BalloonStyle>
    </Style>
    <StyleMap id="poly-DCC8B4-1000-51-nodesc">
      <Pair>
        <key>normal</key>
        <styleUrl>#poly-DCC8B4-1000-51-nodesc-normal</styleUrl>
      </Pair>
      <Pair>
        <key>highlight</key>
        <styleUrl>#poly-DCC8B4-1000-51-nodesc-highlight</styleUrl>
      </Pair>
    </StyleMap>
    <Style id="poly-FFFFFF-1000-51-nodesc-normal">
      <LineStyle>
        <color>ffffffff</color>
        <width>1</width>
      </LineStyle>
      <PolyStyle>
        <color>33ffffff</color>
        <fill>1</fill>
        <outline>1</outline>
      </PolyStyle>
      <BalloonStyle>
        <text><![CDATA[<h3>$[name]</h3>]]></text>
      </BalloonStyle>
    </Style>
    <Style id="poly-FFFFFF-1000-51-nodesc-highlight">
      <LineStyle>
        <color>ffffffff</color>
        <width>1.5</width>
      </LineStyle>
      <PolyStyle>
        <color>33ffffff</color>
        <fill>1</fill>
        <outline>1</outline>
      </PolyStyle>
      <BalloonStyle>
        <text><![CDATA[<h3>$[name]</h3>]]></text>
      </BalloonStyle>
    </Style>
    <StyleMap id="poly-FFFFFF-1000-51-nodesc">
      <Pair>
        <key>normal</key>
        <styleUrl>#poly-FFFFFF-1000-51-nodesc-normal</styleUrl>
      </Pair>
      <Pair>
        <key>highlight</key>
        <styleUrl>#poly-FFFFFF-1000-51-nodesc-highlight</styleUrl>
      </Pair>
    </StyleMap>
    <Folder>
      <name>區域邊界</name>
      <Placemark>
        <name>薑區</name>
        <styleUrl>#poly-000000-1200-77-nodesc</styleUrl>
        <Polygon>
          <outerBoundaryIs>
            <LinearRing>
              <tessellate>1</tessellate>
              <coordinates>
                121.5089881,25.0312781,0
                121.5092935,25.0313043,0
                121.5094667,25.031472,0
                121.5093817,25.0315884,0
                121.5091192,25.0316482,0
                121.508807,25.0316147,0
                121.5088846,25.031426,0
                121.5090028,25.0313841,0
                121.5089881,25.0312781,0
              </coordinates>
            </LinearRing>
          </outerBoundaryIs>
        </Polygon>
      </Placemark>
      <Placemark>
        <name>竹區野花園</name>
        <styleUrl>#poly-000000-1200-77-nodesc</styleUrl>
        <Polygon>
          <outerBoundaryIs>
            <LinearRing>
              <tessellate>1</tessellate>
              <coordinates>
                121.5083633,25.0314298,0
                121.5083183,25.0315909,0
                121.5081283,25.0317345,0
                121.5080771,25.0315884,0
                121.5080171,25.0314971,0
                121.5080161,25.0313845,0
                121.5081355,25.0313079,0
                121.5082871,25.0314167,0
                121.5083633,25.0314298,0
              </coordinates>
            </LinearRing>
          </outerBoundaryIs>
        </Polygon>
      </Placemark>
      <Placemark>
        <name>水生植物區</name>
        <styleUrl>#poly-000000-1200-77-nodesc</styleUrl>
        <Polygon>
          <outerBoundaryIs>
            <LinearRing>
              <tessellate>1</tessellate>
              <coordinates>
                121.5081841,25.032017,0
                121.5081355,25.0319253,0
                121.5087181,25.0313528,0
                121.5087826,25.0314066,0
                121.5081841,25.032017,0
              </coordinates>
            </LinearRing>
          </outerBoundaryIs>
        </Polygon>
      </Placemark>
      <Placemark>
        <name>民族植物區</name>
        <styleUrl>#poly-000000-1200-77-nodesc</styleUrl>
        <Polygon>
          <outerBoundaryIs>
            <LinearRing>
              <tessellate>1</tessellate>
              <coordinates>
                121.5087763,25.0312746,0
                121.508372,25.031666,0
                121.5083355,25.0316007,0
                121.5083633,25.0314298,0
                121.5081965,25.0312643,0
                121.508612,25.0310076,0
                121.5087763,25.0312746,0
              </coordinates>
            </LinearRing>
          </outerBoundaryIs>
        </Polygon>
      </Placemark>
      <Placemark>
        <name>原生植物區</name>
        <styleUrl>#poly-000000-1200-77-nodesc</styleUrl>
        <Polygon>
          <outerBoundaryIs>
            <LinearRing>
              <tessellate>1</tessellate>
              <coordinates>
                121.5088369,25.0314508,0
                121.508774,25.031329,0
                121.5088377,25.0312403,0
                121.5089543,25.0312546,0
                121.5089821,25.0313387,0
                121.5089376,25.0314113,0
                121.5088369,25.0314508,0
              </coordinates>
            </LinearRing>
          </outerBoundaryIs>
        </Polygon>
      </Placemark>
      <Placemark>
        <name>棕櫚區</name>
        <styleUrl>#poly-000000-1200-77-nodesc</styleUrl>
        <Polygon>
          <outerBoundaryIs>
            <LinearRing>
              <tessellate>1</tessellate>
              <coordinates>
                121.5089931,25.0312589,0
                121.5088063,25.0312011,0
                121.508693,25.0309395,0
                121.5093029,25.0306413,0
                121.5094212,25.0309123,0
                121.5092626,25.0312962,0
                121.5089931,25.0312589,0
              </coordinates>
            </LinearRing>
          </outerBoundaryIs>
        </Polygon>
      </Placemark>
      <Placemark>
        <name>茜草科區</name>
        <styleUrl>#poly-000000-1200-77-nodesc</styleUrl>
        <Polygon>
          <outerBoundaryIs>
            <LinearRing>
              <tessellate>1</tessellate>
              <coordinates>
                121.5096204,25.0322439,0
                121.5094027,25.032208,0
                121.5092143,25.0316718,0
                121.5096158,25.0315009,0
                121.5096204,25.0322439,0
              </coordinates>
            </LinearRing>
          </outerBoundaryIs>
        </Polygon>
      </Placemark>
      <Placemark>
        <name>台灣地名植物區</name>
        <styleUrl>#poly-000000-1200-77-nodesc</styleUrl>
        <Polygon>
          <outerBoundaryIs>
            <LinearRing>
              <tessellate>1</tessellate>
              <coordinates>
                121.5086481,25.0319437,0
                121.5086824,25.0318044,0
                121.5089462,25.031879,0
                121.5090279,25.0316927,0
                121.5091192,25.0316482,0
                121.5092143,25.0316718,0
                121.5091032,25.0321099,0
                121.5086481,25.0319437,0
              </coordinates>
            </LinearRing>
          </outerBoundaryIs>
        </Polygon>
      </Placemark>
    </Folder>
    <Folder>
      <name>OSM參考底圖</name>
      <Placemark>
        <name>步道</name>
        <styleUrl>#line-555555-2000-nodesc</styleUrl>
        <LineString>
          <tessellate>1</tessellate>
          <coordinates>
            121.509561,25.031497,0
            121.50959,25.031495,0
            121.509887,25.031492,0
            121.50997,25.031495,0
            121.510067,25.031511,0
            121.510199,25.031559,0
            121.510299,25.031633,0
            121.51039,25.031737,0
            121.510402,25.031769,0
            121.510485,25.032053,0
            121.510489,25.032093,0
            121.510501,25.032179,0
            121.51052,25.032256,0
            121.510524,25.032316,0
            121.510524,25.032382,0
            121.510517,25.032434,0
            121.510513,25.032457,0
            121.510513,25.03258,0
            121.510522,25.032644,0
            121.510542,25.032706,0
            121.510577,25.032774,0
            121.510601,25.032816,0
            121.510613,25.032865,0
            121.510619,25.03291,0
            121.510603,25.03296,0
            121.510559,25.033003,0
            121.510516,25.033012,0
            121.51047,25.032991,0
            121.510414,25.032932,0
            121.510305,25.032822,0
            121.510178,25.03271,0
            121.510092,25.032648,0
            121.510022,25.032605,0
            121.509984,25.03258,0
            121.50989,25.032533,0
            121.509821,25.032477,0
            121.509779,25.03242,0
            121.509738,25.032357,0
            121.509691,25.032288,0
            121.509656,25.032218,0
            121.509614,25.03223,0
            121.5095,25.032238,0
            121.508953,25.032127,0
            121.50891,25.032304,0
            121.508908,25.032377,0
            121.50887,25.032447,0
            121.508873,25.032535,0
          </coordinates>
        </LineString>
      </Placemark>
      <Placemark>
        <name>步道</name>
        <styleUrl>#line-555555-2000-nodesc</styleUrl>
        <LineString>
          <tessellate>1</tessellate>
          <coordinates>
            121.508622,25.030899,0
            121.508665,25.03097,0
            121.508693,25.031016,0
            121.508726,25.031071,0
            121.508792,25.031181,0
            121.508843,25.031267,0
          </coordinates>
        </LineString>
      </Placemark>
      <Placemark>
        <name>步道</name>
        <styleUrl>#line-555555-2000-nodesc</styleUrl>
        <LineString>
          <tessellate>1</tessellate>
          <coordinates>
            121.51059,25.033637,0
            121.510587,25.033591,0
            121.510584,25.033545,0
            121.510579,25.033491,0
          </coordinates>
        </LineString>
      </Placemark>
      <Placemark>
        <name>南海路</name>
        <styleUrl>#line-999999-3000-nodesc</styleUrl>
        <LineString>
          <tessellate>1</tessellate>
          <coordinates>
            121.513646,25.031709,0
            121.513305,25.031622,0
            121.513137,25.031577,0
            121.512774,25.031479,0
            121.51241,25.031382,0
            121.512236,25.031339,0
            121.51216,25.03132,0
            121.512075,25.031293,0
            121.511517,25.031111,0
            121.511324,25.031063,0
            121.510507,25.030859,0
            121.510084,25.030754,0
            121.509547,25.03062,0
            121.509443,25.030592,0
            121.509281,25.030537,0
          </coordinates>
        </LineString>
      </Placemark>
      <Placemark>
        <name>莒光路</name>
        <styleUrl>#line-999999-3000-nodesc</styleUrl>
        <LineString>
          <tessellate>1</tessellate>
          <coordinates>
            121.507834,25.031319,0
            121.507722,25.031295,0
            121.507628,25.031283,0
            121.507528,25.03128,0
            121.507254,25.031277,0
            121.507072,25.031278,0
            121.507058,25.031277,0
            121.506867,25.031276,0
            121.50672,25.031274,0
            121.506626,25.031274,0
            121.505963,25.031278,0
            121.505894,25.031279,0
            121.504985,25.031284,0
            121.504937,25.031284,0
            121.504896,25.031284,0
            121.504284,25.031288,0
            121.504164,25.031288,0
          </coordinates>
        </LineString>
      </Placemark>
      <Placemark>
        <name>莒光路</name>
        <styleUrl>#line-999999-3000-nodesc</styleUrl>
        <LineString>
          <tessellate>1</tessellate>
          <coordinates>
            121.504151,25.031212,0
            121.504262,25.031214,0
            121.504892,25.031213,0
            121.504941,25.031213,0
            121.50495,25.031217,0
            121.505923,25.031202,0
            121.506696,25.031188,0
            121.506786,25.031187,0
            121.506938,25.031187,0
            121.5074,25.031192,0
            121.507643,25.031192,0
            121.507711,25.031217,0
            121.507778,25.031258,0
            121.507834,25.031319,0
          </coordinates>
        </LineString>
      </Placemark>
      <Placemark>
        <name>中華路二段75巷</name>
        <styleUrl>#line-999999-3000-nodesc</styleUrl>
        <LineString>
          <tessellate>1</tessellate>
          <coordinates>
            121.508237,25.033545,0
            121.508099,25.033551,0
            121.508049,25.033554,0
            121.507986,25.033558,0
            121.507899,25.033562,0
            121.507439,25.033597,0
            121.507366,25.033603,0
            121.507299,25.033608,0
            121.507063,25.033611,0
            121.506548,25.033639,0
            121.506503,25.033645,0
            121.506395,25.033658,0
            121.506219,25.033903,0
            121.506128,25.034016,0
            121.506051,25.034119,0
            121.505912,25.034311,0
            121.505854,25.034389,0
          </coordinates>
        </LineString>
      </Placemark>
      <Placemark>
        <name>和平西路二段</name>
        <styleUrl>#line-999999-3000-nodesc</styleUrl>
        <LineString>
          <tessellate>1</tessellate>
          <coordinates>
            121.509281,25.030537,0
            121.509094,25.030645,0
            121.509053,25.030668,0
            121.508713,25.030852,0
            121.508622,25.030899,0
            121.508565,25.030927,0
            121.508254,25.031096,0
            121.50803,25.031215,0
            121.507942,25.031261,0
            121.507834,25.031319,0
            121.507772,25.031375,0
            121.507448,25.03164,0
            121.507116,25.031925,0
            121.507016,25.032014,0
            121.506953,25.032073,0
            121.506432,25.032527,0
            121.505792,25.033056,0
            121.505409,25.033374,0
            121.50532,25.033448,0
          </coordinates>
        </LineString>
      </Placemark>
      <Placemark>
        <name>步道</name>
        <styleUrl>#line-555555-2000-nodesc</styleUrl>
        <LineString>
          <tessellate>1</tessellate>
          <coordinates>
            121.510524,25.032382,0
            121.510586,25.032394,0
            121.510612,25.032408,0
            121.510758,25.032436,0
            121.51093,25.03247,0
            121.510927,25.032482,0
            121.511,25.032499,0
            121.511061,25.032453,0
            121.511111,25.032437,0
            121.511146,25.032348,0
            121.511133,25.032285,0
            121.511176,25.032202,0
            121.511198,25.032135,0
            121.511232,25.03205,0
            121.511245,25.032004,0
            121.511243,25.031957,0
            121.511239,25.031929,0
            121.511224,25.031884,0
            121.511208,25.031851,0
            121.511211,25.03183,0
            121.511228,25.031807,0
          </coordinates>
        </LineString>
      </Placemark>
      <Placemark>
        <name>步道</name>
        <styleUrl>#line-555555-2000-nodesc</styleUrl>
        <LineString>
          <tessellate>1</tessellate>
          <coordinates>
            121.510579,25.033491,0
            121.510576,25.033461,0
            121.510524,25.03309,0
            121.510516,25.033012,0
          </coordinates>
        </LineString>
      </Placemark>
      <Placemark>
        <name>步道</name>
        <styleUrl>#line-555555-2000-nodesc</styleUrl>
        <LineString>
          <tessellate>1</tessellate>
          <coordinates>
            121.511791,25.031939,0
            121.511685,25.031892,0
            121.511505,25.031858,0
            121.511465,25.031856,0
          </coordinates>
        </LineString>
      </Placemark>
      <Placemark>
        <name>博愛路</name>
        <styleUrl>#line-999999-3000-nodesc</styleUrl>
        <LineString>
          <tessellate>1</tessellate>
          <coordinates>
            121.51059,25.033637,0
            121.510669,25.033703,0
            121.510732,25.034372,0
            121.510756,25.034623,0
            121.510773,25.034807,0
            121.510782,25.034908,0
            121.510792,25.035004,0
            121.510824,25.035353,0
            121.51078,25.035458,0
          </coordinates>
        </LineString>
      </Placemark>
      <Placemark>
        <name>博愛路</name>
        <styleUrl>#line-999999-3000-nodesc</styleUrl>
        <LineString>
          <tessellate>1</tessellate>
          <coordinates>
            121.51078,25.035458,0
            121.510721,25.03537,0
            121.510683,25.035015,0
            121.510673,25.034922,0
            121.510662,25.034822,0
            121.510621,25.034522,0
            121.510587,25.034204,0
            121.510557,25.033916,0
            121.510537,25.033717,0
            121.51059,25.033637,0
          </coordinates>
        </LineString>
      </Placemark>
      <Placemark>
        <name>重慶南路二段6巷</name>
        <styleUrl>#line-777777-3000-nodesc</styleUrl>
        <LineString>
          <tessellate>1</tessellate>
          <coordinates>
            121.512917,25.034449,0
            121.512812,25.034378,0
            121.512733,25.034327,0
            121.512678,25.034292,0
            121.512525,25.034208,0
            121.512147,25.034001,0
            121.512019,25.033963,0
            121.511573,25.033834,0
            121.511297,25.033754,0
            121.51113,25.033705,0
          </coordinates>
        </LineString>
      </Placemark>
      <Placemark>
        <name>重慶南路二段6巷</name>
        <styleUrl>#line-777777-3000-nodesc</styleUrl>
        <LineString>
          <tessellate>1</tessellate>
          <coordinates>
            121.51113,25.033705,0
            121.51112,25.033702,0
            121.510828,25.033625,0
            121.510802,25.033621,0
            121.510736,25.033636,0
            121.510657,25.033638,0
            121.51059,25.033637,0
          </coordinates>
        </LineString>
      </Placemark>
      <Placemark>
        <name>博愛路230巷</name>
        <styleUrl>#line-777777-3000-nodesc</styleUrl>
        <LineString>
          <tessellate>1</tessellate>
          <coordinates>
            121.509632,25.033727,0
            121.51004,25.033678,0
            121.510504,25.033642,0
            121.51059,25.033637,0
          </coordinates>
        </LineString>
      </Placemark>
      <Placemark>
        <name>廣州街4巷</name>
        <styleUrl>#line-777777-3000-nodesc</styleUrl>
        <LineString>
          <tessellate>1</tessellate>
          <coordinates>
            121.509856,25.035128,0
            121.509836,25.035068,0
            121.509771,25.034846,0
            121.509722,25.034657,0
            121.509719,25.034644,0
            121.509707,25.034601,0
            121.509678,25.034288,0
            121.509651,25.034002,0
            121.509632,25.033727,0
            121.509601,25.033245,0
          </coordinates>
        </LineString>
      </Placemark>
      <Placemark>
        <name>廣州街8巷</name>
        <styleUrl>#line-999999-3000-nodesc</styleUrl>
        <LineString>
          <tessellate>1</tessellate>
          <coordinates>
            121.508237,25.033545,0
            121.508238,25.033605,0
            121.508255,25.034188,0
            121.508268,25.034627,0
            121.50827,25.034676,0
            121.508274,25.03476,0
            121.508287,25.03504,0
            121.50829,25.035234,0
            121.508302,25.035482,0
            121.508312,25.035556,0
          </coordinates>
        </LineString>
      </Placemark>
      <Placemark>
        <name>步道</name>
        <styleUrl>#line-777777-3000-nodesc</styleUrl>
        <LineString>
          <tessellate>1</tessellate>
          <coordinates>
            121.507986,25.033558,0
            121.507987,25.03359,0
            121.508,25.03386,0
            121.508008,25.034254,0
          </coordinates>
        </LineString>
      </Placemark>
      <Placemark>
        <name>延平南路205巷</name>
        <styleUrl>#line-777777-3000-nodesc</styleUrl>
        <LineString>
          <tessellate>1</tessellate>
          <coordinates>
            121.507983,25.03294,0
            121.507397,25.032928,0
            121.507339,25.032917,0
          </coordinates>
        </LineString>
      </Placemark>
      <Placemark>
        <name>延平南路195巷</name>
        <styleUrl>#line-777777-3000-nodesc</styleUrl>
        <LineString>
          <tessellate>1</tessellate>
          <coordinates>
            121.507347,25.033205,0
            121.507406,25.033201,0
            121.508029,25.033172,0
          </coordinates>
        </LineString>
      </Placemark>
      <Placemark>
        <name>步道</name>
        <styleUrl>#line-777777-3000-nodesc</styleUrl>
        <LineString>
          <tessellate>1</tessellate>
          <coordinates>
            121.508029,25.033172,0
            121.508031,25.033204,0
            121.508044,25.033365,0
            121.508048,25.033509,0
            121.508049,25.033554,0
          </coordinates>
        </LineString>
      </Placemark>
      <Placemark>
        <name>步道</name>
        <styleUrl>#line-555555-2000-nodesc</styleUrl>
        <LineString>
          <tessellate>1</tessellate>
          <coordinates>
            121.510559,25.033003,0
            121.510618,25.033058,0
            121.51065,25.033081,0
            121.510675,25.033094,0
            121.510713,25.033094,0
            121.510745,25.033079,0
            121.510754,25.03306,0
            121.510752,25.033039,0
            121.510715,25.032972,0
            121.510681,25.032933,0
            121.510681,25.032902,0
            121.510702,25.03287,0
            121.510736,25.032814,0
            121.510739,25.032778,0
            121.510734,25.032731,0
            121.510745,25.032722,0
            121.510787,25.032685,0
            121.510847,25.032656,0
            121.510817,25.032593,0
          </coordinates>
        </LineString>
      </Placemark>
      <Placemark>
        <name>步道</name>
        <styleUrl>#line-555555-2000-nodesc</styleUrl>
        <LineString>
          <tessellate>1</tessellate>
          <coordinates>
            121.510921,25.03163,0
            121.510853,25.031612,0
            121.51086,25.031574,0
            121.510787,25.03154,0
            121.510759,25.031485,0
            121.510734,25.031469,0
            121.510672,25.031457,0
            121.510622,25.03147,0
            121.510561,25.03151,0
          </coordinates>
        </LineString>
      </Placemark>
      <Placemark>
        <name>步道</name>
        <styleUrl>#line-555555-2000-nodesc</styleUrl>
        <LineString>
          <tessellate>1</tessellate>
          <coordinates>
            121.512095,25.031491,0
            121.511627,25.031378,0
            121.511597,25.031414,0
            121.511169,25.03132,0
            121.510966,25.031273,0
            121.510946,25.031344,0
            121.510832,25.031321,0
          </coordinates>
        </LineString>
      </Placemark>
      <Placemark>
        <name>重慶南路二段8巷</name>
        <styleUrl>#line-777777-3000-nodesc</styleUrl>
        <LineString>
          <tessellate>1</tessellate>
          <coordinates>
            121.513137,25.033833,0
            121.513072,25.033811,0
            121.512946,25.033728,0
            121.51273,25.033682,0
            121.512675,25.033657,0
            121.512623,25.033596,0
            121.512562,25.033554,0
            121.512048,25.033422,0
            121.512003,25.033326,0
            121.511517,25.033197,0
            121.51133,25.033146,0
            121.511316,25.033143,0
            121.510844,25.033118,0
          </coordinates>
        </LineString>
      </Placemark>
      <Placemark>
        <name>步道</name>
        <styleUrl>#line-777777-3000-nodesc</styleUrl>
        <LineString>
          <tessellate>1</tessellate>
          <coordinates>
            121.511791,25.031939,0
            121.511693,25.032192,0
            121.511684,25.032395,0
            121.511457,25.032396,0
          </coordinates>
        </LineString>
      </Placemark>
      <Placemark>
        <name>重慶南路二段8巷16弄</name>
        <styleUrl>#line-777777-3000-nodesc</styleUrl>
        <LineString>
          <tessellate>1</tessellate>
          <coordinates>
            121.51133,25.033146,0
            121.51113,25.033705,0
          </coordinates>
        </LineString>
      </Placemark>
      <Placemark>
        <name>步道</name>
        <styleUrl>#line-777777-3000-nodesc</styleUrl>
        <LineString>
          <tessellate>1</tessellate>
          <coordinates>
            121.510507,25.030859,0
            121.510468,25.030985,0
            121.51045,25.031044,0
            121.51039,25.031234,0
            121.509967,25.031125,0
            121.510027,25.030935,0
            121.510045,25.030878,0
            121.510084,25.030754,0
          </coordinates>
        </LineString>
      </Placemark>
      <Placemark>
        <name>步道</name>
        <styleUrl>#line-555555-2000-nodesc</styleUrl>
        <LineString>
          <tessellate>1</tessellate>
          <coordinates>
            121.50819,25.032972,0
            121.508187,25.032973,0
            121.508012,25.032985,0
            121.508,25.032987,0
          </coordinates>
        </LineString>
      </Placemark>
      <Placemark>
        <name>步道</name>
        <styleUrl>#line-555555-2000-nodesc</styleUrl>
        <LineString>
          <tessellate>1</tessellate>
          <coordinates>
            121.51061,25.033489,0
            121.510584,25.033545,0
            121.51055,25.033496,0
            121.510576,25.033461,0
            121.51061,25.033489,0
          </coordinates>
        </LineString>
      </Placemark>
      <Placemark>
        <name>步道</name>
        <styleUrl>#line-555555-2000-nodesc</styleUrl>
        <LineString>
          <tessellate>1</tessellate>
          <coordinates>
            121.510517,25.032434,0
            121.510463,25.032425,0
            121.509722,25.032293,0
            121.509691,25.032288,0
          </coordinates>
        </LineString>
      </Placemark>
      <Placemark>
        <name>步道</name>
        <styleUrl>#line-555555-2000-nodesc</styleUrl>
        <LineString>
          <tessellate>1</tessellate>
          <coordinates>
            121.509494,25.031468,0
            121.509473,25.031431,0
            121.50938,25.03135,0
            121.509246,25.031298,0
            121.509161,25.031286,0
            121.509049,25.031276,0
            121.508978,25.031277,0
            121.508946,25.031284,0
          </coordinates>
        </LineString>
      </Placemark>
      <Placemark>
        <name>步道</name>
        <styleUrl>#line-555555-2000-nodesc</styleUrl>
        <LineString>
          <tessellate>1</tessellate>
          <coordinates>
            121.50954,25.031597,0
            121.509543,25.031624,0
            121.509544,25.031633,0
            121.509571,25.031897,0
            121.509621,25.032077,0
            121.509645,25.032164,0
            121.509656,25.032218,0
          </coordinates>
        </LineString>
      </Placemark>
      <Placemark>
        <name>和平西路二段104巷</name>
        <styleUrl>#line-999999-3000-nodesc</styleUrl>
        <LineString>
          <tessellate>1</tessellate>
          <coordinates>
            121.507767,25.030541,0
            121.507794,25.03059,0
            121.507819,25.030629,0
            121.507886,25.030704,0
            121.508186,25.030939,0
            121.508257,25.030995,0
          </coordinates>
        </LineString>
      </Placemark>
      <Placemark>
        <name>和平西路二段</name>
        <styleUrl>#line-999999-3000-nodesc</styleUrl>
        <LineString>
          <tessellate>1</tessellate>
          <coordinates>
            121.505265,25.033357,0
            121.505367,25.033309,0
            121.505786,25.032951,0
            121.506613,25.032249,0
            121.506697,25.032178,0
            121.50689,25.032014,0
            121.506954,25.031956,0
            121.507049,25.031863,0
            121.507096,25.031822,0
            121.507119,25.031803,0
            121.507394,25.031571,0
            121.507605,25.031394,0
            121.507645,25.03136,0
            121.507722,25.031295,0
            121.507778,25.031258,0
            121.50789,25.031195,0
            121.508257,25.030995,0
            121.508872,25.030657,0
            121.509043,25.030563,0
            121.509194,25.03048,0
          </coordinates>
        </LineString>
      </Placemark>
      <Placemark>
        <name>步道</name>
        <styleUrl>#line-777777-3000-nodesc</styleUrl>
        <LineString>
          <tessellate>1</tessellate>
          <coordinates>
            121.5074,25.031192,0
            121.507372,25.031128,0
            121.507272,25.030888,0
            121.507429,25.030827,0
          </coordinates>
        </LineString>
      </Placemark>
      <Placemark>
        <name>步道</name>
        <styleUrl>#line-555555-2000-nodesc</styleUrl>
        <LineString>
          <tessellate>1</tessellate>
          <coordinates>
            121.509157,25.031688,0
            121.509267,25.031643,0
          </coordinates>
        </LineString>
      </Placemark>
      <Placemark>
        <name>步道</name>
        <styleUrl>#line-555555-2000-nodesc</styleUrl>
        <LineString>
          <tessellate>1</tessellate>
          <coordinates>
            121.50819,25.032972,0
            121.508253,25.032828,0
            121.508301,25.032757,0
            121.508405,25.032713,0
            121.508622,25.032709,0
          </coordinates>
        </LineString>
      </Placemark>
      <Placemark>
        <name>步道</name>
        <styleUrl>#line-555555-2000-nodesc</styleUrl>
        <LineString>
          <tessellate>1</tessellate>
          <coordinates>
            121.508953,25.032127,0
            121.508978,25.031996,0
            121.508994,25.031923,0
            121.50902,25.031808,0
            121.509035,25.031743,0
            121.509157,25.031688,0
          </coordinates>
        </LineString>
      </Placemark>
      <Placemark>
        <name>步道</name>
        <styleUrl>#line-555555-2000-nodesc</styleUrl>
        <LineString>
          <tessellate>1</tessellate>
          <coordinates>
            121.510817,25.032593,0
            121.51079,25.032584,0
            121.510754,25.032596,0
            121.51072,25.032616,0
            121.510702,25.032639,0
            121.510683,25.032688,0
            121.51066,25.032738,0
            121.510614,25.032758,0
            121.510577,25.032774,0
          </coordinates>
        </LineString>
      </Placemark>
      <Placemark>
        <name>步道</name>
        <styleUrl>#line-777777-3000-nodesc</styleUrl>
        <LineString>
          <tessellate>1</tessellate>
          <coordinates>
            121.512161,25.031041,0
            121.511452,25.03086,0
            121.511646,25.030205,0
          </coordinates>
        </LineString>
      </Placemark>
      <Placemark>
        <name>步道</name>
        <styleUrl>#line-777777-3000-nodesc</styleUrl>
        <LineString>
          <tessellate>1</tessellate>
          <coordinates>
            121.511573,25.033834,0
            121.511574,25.03382,0
            121.511584,25.033764,0
            121.511591,25.03373,0
            121.511574,25.033682,0
            121.511523,25.033655,0
            121.511489,25.033639,0
            121.511429,25.033631,0
            121.511365,25.033642,0
            121.511316,25.033714,0
            121.5113,25.033745,0
            121.511297,25.033754,0
          </coordinates>
        </LineString>
      </Placemark>
      <Placemark>
        <name>步道</name>
        <styleUrl>#line-555555-2000-nodesc</styleUrl>
        <LineString>
          <tessellate>1</tessellate>
          <coordinates>
            121.510513,25.032457,0
            121.510913,25.032536,0
            121.510927,25.032482,0
          </coordinates>
        </LineString>
      </Placemark>
      <Placemark>
        <name>步道</name>
        <styleUrl>#line-777777-3000-nodesc</styleUrl>
        <LineString>
          <tessellate>1</tessellate>
          <coordinates>
            121.510828,25.033625,0
            121.510832,25.033614,0
            121.510909,25.033593,0
            121.511058,25.033622,0
            121.511127,25.033525,0
          </coordinates>
        </LineString>
      </Placemark>
      <Placemark>
        <name>步道</name>
        <styleUrl>#line-555555-2000-nodesc</styleUrl>
        <LineString>
          <tessellate>1</tessellate>
          <coordinates>
            121.511363,25.033563,0
            121.511409,25.033576,0
          </coordinates>
        </LineString>
      </Placemark>
      <Placemark>
        <name>步道</name>
        <styleUrl>#line-555555-2000-nodesc</styleUrl>
        <LineString>
          <tessellate>1</tessellate>
          <coordinates>
            121.511543,25.03353,0
            121.511547,25.033521,0
          </coordinates>
        </LineString>
      </Placemark>
      <Placemark>
        <name>步道</name>
        <styleUrl>#line-555555-2000-nodesc</styleUrl>
        <LineString>
          <tessellate>1</tessellate>
          <coordinates>
            121.511543,25.03353,0
            121.511547,25.033529,0
            121.511583,25.033541,0
          </coordinates>
        </LineString>
      </Placemark>
      <Placemark>
        <name>步道</name>
        <styleUrl>#line-555555-2000-nodesc</styleUrl>
        <LineString>
          <tessellate>1</tessellate>
          <coordinates>
            121.507543,25.031692,0
            121.507933,25.031378,0
            121.508,25.031331,0
            121.508665,25.03097,0
            121.509138,25.030717,0
            121.50923,25.030667,0
            121.509268,25.030676,0
            121.510045,25.030878,0
            121.510468,25.030985,0
            121.51202,25.031392,0
            121.512126,25.031419,0
          </coordinates>
        </LineString>
      </Placemark>
      <Placemark>
        <name>步道</name>
        <styleUrl>#line-555555-2000-nodesc</styleUrl>
        <LineString>
          <tessellate>1</tessellate>
          <coordinates>
            121.509575,25.030569,0
            121.511336,25.031026,0
            121.512095,25.031223,0
            121.512184,25.031246,0
            121.512233,25.031258,0
            121.513578,25.031588,0
          </coordinates>
        </LineString>
      </Placemark>
      <Placemark>
        <name>步道</name>
        <styleUrl>#line-555555-2000-nodesc</styleUrl>
        <LineString>
          <tessellate>1</tessellate>
          <coordinates>
            121.509074,25.032786,0
            121.509171,25.032777,0
          </coordinates>
        </LineString>
      </Placemark>
      <Placemark>
        <name>步道</name>
        <styleUrl>#line-555555-2000-nodesc</styleUrl>
        <LineString>
          <tessellate>1</tessellate>
          <coordinates>
            121.509171,25.032777,0
            121.509582,25.032656,0
            121.509638,25.032639,0
            121.509743,25.032611,0
            121.509851,25.032577,0
            121.50989,25.032533,0
          </coordinates>
        </LineString>
      </Placemark>
      <Placemark>
        <name>步道</name>
        <styleUrl>#line-555555-2000-nodesc</styleUrl>
        <LineString>
          <tessellate>1</tessellate>
          <coordinates>
            121.510734,25.032731,0
            121.510694,25.032741,0
            121.51066,25.032738,0
          </coordinates>
        </LineString>
      </Placemark>
      <Placemark>
        <name>步道</name>
        <styleUrl>#line-555555-2000-nodesc</styleUrl>
        <LineString>
          <tessellate>1</tessellate>
          <coordinates>
            121.50835,25.035469,0
            121.508336,25.035225,0
            121.508333,25.035025,0
            121.508319,25.034741,0
            121.508317,25.034696,0
            121.508316,25.034675,0
            121.508315,25.034649,0
            121.508292,25.033603,0
            121.50829,25.033518,0
          </coordinates>
        </LineString>
      </Placemark>
      <Placemark>
        <name>步道</name>
        <styleUrl>#line-555555-2000-nodesc</styleUrl>
        <LineString>
          <tessellate>1</tessellate>
          <coordinates>
            121.508805,25.031532,0
            121.508825,25.031452,0
          </coordinates>
        </LineString>
      </Placemark>
      <Placemark>
        <name>重慶南路二段8巷10弄</name>
        <styleUrl>#line-777777-3000-nodesc</styleUrl>
        <LineString>
          <tessellate>1</tessellate>
          <coordinates>
            121.511517,25.033197,0
            121.511582,25.033039,0
            121.51186,25.0331,0
          </coordinates>
        </LineString>
      </Placemark>
      <Placemark>
        <name>重慶南路二段8巷10弄</name>
        <styleUrl>#line-777777-3000-nodesc</styleUrl>
        <LineString>
          <tessellate>1</tessellate>
          <coordinates>
            121.511582,25.033039,0
            121.510974,25.032888,0
          </coordinates>
        </LineString>
      </Placemark>
      <Placemark>
        <name>步道</name>
        <styleUrl>#line-555555-2000-nodesc</styleUrl>
        <LineString>
          <tessellate>1</tessellate>
          <coordinates>
            121.51004,25.033678,0
            121.510008,25.033356,0
          </coordinates>
        </LineString>
      </Placemark>
      <Placemark>
        <name>博愛路224巷2弄</name>
        <styleUrl>#line-555555-2000-nodesc</styleUrl>
        <LineString>
          <tessellate>1</tessellate>
          <coordinates>
            121.510073,25.033965,0
            121.51004,25.033678,0
          </coordinates>
        </LineString>
      </Placemark>
      <Placemark>
        <name>步道</name>
        <styleUrl>#line-555555-2000-nodesc</styleUrl>
        <LineString>
          <tessellate>1</tessellate>
          <coordinates>
            121.51112,25.033702,0
            121.511316,25.033143,0
          </coordinates>
        </LineString>
      </Placemark>
      <Placemark>
        <name>步道</name>
        <styleUrl>#line-555555-2000-nodesc</styleUrl>
        <LineString>
          <tessellate>1</tessellate>
          <coordinates>
            121.510718,25.033701,0
            121.51079,25.034365,0
            121.510825,25.034618,0
            121.51084,25.034799,0
          </coordinates>
        </LineString>
      </Placemark>
      <Placemark>
        <name>步道</name>
        <styleUrl>#line-555555-2000-nodesc</styleUrl>
        <LineString>
          <tessellate>1</tessellate>
          <coordinates>
            121.510475,25.033693,0
            121.510504,25.033642,0
            121.510526,25.033606,0
            121.510587,25.033591,0
            121.510629,25.0336,0
            121.510657,25.033638,0
            121.510718,25.033701,0
          </coordinates>
        </LineString>
      </Placemark>
      <Placemark>
        <name>步道</name>
        <styleUrl>#line-555555-2000-nodesc</styleUrl>
        <LineString>
          <tessellate>1</tessellate>
          <coordinates>
            121.510604,25.034829,0
            121.510595,25.034721,0
            121.510565,25.034524,0
            121.510529,25.034209,0
            121.510497,25.033922,0
            121.510475,25.033693,0
          </coordinates>
        </LineString>
      </Placemark>
      <Placemark>
        <name>步道</name>
        <styleUrl>#line-777777-3000-nodesc</styleUrl>
        <LineString>
          <tessellate>1</tessellate>
          <coordinates>
            121.51216,25.03132,0
            121.512126,25.031419,0
            121.512111,25.031448,0
            121.512095,25.031491,0
            121.512068,25.031667,0
            121.512048,25.031821,0
            121.512026,25.031909,0
            121.511973,25.031902,0
            121.511921,25.031902,0
            121.511869,25.031911,0
            121.511829,25.031923,0
            121.511791,25.031939,0
          </coordinates>
        </LineString>
      </Placemark>
      <Placemark>
        <name>和平西路二段75巷</name>
        <styleUrl>#line-777777-3000-nodesc</styleUrl>
        <LineString>
          <tessellate>1</tessellate>
          <coordinates>
            121.507314,25.032583,0
            121.507374,25.032578,0
            121.507379,25.032578,0
            121.507994,25.032517,0
          </coordinates>
        </LineString>
      </Placemark>
      <Placemark>
        <name>步道</name>
        <styleUrl>#line-555555-2000-nodesc</styleUrl>
        <LineString>
          <tessellate>1</tessellate>
          <coordinates>
            121.507438,25.033663,0
            121.507439,25.033597,0
            121.507428,25.033541,0
          </coordinates>
        </LineString>
      </Placemark>
      <Placemark>
        <name>步道</name>
        <styleUrl>#line-555555-2000-nodesc</styleUrl>
        <LineString>
          <tessellate>1</tessellate>
          <coordinates>
            121.507309,25.033674,0
            121.507376,25.033673,0
            121.507438,25.033663,0
          </coordinates>
        </LineString>
      </Placemark>
      <Placemark>
        <name>步道</name>
        <styleUrl>#line-555555-2000-nodesc</styleUrl>
        <LineString>
          <tessellate>1</tessellate>
          <coordinates>
            121.507428,25.033541,0
            121.507362,25.033547,0
            121.507296,25.033552,0
            121.507299,25.033608,0
            121.507309,25.033674,0
          </coordinates>
        </LineString>
      </Placemark>
      <Placemark>
        <name>步道</name>
        <styleUrl>#line-777777-3000-nodesc</styleUrl>
        <LineString>
          <tessellate>1</tessellate>
          <coordinates>
            121.510891,25.033799,0
            121.510791,25.033702,0
            121.510736,25.033636,0
          </coordinates>
        </LineString>
      </Placemark>
      <Placemark>
        <name>和平西路二段75巷</name>
        <styleUrl>#line-777777-3000-nodesc</styleUrl>
        <LineString>
          <tessellate>1</tessellate>
          <coordinates>
            121.507448,25.03164,0
            121.507516,25.031713,0
            121.507603,25.031806,0
            121.507381,25.031984,0
          </coordinates>
        </LineString>
      </Placemark>
      <Placemark>
        <name>步道</name>
        <styleUrl>#line-555555-2000-nodesc</styleUrl>
        <LineString>
          <tessellate>1</tessellate>
          <coordinates>
            121.508792,25.029788,0
            121.508826,25.029799,0
            121.508857,25.029837,0
            121.50903,25.030461,0
            121.509023,25.030483,0
            121.509003,25.030498,0
            121.508279,25.030888,0
            121.508206,25.030927,0
          </coordinates>
        </LineString>
      </Placemark>
      <Placemark>
        <name>步道</name>
        <styleUrl>#line-555555-2000-nodesc</styleUrl>
        <LineString>
          <tessellate>1</tessellate>
          <coordinates>
            121.507438,25.033663,0
            121.507441,25.033694,0
            121.507558,25.034341,0
          </coordinates>
        </LineString>
      </Placemark>
      <Placemark>
        <name>步道</name>
        <styleUrl>#line-555555-2000-nodesc</styleUrl>
        <LineString>
          <tessellate>1</tessellate>
          <coordinates>
            121.507412,25.033253,0
            121.507352,25.033257,0
            121.507292,25.033259,0
            121.507286,25.033208,0
            121.507285,25.033167,0
            121.507343,25.033165,0
            121.507404,25.033162,0
            121.507406,25.033201,0
            121.507412,25.033253,0
          </coordinates>
        </LineString>
      </Placemark>
      <Placemark>
        <name>步道</name>
        <styleUrl>#line-555555-2000-nodesc</styleUrl>
        <LineString>
          <tessellate>1</tessellate>
          <coordinates>
            121.511462,25.031896,0
            121.511463,25.031926,0
            121.511465,25.031961,0
            121.511463,25.031981,0
            121.511457,25.031998,0
            121.51145,25.032009,0
            121.511448,25.032024,0
            121.511452,25.032041,0
            121.51147,25.032064,0
            121.511473,25.03209,0
            121.511468,25.032121,0
            121.511442,25.032159,0
            121.511462,25.03222,0
            121.511508,25.032209,0
            121.511564,25.032176,0
            121.511573,25.032137,0
            121.511573,25.032103,0
            121.511604,25.032072,0
            121.511606,25.032035,0
            121.511598,25.03202,0
            121.51158,25.032005,0
            121.51155,25.031991,0
            121.511503,25.031967,0
            121.511463,25.031926,0
          </coordinates>
        </LineString>
      </Placemark>
      <Placemark>
        <name>步道</name>
        <styleUrl>#line-555555-2000-nodesc</styleUrl>
        <LineString>
          <tessellate>1</tessellate>
          <coordinates>
            121.511198,25.032135,0
            121.511223,25.032146,0
            121.51128,25.032146,0
            121.51134,25.032162,0
            121.511427,25.032159,0
            121.511442,25.032159,0
          </coordinates>
        </LineString>
      </Placemark>
      <Placemark>
        <name>步道</name>
        <styleUrl>#line-555555-2000-nodesc</styleUrl>
        <LineString>
          <tessellate>1</tessellate>
          <coordinates>
            121.511,25.032499,0
            121.511034,25.032518,0
            121.511084,25.032525,0
          </coordinates>
        </LineString>
      </Placemark>
      <Placemark>
        <name>步道</name>
        <styleUrl>#line-555555-2000-nodesc</styleUrl>
        <LineString>
          <tessellate>1</tessellate>
          <coordinates>
            121.511111,25.032437,0
            121.511161,25.032437,0
            121.511212,25.032434,0
            121.511243,25.032438,0
            121.511279,25.032443,0
            121.511319,25.03243,0
            121.511346,25.032412,0
            121.511368,25.03237,0
            121.511364,25.032329,0
            121.511368,25.032283,0
            121.511386,25.032258,0
            121.511428,25.032241,0
            121.511462,25.03222,0
          </coordinates>
        </LineString>
      </Placemark>
      <Placemark>
        <name>步道</name>
        <styleUrl>#line-555555-2000-nodesc</styleUrl>
        <LineString>
          <tessellate>1</tessellate>
          <coordinates>
            121.510067,25.031511,0
            121.510077,25.031482,0
            121.510088,25.031447,0
          </coordinates>
        </LineString>
      </Placemark>
      <Placemark>
        <name>步道</name>
        <styleUrl>#line-555555-2000-nodesc</styleUrl>
        <LineString>
          <tessellate>1</tessellate>
          <coordinates>
            121.510758,25.032436,0
            121.510742,25.032405,0
            121.510733,25.032369,0
            121.510702,25.032339,0
            121.510659,25.032346,0
            121.510612,25.032342,0
            121.510561,25.032313,0
            121.51052,25.032256,0
          </coordinates>
        </LineString>
      </Placemark>
      <Placemark>
        <name>步道</name>
        <styleUrl>#line-555555-2000-nodesc</styleUrl>
        <LineString>
          <tessellate>1</tessellate>
          <coordinates>
            121.509614,25.03223,0
            121.509597,25.032178,0
            121.509569,25.032092,0
            121.509454,25.031956,0
            121.509526,25.031908,0
            121.509493,25.031638,0
            121.509491,25.031628,0
            121.509488,25.031598,0
          </coordinates>
        </LineString>
      </Placemark>
      <Placemark>
        <name>步道</name>
        <styleUrl>#line-555555-2000-nodesc</styleUrl>
        <LineString>
          <tessellate>1</tessellate>
          <coordinates>
            121.508135,25.031986,0
            121.508125,25.031966,0
            121.508108,25.03193,0
            121.507994,25.031848,0
            121.507928,25.031801,0
            121.50787,25.031768,0
            121.50779,25.031773,0
          </coordinates>
        </LineString>
      </Placemark>
      <Placemark>
        <name>步道</name>
        <styleUrl>#line-555555-2000-nodesc</styleUrl>
        <LineString>
          <tessellate>1</tessellate>
          <coordinates>
            121.508798,25.031353,0
            121.508722,25.031387,0
            121.508611,25.031435,0
            121.508526,25.031532,0
            121.508453,25.03163,0
            121.508135,25.031986,0
            121.508144,25.032021,0
          </coordinates>
        </LineString>
      </Placemark>
      <Placemark>
        <name>步道</name>
        <styleUrl>#line-555555-2000-nodesc</styleUrl>
        <LineString>
          <tessellate>1</tessellate>
          <coordinates>
            121.510561,25.03151,0
            121.510524,25.031587,0
            121.510431,25.031626,0
            121.510444,25.031727,0
            121.51039,25.031737,0
          </coordinates>
        </LineString>
      </Placemark>
      <Placemark>
        <name>步道</name>
        <styleUrl>#line-555555-2000-nodesc</styleUrl>
        <LineString>
          <tessellate>1</tessellate>
          <coordinates>
            121.511471,25.031812,0
            121.511465,25.031856,0
            121.511462,25.031896,0
          </coordinates>
        </LineString>
      </Placemark>
      <Placemark>
        <name>步道</name>
        <styleUrl>#line-555555-2000-nodesc</styleUrl>
        <LineString>
          <tessellate>1</tessellate>
          <coordinates>
            121.511228,25.031807,0
            121.511273,25.031756,0
            121.511393,25.0317,0
            121.511419,25.031697,0
            121.511464,25.031711,0
            121.511482,25.031745,0
            121.511471,25.031812,0
          </coordinates>
        </LineString>
      </Placemark>
      <Placemark>
        <name>步道</name>
        <styleUrl>#line-555555-2000-nodesc</styleUrl>
        <LineString>
          <tessellate>1</tessellate>
          <coordinates>
            121.508864,25.03126,0
            121.508887,25.031259,0
            121.508909,25.031262,0
            121.508929,25.031271,0
            121.508946,25.031284,0
            121.508959,25.031301,0
            121.508967,25.03132,0
            121.508969,25.03134,0
            121.508965,25.03136,0
            121.508955,25.031379,0
            121.508941,25.031394,0
            121.508922,25.031406,0
            121.508901,25.031413,0
            121.508879,25.031415,0
            121.508856,25.031411,0
            121.508836,25.031402,0
            121.508819,25.031389,0
            121.508806,25.031372,0
            121.508798,25.031353,0
            121.508797,25.031333,0
            121.508801,25.031313,0
            121.50881,25.031294,0
            121.508825,25.031279,0
            121.508843,25.031267,0
            121.508864,25.03126,0
          </coordinates>
        </LineString>
      </Placemark>
      <Placemark>
        <name>步道</name>
        <styleUrl>#line-555555-2000-nodesc</styleUrl>
        <LineString>
          <tessellate>1</tessellate>
          <coordinates>
            121.508551,25.032562,0
            121.508528,25.032563,0
            121.508487,25.032567,0
            121.508385,25.032598,0
            121.508319,25.032628,0
            121.508197,25.032726,0
            121.508154,25.032747,0
            121.508136,25.032744,0
            121.508123,25.032709,0
            121.50812,25.032653,0
            121.508109,25.032576,0
            121.50811,25.03254,0
            121.50813,25.032481,0
            121.508128,25.032445,0
            121.508116,25.032387,0
            121.508093,25.032338,0
            121.508079,25.032295,0
            121.50808,25.03227,0
            121.508106,25.032198,0
            121.508108,25.032178,0
          </coordinates>
        </LineString>
      </Placemark>
      <Placemark>
        <name>步道</name>
        <styleUrl>#line-555555-2000-nodesc</styleUrl>
        <LineString>
          <tessellate>1</tessellate>
          <coordinates>
            121.50997,25.031495,0
            121.50997,25.031556,0
            121.509949,25.031589,0
            121.509892,25.03159,0
            121.509864,25.031599,0
            121.50983,25.031619,0
            121.509807,25.031662,0
            121.509795,25.031796,0
            121.509773,25.031834,0
            121.509741,25.031871,0
            121.509733,25.031898,0
            121.509737,25.031926,0
            121.509755,25.031956,0
            121.509777,25.031981,0
            121.509788,25.032007,0
            121.509789,25.032035,0
            121.509758,25.032094,0
            121.509749,25.032131,0
            121.509748,25.032154,0
            121.509756,25.032181,0
            121.509794,25.032202,0
            121.509832,25.032221,0
            121.509927,25.032244,0
            121.510016,25.032251,0
            121.51009,25.032239,0
            121.510164,25.032218,0
            121.510201,25.032196,0
            121.510228,25.032147,0
            121.510229,25.032109,0
            121.510206,25.032055,0
            121.510095,25.031965,0
            121.510097,25.031947,0
            121.510125,25.031901,0
            121.510144,25.031874,0
            121.510143,25.031852,0
            121.510132,25.031831,0
            121.509983,25.031718,0
            121.509964,25.031699,0
            121.509954,25.031675,0
            121.509958,25.031639,0
            121.509949,25.03161,0
            121.509949,25.031589,0
          </coordinates>
        </LineString>
      </Placemark>
      <Placemark>
        <name>步道</name>
        <styleUrl>#line-555555-2000-nodesc</styleUrl>
        <LineString>
          <tessellate>1</tessellate>
          <coordinates>
            121.508156,25.032063,0
            121.508178,25.03214,0
            121.508194,25.032183,0
            121.508243,25.032266,0
            121.508318,25.032352,0
            121.508355,25.032389,0
            121.508412,25.032446,0
            121.508551,25.032562,0
            121.508636,25.032632,0
          </coordinates>
        </LineString>
      </Placemark>
      <Placemark>
        <name>步道</name>
        <styleUrl>#line-555555-2000-nodesc</styleUrl>
        <LineString>
          <tessellate>1</tessellate>
          <coordinates>
            121.508144,25.032021,0
            121.508156,25.032063,0
          </coordinates>
        </LineString>
      </Placemark>
      <Placemark>
        <name>和平西路二段75巷</name>
        <styleUrl>#line-777777-3000-nodesc</styleUrl>
        <LineString>
          <tessellate>1</tessellate>
          <coordinates>
            121.507603,25.031806,0
            121.507614,25.031817,0
            121.507641,25.031845,0
            121.507432,25.032018,0
            121.507406,25.032095,0
            121.507431,25.032186,0
            121.50763,25.032278,0
            121.507912,25.032249,0
          </coordinates>
        </LineString>
      </Placemark>
      <Placemark>
        <name>和平西路二段75巷</name>
        <styleUrl>#line-555555-2000-nodesc</styleUrl>
        <LineString>
          <tessellate>1</tessellate>
          <coordinates>
            121.508,25.032556,0
            121.507994,25.032517,0
            121.507961,25.032253,0
            121.507912,25.032249,0
          </coordinates>
        </LineString>
      </Placemark>
      <Placemark>
        <name>步道</name>
        <styleUrl>#line-555555-2000-nodesc</styleUrl>
        <LineString>
          <tessellate>1</tessellate>
          <coordinates>
            121.509491,25.031628,0
            121.509543,25.031624,0
          </coordinates>
        </LineString>
      </Placemark>
      <Placemark>
        <name>步道</name>
        <styleUrl>#line-555555-2000-nodesc</styleUrl>
        <LineString>
          <tessellate>1</tessellate>
          <coordinates>
            121.509569,25.032092,0
            121.509621,25.032077,0
          </coordinates>
        </LineString>
      </Placemark>
      <Placemark>
        <name>步道</name>
        <styleUrl>#line-555555-2000-nodesc</styleUrl>
        <LineString>
          <tessellate>1</tessellate>
          <coordinates>
            121.509185,25.031198,0
            121.509183,25.031236,0
            121.509161,25.031286,0
          </coordinates>
        </LineString>
      </Placemark>
      <Placemark>
        <name>步道</name>
        <styleUrl>#line-555555-2000-nodesc</styleUrl>
        <LineString>
          <tessellate>1</tessellate>
          <coordinates>
            121.509185,25.031198,0
            121.509198,25.031195,0
            121.509213,25.03118,0
            121.509219,25.031124,0
            121.50924,25.031086,0
            121.509241,25.031057,0
            121.50919,25.030958,0
            121.509169,25.030929,0
            121.509142,25.030918,0
            121.509059,25.030909,0
            121.509001,25.030922,0
            121.508956,25.030947,0
            121.50892,25.030974,0
            121.508896,25.031015,0
            121.508896,25.031058,0
            121.508909,25.031103,0
            121.508928,25.031126,0
            121.508964,25.031145,0
            121.508992,25.03115,0
            121.509032,25.031151,0
            121.509094,25.031166,0
            121.50915,25.03119,0
            121.509185,25.031198,0
          </coordinates>
        </LineString>
      </Placemark>
      <Placemark>
        <name>步道</name>
        <styleUrl>#line-555555-2000-nodesc</styleUrl>
        <LineString>
          <tessellate>1</tessellate>
          <coordinates>
            121.508364,25.031433,0
            121.508299,25.031442,0
            121.508258,25.031447,0
            121.508224,25.031444,0
            121.508201,25.031426,0
            121.508179,25.031408,0
            121.508156,25.031403,0
            121.508137,25.031408,0
            121.508087,25.031443,0
            121.508075,25.031462,0
            121.508074,25.031491,0
            121.508086,25.031527,0
            121.508089,25.031542,0
            121.508069,25.031583,0
            121.508052,25.031658,0
            121.508016,25.031706,0
            121.50801,25.031726,0
            121.508012,25.031758,0
            121.508035,25.031766,0
            121.50806,25.031775,0
            121.508075,25.031789,0
            121.508084,25.031825,0
            121.508091,25.031844,0
            121.508114,25.031857,0
            121.508139,25.031857,0
            121.508161,25.031839,0
            121.508215,25.031777,0
            121.508296,25.031695,0
            121.508308,25.031668,0
            121.508312,25.031641,0
            121.508305,25.031618,0
          </coordinates>
        </LineString>
      </Placemark>
      <Placemark>
        <name>步道</name>
        <styleUrl>#line-555555-2000-nodesc</styleUrl>
        <LineString>
          <tessellate>1</tessellate>
          <coordinates>
            121.508689,25.031354,0
            121.508678,25.031309,0
            121.508676,25.031292,0
            121.508682,25.031267,0
            121.508677,25.031254,0
            121.508649,25.031227,0
          </coordinates>
        </LineString>
      </Placemark>
      <Placemark>
        <name>步道</name>
        <styleUrl>#line-555555-2000-nodesc</styleUrl>
        <LineString>
          <tessellate>1</tessellate>
          <coordinates>
            121.508052,25.031994,0
            121.508125,25.031966,0
          </coordinates>
        </LineString>
      </Placemark>
      <Placemark>
        <name>步道</name>
        <styleUrl>#line-555555-2000-nodesc</styleUrl>
        <LineString>
          <tessellate>1</tessellate>
          <coordinates>
            121.508052,25.031994,0
            121.508054,25.032005,0
            121.508051,25.032015,0
            121.508045,25.032025,0
            121.508036,25.032031,0
            121.508024,25.032035,0
            121.508012,25.032034,0
            121.508001,25.03203,0
            121.507992,25.032023,0
            121.507987,25.032013,0
            121.507985,25.032003,0
            121.507987,25.031992,0
            121.507994,25.031983,0
            121.508003,25.031976,0
            121.508015,25.031973,0
            121.508026,25.031973,0
            121.508038,25.031977,0
            121.508046,25.031984,0
            121.508052,25.031994,0
          </coordinates>
        </LineString>
      </Placemark>
      <Placemark>
        <name>步道</name>
        <styleUrl>#line-555555-2000-nodesc</styleUrl>
        <LineString>
          <tessellate>1</tessellate>
          <coordinates>
            121.508722,25.031387,0
            121.508709,25.031374,0
            121.508689,25.031354,0
            121.508649,25.031333,0
            121.508599,25.031321,0
            121.508537,25.031312,0
            121.508474,25.03131,0
            121.508438,25.031312,0
            121.508412,25.031319,0
            121.508389,25.031336,0
            121.508376,25.031352,0
            121.508365,25.031374,0
            121.508361,25.031401,0
            121.508364,25.031433,0
            121.50837,25.031464,0
            121.508359,25.031505,0
            121.508337,25.031546,0
            121.508305,25.031618,0
            121.508191,25.031704,0
            121.508128,25.031726,0
            121.508088,25.031728,0
            121.508056,25.031729,0
            121.50804,25.031741,0
            121.508035,25.031766,0
            121.508027,25.031806,0
            121.508002,25.031837,0
            121.507994,25.031848,0
            121.507988,25.031859,0
            121.507964,25.031901,0
            121.507931,25.031939,0
            121.507902,25.031954,0
            121.507889,25.031975,0
            121.507888,25.031997,0
            121.507897,25.032019,0
            121.507925,25.032038,0
            121.507951,25.032055,0
            121.507981,25.032083,0
            121.508013,25.032119,0
            121.508031,25.032123,0
          </coordinates>
        </LineString>
      </Placemark>
      <Placemark>
        <name>步道</name>
        <styleUrl>#line-555555-2000-nodesc</styleUrl>
        <LineString>
          <tessellate>1</tessellate>
          <coordinates>
            121.508792,25.031181,0
            121.508765,25.03119,0
            121.508649,25.031227,0
            121.508618,25.031237,0
            121.508561,25.03121,0
            121.508542,25.031209,0
            121.508525,25.031213,0
            121.508488,25.03123,0
            121.508453,25.031259,0
            121.508441,25.031286,0
            121.508438,25.031312,0
          </coordinates>
        </LineString>
      </Placemark>
      <Placemark>
        <name>步道</name>
        <styleUrl>#line-555555-2000-nodesc</styleUrl>
        <LineString>
          <tessellate>1</tessellate>
          <coordinates>
            121.508384,25.032255,0
            121.508355,25.032389,0
          </coordinates>
        </LineString>
      </Placemark>
      <Placemark>
        <name>步道</name>
        <styleUrl>#line-555555-2000-nodesc</styleUrl>
        <LineString>
          <tessellate>1</tessellate>
          <coordinates>
            121.50922,25.031391,0
            121.509232,25.031347,0
            121.509246,25.031298,0
          </coordinates>
        </LineString>
      </Placemark>
      <Placemark>
        <name>步道</name>
        <styleUrl>#line-555555-2000-nodesc</styleUrl>
        <LineString>
          <tessellate>1</tessellate>
          <coordinates>
            121.50922,25.031391,0
            121.509149,25.031377,0
            121.509106,25.031352,0
            121.509063,25.031348,0
            121.509053,25.031383,0
            121.50906,25.031441,0
            121.5091,25.03145,0
            121.509134,25.031468,0
            121.509161,25.031495,0
            121.509187,25.031519,0
            121.509242,25.031534,0
            121.509304,25.031519,0
            121.509322,25.031499,0
            121.509318,25.031462,0
            121.509294,25.031434,0
            121.509258,25.031406,0
            121.50922,25.031391,0
          </coordinates>
        </LineString>
      </Placemark>
      <Placemark>
        <name>步道</name>
        <styleUrl>#line-555555-2000-nodesc</styleUrl>
        <LineString>
          <tessellate>1</tessellate>
          <coordinates>
            121.508547,25.032893,0
            121.508548,25.032923,0
            121.508533,25.032948,0
            121.508501,25.032956,0
            121.508472,25.032949,0
            121.508395,25.032886,0
            121.508391,25.032867,0
            121.508405,25.032848,0
            121.508433,25.032845,0
            121.508466,25.032857,0
            121.508512,25.032866,0
          </coordinates>
        </LineString>
      </Placemark>
      <Placemark>
        <name>步道</name>
        <styleUrl>#line-555555-2000-nodesc</styleUrl>
        <LineString>
          <tessellate>1</tessellate>
          <coordinates>
            121.508713,25.032983,0
            121.508718,25.032973,0
            121.508705,25.032947,0
            121.508703,25.032929,0
            121.508711,25.032896,0
            121.508714,25.032849,0
            121.508703,25.032813,0
            121.50869,25.032786,0
            121.508667,25.032771,0
            121.508629,25.03277,0
            121.508591,25.032784,0
            121.508566,25.032806,0
            121.508549,25.032834,0
            121.508541,25.032864,0
            121.508536,25.032877,0
          </coordinates>
        </LineString>
      </Placemark>
      <Placemark>
        <name>步道</name>
        <styleUrl>#line-555555-2000-nodesc</styleUrl>
        <LineString>
          <tessellate>1</tessellate>
          <coordinates>
            121.508747,25.033023,0
            121.508907,25.033062,0
            121.508985,25.033091,0
          </coordinates>
        </LineString>
      </Placemark>
      <Placemark>
        <name>步道</name>
        <styleUrl>#line-555555-2000-nodesc</styleUrl>
        <LineString>
          <tessellate>1</tessellate>
          <coordinates>
            121.508438,25.033054,0
            121.508417,25.033048,0
            121.50839,25.03304,0
            121.508333,25.033023,0
            121.508266,25.032993,0
            121.508254,25.032968,0
            121.508258,25.032928,0
            121.508269,25.03288,0
            121.508302,25.032818,0
            121.508342,25.032787,0
            121.508394,25.032777,0
            121.508418,25.032784,0
            121.508513,25.032786,0
            121.508512,25.032866,0
            121.508536,25.032877,0
            121.508547,25.032893,0
            121.508602,25.032909,0
            121.508618,25.032926,0
            121.508637,25.032958,0
            121.508713,25.032983,0
            121.508734,25.033006,0
            121.508747,25.033023,0
          </coordinates>
        </LineString>
      </Placemark>
      <Placemark>
        <name>步道</name>
        <styleUrl>#line-555555-2000-nodesc</styleUrl>
        <LineString>
          <tessellate>1</tessellate>
          <coordinates>
            121.50885,25.032756,0
            121.508924,25.032784,0
            121.50901,25.032794,0
            121.509074,25.032786,0
          </coordinates>
        </LineString>
      </Placemark>
      <Placemark>
        <name>步道</name>
        <styleUrl>#line-777777-3000-nodesc</styleUrl>
        <LineString>
          <tessellate>1</tessellate>
          <coordinates>
            121.507983,25.03294,0
            121.508,25.032987,0
            121.508029,25.033172,0
          </coordinates>
        </LineString>
      </Placemark>
      <Placemark>
        <name>步道</name>
        <styleUrl>#line-555555-2000-nodesc</styleUrl>
        <LineString>
          <tessellate>1</tessellate>
          <coordinates>
            121.51047,25.032991,0
            121.510405,25.03304,0
            121.510396,25.033047,0
            121.510318,25.033208,0
            121.510318,25.033224,0
            121.510326,25.033243,0
            121.510407,25.03331,0
            121.510417,25.033334,0
            121.510416,25.03337,0
            121.510372,25.033477,0
            121.510348,25.033507,0
            121.510321,25.033524,0
            121.510274,25.033522,0
            121.510246,25.033506,0
            121.510176,25.033341,0
            121.51016,25.03327,0
            121.51015,25.033247,0
            121.510112,25.03319,0
            121.510101,25.033165,0
            121.510097,25.033046,0
            121.510099,25.033017,0
            121.510106,25.032999,0
            121.510134,25.032958,0
            121.510138,25.03293,0
            121.510135,25.032904,0
            121.51012,25.032877,0
            121.510121,25.032852,0
            121.51013,25.032829,0
            121.510158,25.032812,0
            121.510199,25.032835,0
            121.510236,25.032868,0
            121.510267,25.032908,0
            121.510396,25.033047,0
          </coordinates>
        </LineString>
      </Placemark>
      <Placemark>
        <name>步道</name>
        <styleUrl>#line-555555-2000-nodesc</styleUrl>
        <LineString>
          <tessellate>1</tessellate>
          <coordinates>
            121.50906,25.031441,0
            121.509039,25.031456,0
            121.50902,25.03148,0
            121.508998,25.031497,0
            121.508974,25.031496,0
            121.508905,25.031483,0
            121.508856,25.031467,0
            121.508825,25.031452,0
          </coordinates>
        </LineString>
      </Placemark>
      <Placemark>
        <name>步道</name>
        <styleUrl>#line-555555-2000-nodesc</styleUrl>
        <LineString>
          <tessellate>1</tessellate>
          <coordinates>
            121.509614,25.032887,0
            121.509621,25.032719,0
            121.509592,25.032674,0
            121.509582,25.032656,0
          </coordinates>
        </LineString>
      </Placemark>
      <Placemark>
        <name>步道</name>
        <styleUrl>#line-555555-2000-nodesc</styleUrl>
        <LineString>
          <tessellate>1</tessellate>
          <coordinates>
            121.50929,25.032988,0
            121.509274,25.032974,0
            121.509247,25.032964,0
          </coordinates>
        </LineString>
      </Placemark>
      <Placemark>
        <name>步道</name>
        <styleUrl>#line-555555-2000-nodesc</styleUrl>
        <LineString>
          <tessellate>1</tessellate>
          <coordinates>
            121.509143,25.032964,0
            121.509247,25.032964,0
            121.509336,25.032964,0
          </coordinates>
        </LineString>
      </Placemark>
      <Placemark>
        <name>步道</name>
        <styleUrl>#line-555555-2000-nodesc</styleUrl>
        <LineString>
          <tessellate>1</tessellate>
          <coordinates>
            121.509141,25.033121,0
            121.509132,25.033046,0
            121.509133,25.032998,0
            121.509143,25.032964,0
            121.509152,25.032902,0
            121.509154,25.032868,0
          </coordinates>
        </LineString>
      </Placemark>
      <Placemark>
        <name>步道</name>
        <styleUrl>#line-555555-2000-nodesc</styleUrl>
        <LineString>
          <tessellate>1</tessellate>
          <coordinates>
            121.509834,25.033064,0
            121.509744,25.032961,0
            121.509614,25.032887,0
          </coordinates>
        </LineString>
      </Placemark>
      <Placemark>
        <name>步道</name>
        <styleUrl>#line-555555-2000-nodesc</styleUrl>
        <LineString>
          <tessellate>1</tessellate>
          <coordinates>
            121.509069,25.033121,0
            121.509024,25.033117,0
          </coordinates>
        </LineString>
      </Placemark>
      <Placemark>
        <name>步道</name>
        <styleUrl>#line-555555-2000-nodesc</styleUrl>
        <LineString>
          <tessellate>1</tessellate>
          <coordinates>
            121.509834,25.033064,0
            121.50982,25.033115,0
            121.509813,25.033125,0
            121.50979,25.033124,0
            121.509766,25.03312,0
            121.509742,25.033124,0
            121.509673,25.03313,0
            121.509566,25.033134,0
            121.509291,25.033122,0
            121.509141,25.033121,0
            121.509069,25.033121,0
          </coordinates>
        </LineString>
      </Placemark>
      <Placemark>
        <name>步道</name>
        <styleUrl>#line-555555-2000-nodesc</styleUrl>
        <LineString>
          <tessellate>1</tessellate>
          <coordinates>
            121.509024,25.033117,0
            121.509002,25.03311,0
            121.508985,25.033091,0
            121.508975,25.033066,0
            121.508964,25.033014,0
            121.508943,25.032976,0
            121.508918,25.032954,0
            121.508881,25.032931,0
            121.50887,25.032921,0
          </coordinates>
        </LineString>
      </Placemark>
      <Placemark>
        <name>步道</name>
        <styleUrl>#line-555555-2000-nodesc</styleUrl>
        <LineString>
          <tessellate>1</tessellate>
          <coordinates>
            121.509303,25.033189,0
            121.509291,25.033122,0
            121.509284,25.033043,0
            121.50929,25.032988,0
            121.509336,25.032964,0
            121.509405,25.032961,0
            121.509449,25.032882,0
            121.509614,25.032887,0
          </coordinates>
        </LineString>
      </Placemark>
      <Placemark>
        <name>步道</name>
        <styleUrl>#line-555555-2000-nodesc</styleUrl>
        <LineString>
          <tessellate>1</tessellate>
          <coordinates>
            121.50839,25.03304,0
            121.508384,25.033066,0
            121.508362,25.033082,0
          </coordinates>
        </LineString>
      </Placemark>
      <Placemark>
        <name>步道</name>
        <styleUrl>#line-555555-2000-nodesc</styleUrl>
        <LineString>
          <tessellate>1</tessellate>
          <coordinates>
            121.508187,25.032973,0
            121.50818,25.032997,0
            121.508173,25.033022,0
            121.508195,25.033206,0
            121.508062,25.033217,0
            121.50806,25.033202,0
            121.508051,25.033203,0
            121.508031,25.033204,0
          </coordinates>
        </LineString>
      </Placemark>
      <Placemark>
        <name>步道</name>
        <styleUrl>#line-555555-2000-nodesc</styleUrl>
        <LineString>
          <tessellate>1</tessellate>
          <coordinates>
            121.509389,25.031259,0
            121.509393,25.031291,0
            121.509406,25.031325,0
            121.50938,25.03135,0
          </coordinates>
        </LineString>
      </Placemark>
      <Placemark>
        <name>步道</name>
        <styleUrl>#line-555555-2000-nodesc</styleUrl>
        <LineString>
          <tessellate>1</tessellate>
          <coordinates>
            121.508923,25.03191,0
            121.508994,25.031923,0
          </coordinates>
        </LineString>
      </Placemark>
      <Placemark>
        <name>步道</name>
        <styleUrl>#line-555555-2000-nodesc</styleUrl>
        <LineString>
          <tessellate>1</tessellate>
          <coordinates>
            121.508625,25.031121,0
            121.508726,25.031071,0
          </coordinates>
        </LineString>
      </Placemark>
      <Placemark>
        <name>步道</name>
        <styleUrl>#line-777777-3000-nodesc</styleUrl>
        <LineString>
          <tessellate>1</tessellate>
          <coordinates>
            121.509967,25.031125,0
            121.509796,25.031213,0
            121.50975,25.031361,0
            121.510088,25.031447,0
            121.510401,25.031526,0
            121.510457,25.031348,0
            121.51039,25.031234,0
          </coordinates>
        </LineString>
      </Placemark>
      <Placemark>
        <name>步道</name>
        <styleUrl>#line-555555-2000-nodesc</styleUrl>
        <LineString>
          <tessellate>1</tessellate>
          <coordinates>
            121.510847,25.032656,0
            121.510969,25.032646,0
            121.51099,25.032641,0
          </coordinates>
        </LineString>
      </Placemark>
      <Placemark>
        <name>步道</name>
        <styleUrl>#line-555555-2000-nodesc</styleUrl>
        <LineString>
          <tessellate>1</tessellate>
          <coordinates>
            121.511243,25.032438,0
            121.511239,25.03246,0
          </coordinates>
        </LineString>
      </Placemark>
      <Placemark>
        <name>步道</name>
        <styleUrl>#line-555555-2000-nodesc</styleUrl>
        <LineString>
          <tessellate>1</tessellate>
          <coordinates>
            121.509267,25.031643,0
            121.509438,25.031568,0
          </coordinates>
        </LineString>
      </Placemark>
      <Placemark>
        <name>步道</name>
        <styleUrl>#line-555555-2000-nodesc</styleUrl>
        <LineString>
          <tessellate>1</tessellate>
          <coordinates>
            121.509561,25.031497,0
            121.50953,25.031468,0
            121.509494,25.031468,0
            121.509454,25.03147,0
            121.509446,25.031474,0
            121.509431,25.031488,0
            121.509423,25.031503,0
            121.509421,25.031526,0
            121.509423,25.031549,0
            121.509438,25.031568,0
            121.509455,25.03159,0
            121.509464,25.031596,0
            121.509471,25.0316,0
            121.509481,25.031601,0
            121.509488,25.031598,0
            121.509539,25.031587,0
            121.50955,25.031578,0
            121.509568,25.031566,0
            121.509582,25.031549,0
            121.509591,25.031525,0
            121.509561,25.031497,0
          </coordinates>
        </LineString>
      </Placemark>
      <Placemark>
        <name>步道</name>
        <styleUrl>#line-555555-2000-nodesc</styleUrl>
        <LineString>
          <tessellate>1</tessellate>
          <coordinates>
            121.508955,25.03168,0
            121.508976,25.031683,0
            121.509001,25.031692,0
            121.509025,25.03171,0
            121.509035,25.031743,0
            121.508882,25.031718,0
          </coordinates>
        </LineString>
      </Placemark>
      <Placemark>
        <name>步道</name>
        <styleUrl>#line-555555-2000-nodesc</styleUrl>
        <LineString>
          <tessellate>1</tessellate>
          <coordinates>
            121.508957,25.031795,0
            121.50902,25.031808,0
          </coordinates>
        </LineString>
      </Placemark>
      <Placemark>
        <name>步道</name>
        <styleUrl>#line-555555-2000-nodesc</styleUrl>
        <LineString>
          <tessellate>1</tessellate>
          <coordinates>
            121.508904,25.032116,0
            121.508953,25.032127,0
          </coordinates>
        </LineString>
      </Placemark>
      <Placemark>
        <name>步道</name>
        <styleUrl>#line-555555-2000-nodesc</styleUrl>
        <LineString>
          <tessellate>1</tessellate>
          <coordinates>
            121.509983,25.032835,0
            121.509871,25.032614,0
            121.509851,25.032577,0
          </coordinates>
        </LineString>
      </Placemark>
      <Placemark>
        <name>步道</name>
        <styleUrl>#line-555555-2000-nodesc</styleUrl>
        <LineString>
          <tessellate>1</tessellate>
          <coordinates>
            121.511273,25.031756,0
            121.511245,25.031716,0
            121.511177,25.031698,0
          </coordinates>
        </LineString>
      </Placemark>
      <Placemark>
        <name>步道</name>
        <styleUrl>#line-555555-2000-nodesc</styleUrl>
        <LineString>
          <tessellate>1</tessellate>
          <coordinates>
            121.511177,25.031698,0
            121.510921,25.03163,0
          </coordinates>
        </LineString>
      </Placemark>
      <Placemark>
        <name>步道</name>
        <styleUrl>#line-555555-2000-nodesc</styleUrl>
        <LineString>
          <tessellate>1</tessellate>
          <coordinates>
            121.508108,25.032178,0
            121.508112,25.032134,0
          </coordinates>
        </LineString>
      </Placemark>
      <Placemark>
        <name>步道</name>
        <styleUrl>#line-555555-2000-nodesc</styleUrl>
        <LineString>
          <tessellate>1</tessellate>
          <coordinates>
            121.50887,25.032921,0
            121.508866,25.032863,0
            121.508798,25.032866,0
          </coordinates>
        </LineString>
      </Placemark>
      <Placemark>
        <name>步道</name>
        <styleUrl>#line-555555-2000-nodesc</styleUrl>
        <LineString>
          <tessellate>1</tessellate>
          <coordinates>
            121.508819,25.032763,0
            121.508814,25.032786,0
            121.508798,25.032866,0
            121.508784,25.032945,0
            121.508782,25.032976,0
            121.508771,25.032998,0
            121.508747,25.033023,0
            121.508724,25.03305,0
            121.508731,25.033086,0
            121.50876,25.033112,0
            121.508781,25.033172,0
            121.508698,25.033217,0
          </coordinates>
        </LineString>
      </Placemark>
      <Placemark>
        <name>步道</name>
        <styleUrl>#line-555555-2000-nodesc</styleUrl>
        <LineString>
          <tessellate>1</tessellate>
          <coordinates>
            121.508489,25.03321,0
            121.508489,25.033179,0
            121.508495,25.033151,0
            121.508485,25.033132,0
            121.508467,25.033126,0
            121.508454,25.033142,0
            121.508438,25.033182,0
            121.508416,25.033177,0
            121.5084,25.033164,0
            121.508404,25.033125,0
            121.50841,25.033105,0
            121.508438,25.033054,0
          </coordinates>
        </LineString>
      </Placemark>
      <Placemark>
        <name>步道</name>
        <styleUrl>#line-555555-2000-nodesc</styleUrl>
        <LineString>
          <tessellate>1</tessellate>
          <coordinates>
            121.50859,25.03323,0
            121.508541,25.033235,0
            121.508506,25.03323,0
            121.508489,25.03321,0
          </coordinates>
        </LineString>
      </Placemark>
      <Placemark>
        <name>步道</name>
        <styleUrl>#line-555555-2000-nodesc</styleUrl>
        <LineString>
          <tessellate>1</tessellate>
          <coordinates>
            121.508698,25.033217,0
            121.50859,25.03323,0
          </coordinates>
        </LineString>
      </Placemark>
      <Placemark>
        <name>步道</name>
        <styleUrl>#line-555555-2000-nodesc</styleUrl>
        <LineString>
          <tessellate>1</tessellate>
          <coordinates>
            121.508724,25.03305,0
            121.508695,25.033034,0
            121.508673,25.033029,0
            121.508638,25.033018,0
            121.50859,25.033019,0
            121.508509,25.032998,0
            121.508485,25.032998,0
            121.508464,25.033004,0
            121.508443,25.033017,0
            121.508417,25.033048,0
          </coordinates>
        </LineString>
      </Placemark>
      <Placemark>
        <name>步道</name>
        <styleUrl>#line-555555-2000-nodesc</styleUrl>
        <LineString>
          <tessellate>1</tessellate>
          <coordinates>
            121.508224,25.031444,0
            121.508089,25.031542,0
          </coordinates>
        </LineString>
      </Placemark>
      <Placemark>
        <name>步道</name>
        <styleUrl>#line-555555-2000-nodesc</styleUrl>
        <LineString>
          <tessellate>1</tessellate>
          <coordinates>
            121.509539,25.031587,0
            121.50954,25.031597,0
          </coordinates>
        </LineString>
      </Placemark>
      <Placemark>
        <name>步道</name>
        <styleUrl>#line-555555-2000-nodesc</styleUrl>
        <LineString>
          <tessellate>1</tessellate>
          <coordinates>
            121.508191,25.033606,0
            121.508238,25.033605,0
            121.508292,25.033603,0
          </coordinates>
        </LineString>
      </Placemark>
      <Placemark>
        <name>步道</name>
        <styleUrl>#line-555555-2000-nodesc</styleUrl>
        <LineString>
          <tessellate>1</tessellate>
          <coordinates>
            121.508097,25.033506,0
            121.508099,25.033551,0
            121.5081,25.033586,0
          </coordinates>
        </LineString>
      </Placemark>
      <Placemark>
        <name>步道</name>
        <styleUrl>#line-555555-2000-nodesc</styleUrl>
        <LineString>
          <tessellate>1</tessellate>
          <coordinates>
            121.508201,25.034148,0
            121.508191,25.033606,0
            121.50819,25.033582,0
            121.5081,25.033586,0
            121.507987,25.03359,0
          </coordinates>
        </LineString>
      </Placemark>
      <Placemark>
        <name>步道</name>
        <styleUrl>#line-555555-2000-nodesc</styleUrl>
        <LineString>
          <tessellate>1</tessellate>
          <coordinates>
            121.508097,25.033506,0
            121.508048,25.033509,0
            121.507459,25.033549,0
            121.507428,25.033541,0
            121.507412,25.033253,0
          </coordinates>
        </LineString>
      </Placemark>
      <Placemark>
        <name>步道</name>
        <styleUrl>#line-777777-3000-nodesc</styleUrl>
        <LineString>
          <tessellate>1</tessellate>
          <coordinates>
            121.507899,25.033562,0
            121.50794,25.033792,0
          </coordinates>
        </LineString>
      </Placemark>
      <Placemark>
        <name>步道</name>
        <styleUrl>#line-555555-2000-nodesc</styleUrl>
        <LineString>
          <tessellate>1</tessellate>
          <coordinates>
            121.511282,25.031198,0
            121.511324,25.031063,0
            121.511336,25.031026,0
          </coordinates>
        </LineString>
      </Placemark>
      <Placemark>
        <name>步道</name>
        <styleUrl>#line-555555-2000-nodesc</styleUrl>
        <LineString>
          <tessellate>1</tessellate>
          <coordinates>
            121.509003,25.030498,0
            121.509043,25.030563,0
            121.509094,25.030645,0
            121.509138,25.030717,0
          </coordinates>
        </LineString>
      </Placemark>
      <Placemark>
        <name>步道</name>
        <styleUrl>#line-555555-2000-nodesc</styleUrl>
        <LineString>
          <tessellate>1</tessellate>
          <coordinates>
            121.507543,25.031692,0
            121.507516,25.031713,0
            121.507499,25.031725,0
          </coordinates>
        </LineString>
      </Placemark>
      <Placemark>
        <name>步道</name>
        <styleUrl>#line-555555-2000-nodesc</styleUrl>
        <LineString>
          <tessellate>1</tessellate>
          <coordinates>
            121.507499,25.031725,0
            121.507365,25.031834,0
            121.507179,25.031985,0
            121.507115,25.032036,0
            121.50712,25.032065,0
          </coordinates>
        </LineString>
      </Placemark>
      <Placemark>
        <name>步道</name>
        <styleUrl>#line-555555-2000-nodesc</styleUrl>
        <LineString>
          <tessellate>1</tessellate>
          <coordinates>
            121.508,25.031331,0
            121.507942,25.031261,0
            121.50789,25.031195,0
            121.507848,25.031142,0
          </coordinates>
        </LineString>
      </Placemark>
      <Placemark>
        <name>步道</name>
        <styleUrl>#line-555555-2000-nodesc</styleUrl>
        <LineString>
          <tessellate>1</tessellate>
          <coordinates>
            121.507817,25.031152,0
            121.507711,25.031217,0
            121.507628,25.031283,0
            121.507537,25.031356,0
          </coordinates>
        </LineString>
      </Placemark>
      <Placemark>
        <name>步道</name>
        <styleUrl>#line-555555-2000-nodesc</styleUrl>
        <LineString>
          <tessellate>1</tessellate>
          <coordinates>
            121.507537,25.031356,0
            121.507645,25.03136,0
            121.507772,25.031375,0
            121.507933,25.031378,0
          </coordinates>
        </LineString>
      </Placemark>
      <Placemark>
        <name>步道</name>
        <styleUrl>#line-555555-2000-nodesc</styleUrl>
        <LineString>
          <tessellate>1</tessellate>
          <coordinates>
            121.508164,25.030953,0
            121.508186,25.030939,0
            121.508206,25.030927,0
          </coordinates>
        </LineString>
      </Placemark>
      <Placemark>
        <name>步道</name>
        <styleUrl>#line-555555-2000-nodesc</styleUrl>
        <LineString>
          <tessellate>1</tessellate>
          <coordinates>
            121.507395,25.031128,0
            121.507612,25.031127,0
            121.50772,25.031133,0
            121.507817,25.031152,0
            121.507848,25.031142,0
            121.508164,25.030953,0
          </coordinates>
        </LineString>
      </Placemark>
      <Placemark>
        <name>步道</name>
        <styleUrl>#line-555555-2000-nodesc</styleUrl>
        <LineString>
          <tessellate>1</tessellate>
          <coordinates>
            121.507794,25.03059,0
            121.507545,25.030701,0
            121.507223,25.03077,0
            121.507187,25.030787,0
            121.506961,25.031087,0
            121.506956,25.03113,0
            121.506987,25.031131,0
            121.507346,25.031129,0
          </coordinates>
        </LineString>
      </Placemark>
      <Placemark>
        <name>步道</name>
        <styleUrl>#line-555555-2000-nodesc</styleUrl>
        <LineString>
          <tessellate>1</tessellate>
          <coordinates>
            121.507071,25.031762,0
            121.507094,25.031743,0
            121.50731,25.031569,0
            121.50753,25.03139,0
            121.507538,25.031376,0
            121.507537,25.031356,0
            121.507528,25.031347,0
            121.507513,25.031338,0
            121.507488,25.031334,0
            121.507012,25.031335,0
            121.506815,25.031335,0
            121.506797,25.031338,0
            121.506781,25.031348,0
          </coordinates>
        </LineString>
      </Placemark>
      <Placemark>
        <name>紅樓</name>
        <styleUrl>#poly-DCC8B4-1000-51-nodesc</styleUrl>
        <Polygon>
          <outerBoundaryIs>
            <LinearRing>
              <tessellate>1</tessellate>
              <coordinates>
                121.511735,25.030761,0
                121.511767,25.030655,0
                121.511967,25.030704,0
                121.5122,25.03076,0
                121.512213,25.030713,0
                121.512365,25.030752,0
                121.51235,25.030797,0
                121.512579,25.030853,0
                121.512779,25.030901,0
                121.512748,25.031007,0
                121.511735,25.030761,0
              </coordinates>
            </LinearRing>
          </outerBoundaryIs>
        </Polygon>
      </Placemark>
      <Placemark>
        <name>正誼樓</name>
        <styleUrl>#poly-DCC8B4-1000-51-nodesc</styleUrl>
        <Polygon>
          <outerBoundaryIs>
            <LinearRing>
              <tessellate>1</tessellate>
              <coordinates>
                121.512214,25.03057,0
                121.511728,25.030446,0
                121.51163,25.030752,0
                121.511534,25.030727,0
                121.511656,25.030346,0
                121.512237,25.030496,0
                121.512214,25.03057,0
              </coordinates>
            </LinearRing>
          </outerBoundaryIs>
        </Polygon>
      </Placemark>
      <Placemark>
        <name>南海劇場</name>
        <styleUrl>#poly-DCC8B4-1000-51-nodesc</styleUrl>
        <Polygon>
          <outerBoundaryIs>
            <LinearRing>
              <tessellate>1</tessellate>
              <coordinates>
                121.511555,25.031684,0
                121.511608,25.031628,0
                121.511777,25.031568,0
                121.511942,25.031662,0
                121.51194,25.031839,0
                121.511766,25.031912,0
                121.511665,25.031843,0
                121.511569,25.031845,0
                121.511555,25.031684,0
              </coordinates>
            </LinearRing>
          </outerBoundaryIs>
        </Polygon>
      </Placemark>
      <Placemark>
        <name>獻堂館</name>
        <styleUrl>#poly-DCC8B4-1000-51-nodesc</styleUrl>
        <Polygon>
          <outerBoundaryIs>
            <LinearRing>
              <tessellate>1</tessellate>
              <coordinates>
                121.511458,25.032593,0
                121.51146,25.032469,0
                121.51174,25.032471,0
                121.511739,25.032594,0
                121.511652,25.032593,0
                121.511652,25.032559,0
                121.511535,25.032558,0
                121.511535,25.032594,0
                121.511458,25.032593,0
              </coordinates>
            </LinearRing>
          </outerBoundaryIs>
        </Polygon>
      </Placemark>
      <Placemark>
        <name>南海書院</name>
        <styleUrl>#poly-DCC8B4-1000-51-nodesc</styleUrl>
        <Polygon>
          <outerBoundaryIs>
            <LinearRing>
              <tessellate>1</tessellate>
              <coordinates>
                121.51194,25.032331,0
                121.511819,25.03233,0
                121.511818,25.032399,0
                121.511916,25.0324,0
                121.511913,25.032572,0
                121.51181,25.03257,0
                121.511809,25.032659,0
                121.511933,25.032661,0
                121.512033,25.032662,0
                121.512234,25.032665,0
                121.512235,25.032563,0
                121.512189,25.032562,0
                121.512192,25.032406,0
                121.512283,25.032407,0
                121.512284,25.032338,0
                121.512156,25.032336,0
                121.512157,25.032284,0
                121.512348,25.032287,0
                121.51234,25.032801,0
                121.512288,25.0328,0
                121.512288,25.032785,0
                121.512168,25.032783,0
                121.512167,25.032847,0
                121.51226,25.032848,0
                121.512298,25.032849,0
                121.512297,25.032938,0
                121.512247,25.032938,0
                121.512248,25.032916,0
                121.511953,25.032913,0
                121.511953,25.032868,0
                121.511762,25.032865,0
                121.511764,25.032791,0
                121.511752,25.032791,0
                121.511755,25.032572,0
                121.511746,25.032572,0
                121.511749,25.032365,0
                121.51175,25.032276,0
                121.511941,25.032278,0
                121.51194,25.032331,0
              </coordinates>
            </LinearRing>
          </outerBoundaryIs>
        </Polygon>
      </Placemark>
      <Placemark>
        <name>林業試驗所</name>
        <styleUrl>#poly-DCC8B4-1000-51-nodesc</styleUrl>
        <Polygon>
          <outerBoundaryIs>
            <LinearRing>
              <tessellate>1</tessellate>
              <coordinates>
                121.509865,25.031344,0
                121.509916,25.031184,0
                121.510425,25.031317,0
                121.510374,25.031477,0
                121.509865,25.031344,0
              </coordinates>
            </LinearRing>
          </outerBoundaryIs>
        </Polygon>
      </Placemark>
      <Placemark>
        <name>建築</name>
        <styleUrl>#poly-DCC8B4-1000-51-nodesc</styleUrl>
        <Polygon>
          <outerBoundaryIs>
            <LinearRing>
              <tessellate>1</tessellate>
              <coordinates>
                121.510141,25.030674,0
                121.51018,25.030552,0
                121.510567,25.030655,0
                121.510589,25.030588,0
                121.510682,25.030612,0
                121.510661,25.030679,0
                121.510932,25.030751,0
                121.511011,25.030772,0
                121.511047,25.030781,0
                121.511008,25.030902,0
                121.510141,25.030674,0
              </coordinates>
            </LinearRing>
          </outerBoundaryIs>
        </Polygon>
      </Placemark>
      <Placemark>
        <name>建築</name>
        <styleUrl>#poly-DCC8B4-1000-51-nodesc</styleUrl>
        <Polygon>
          <outerBoundaryIs>
            <LinearRing>
              <tessellate>1</tessellate>
              <coordinates>
                121.510943,25.030671,0
                121.511101,25.030162,0
                121.511143,25.030173,0
                121.511132,25.030209,0
                121.511197,25.030226,0
                121.511051,25.030697,0
                121.511035,25.030693,0
                121.511011,25.030772,0
                121.510932,25.030751,0
                121.510956,25.030674,0
                121.510943,25.030671,0
              </coordinates>
            </LinearRing>
          </outerBoundaryIs>
        </Polygon>
      </Placemark>
      <Placemark>
        <name>溫室</name>
        <styleUrl>#poly-FFFFFF-1000-51-nodesc</styleUrl>
        <Polygon>
          <outerBoundaryIs>
            <LinearRing>
              <tessellate>1</tessellate>
              <coordinates>
                121.509344,25.031038,0
                121.509438,25.030759,0
                121.509572,25.030796,0
                121.509478,25.031075,0
                121.509344,25.031038,0
              </coordinates>
            </LinearRing>
          </outerBoundaryIs>
        </Polygon>
      </Placemark>
      <Placemark>
        <name>溫室</name>
        <styleUrl>#poly-FFFFFF-1000-51-nodesc</styleUrl>
        <Polygon>
          <outerBoundaryIs>
            <LinearRing>
              <tessellate>1</tessellate>
              <coordinates>
                121.50949,25.031072,0
                121.509576,25.030808,0
                121.509721,25.030847,0
                121.50968,25.030972,0
                121.509739,25.030988,0
                121.509709,25.031077,0
                121.509626,25.031055,0
                121.509609,25.031104,0
                121.50949,25.031072,0
              </coordinates>
            </LinearRing>
          </outerBoundaryIs>
        </Polygon>
      </Placemark>
      <Placemark>
        <name>松濤苑</name>
        <styleUrl>#poly-DCC8B4-1000-51-nodesc</styleUrl>
        <Polygon>
          <outerBoundaryIs>
            <LinearRing>
              <tessellate>1</tessellate>
              <coordinates>
                121.511179,25.033242,0
                121.511159,25.033277,0
                121.511208,25.033293,0
                121.511093,25.033495,0
                121.511113,25.033503,0
                121.511088,25.03355,0
                121.511065,25.033541,0
                121.511043,25.033579,0
                121.510979,25.033551,0
                121.510952,25.033588,0
                121.510895,25.03355,0
                121.510858,25.033512,0
                121.510839,25.033473,0
                121.510822,25.033415,0
                121.510826,25.033354,0
                121.510853,25.033299,0
                121.510896,25.033257,0
                121.510951,25.03323,0
                121.51101,25.03322,0
                121.511055,25.033226,0
                121.511085,25.03323,0
                121.511103,25.033204,0
                121.511179,25.033242,0
              </coordinates>
            </LinearRing>
          </outerBoundaryIs>
        </Polygon>
      </Placemark>
      <Placemark>
        <name>和平樓</name>
        <styleUrl>#poly-DCC8B4-1000-51-nodesc</styleUrl>
        <Polygon>
          <outerBoundaryIs>
            <LinearRing>
              <tessellate>1</tessellate>
              <coordinates>
                121.508486,25.033462,0
                121.50848,25.033371,0
                121.509316,25.033332,0
                121.509331,25.03361,0
                121.509293,25.033612,0
                121.509283,25.033425,0
                121.508486,25.033462,0
              </coordinates>
            </LinearRing>
          </outerBoundaryIs>
        </Polygon>
      </Placemark>
      <Placemark>
        <name>信義樓</name>
        <styleUrl>#poly-DCC8B4-1000-51-nodesc</styleUrl>
        <Polygon>
          <outerBoundaryIs>
            <LinearRing>
              <tessellate>1</tessellate>
              <coordinates>
                121.508504,25.033738,0
                121.508498,25.03365,0
                121.509293,25.033612,0
                121.509331,25.03361,0
                121.509418,25.033605,0
                121.509422,25.033692,0
                121.509403,25.033693,0
                121.508504,25.033738,0
              </coordinates>
            </LinearRing>
          </outerBoundaryIs>
        </Polygon>
      </Placemark>
      <Placemark>
        <name>仁愛樓</name>
        <styleUrl>#poly-DCC8B4-1000-51-nodesc</styleUrl>
        <Polygon>
          <outerBoundaryIs>
            <LinearRing>
              <tessellate>1</tessellate>
              <coordinates>
                121.509418,25.033605,0
                121.509521,25.033601,0
                121.509589,25.034956,0
                121.509486,25.03496,0
                121.509423,25.033713,0
                121.509422,25.033692,0
                121.509418,25.033605,0
              </coordinates>
            </LinearRing>
          </outerBoundaryIs>
        </Polygon>
      </Placemark>
      <Placemark>
        <name>南門國中游泳池</name>
        <styleUrl>#poly-DCC8B4-1000-51-nodesc</styleUrl>
        <Polygon>
          <outerBoundaryIs>
            <LinearRing>
              <tessellate>1</tessellate>
              <coordinates>
                121.509336,25.03359,0
                121.509316,25.033269,0
                121.509557,25.033257,0
                121.509578,25.033577,0
                121.509336,25.03359,0
              </coordinates>
            </LinearRing>
          </outerBoundaryIs>
        </Polygon>
      </Placemark>
      <Placemark>
        <name>南門町三二三</name>
        <styleUrl>#poly-DCC8B4-1000-51-nodesc</styleUrl>
        <Polygon>
          <outerBoundaryIs>
            <LinearRing>
              <tessellate>1</tessellate>
              <coordinates>
                121.511063,25.032633,0
                121.511075,25.032582,0
                121.511069,25.032581,0
                121.51109,25.032493,0
                121.51117,25.032508,0
                121.511152,25.032585,0
                121.511158,25.032586,0
                121.511143,25.032649,0
                121.511136,25.032647,0
                121.511131,25.032667,0
                121.511066,25.032654,0
                121.51107,25.032635,0
                121.511063,25.032633,0
              </coordinates>
            </LinearRing>
          </outerBoundaryIs>
        </Polygon>
      </Placemark>
      <Placemark>
        <name>教育廣播電台</name>
        <styleUrl>#poly-DCC8B4-1000-51-nodesc</styleUrl>
        <Polygon>
          <outerBoundaryIs>
            <LinearRing>
              <tessellate>1</tessellate>
              <coordinates>
                121.511288,25.03279,0
                121.51131,25.032501,0
                121.511404,25.032507,0
                121.51139,25.032682,0
                121.511462,25.032687,0
                121.511455,25.032767,0
                121.511382,25.032762,0
                121.511379,25.032795,0
                121.511288,25.03279,0
              </coordinates>
            </LinearRing>
          </outerBoundaryIs>
        </Polygon>
      </Placemark>
      <Placemark>
        <name>洋館</name>
        <styleUrl>#poly-DCC8B4-1000-51-nodesc</styleUrl>
        <Polygon>
          <outerBoundaryIs>
            <LinearRing>
              <tessellate>1</tessellate>
              <coordinates>
                121.511496,25.033626,0
                121.511402,25.033595,0
                121.511409,25.033576,0
                121.511411,25.033572,0
                121.511443,25.033496,0
                121.511543,25.03353,0
                121.511583,25.033544,0
                121.511572,25.03357,0
                121.511636,25.033592,0
                121.511606,25.033663,0
                121.511496,25.033626,0
              </coordinates>
            </LinearRing>
          </outerBoundaryIs>
        </Polygon>
      </Placemark>
      <Placemark>
        <name>達德樓</name>
        <styleUrl>#poly-DCC8B4-1000-51-nodesc</styleUrl>
        <Polygon>
          <outerBoundaryIs>
            <LinearRing>
              <tessellate>1</tessellate>
              <coordinates>
                121.508402,25.03376,0
                121.508377,25.033377,0
                121.50848,25.033371,0
                121.508486,25.033462,0
                121.508498,25.03365,0
                121.508504,25.033738,0
                121.508505,25.033755,0
                121.508402,25.03376,0
              </coordinates>
            </LinearRing>
          </outerBoundaryIs>
        </Polygon>
      </Placemark>
      <Placemark>
        <name>新館</name>
        <styleUrl>#poly-DCC8B4-1000-51-nodesc</styleUrl>
        <Polygon>
          <outerBoundaryIs>
            <LinearRing>
              <tessellate>1</tessellate>
              <coordinates>
                121.511152,25.033694,0
                121.51119,25.033579,0
                121.511227,25.033589,0
                121.511324,25.033615,0
                121.511316,25.033641,0
                121.511286,25.033731,0
                121.511152,25.033694,0
              </coordinates>
            </LinearRing>
          </outerBoundaryIs>
        </Polygon>
      </Placemark>
      <Placemark>
        <name>和館</name>
        <styleUrl>#poly-DCC8B4-1000-51-nodesc</styleUrl>
        <Polygon>
          <outerBoundaryIs>
            <LinearRing>
              <tessellate>1</tessellate>
              <coordinates>
                121.511411,25.033572,0
                121.511379,25.033563,0
                121.51142,25.033455,0
                121.511271,25.033406,0
                121.511306,25.03332,0
                121.511356,25.033336,0
                121.511359,25.033326,0
                121.511414,25.033344,0
                121.511409,25.033355,0
                121.511485,25.03338,0
                121.511443,25.033496,0
                121.511411,25.033572,0
              </coordinates>
            </LinearRing>
          </outerBoundaryIs>
        </Polygon>
      </Placemark>
      <Placemark>
        <name>水池</name>
        <styleUrl>#poly-6AB0E6-1000-85-nodesc</styleUrl>
        <Polygon>
          <outerBoundaryIs>
            <LinearRing>
              <tessellate>1</tessellate>
              <coordinates>
                121.511512,25.033464,0
                121.511507,25.033452,0
                121.511512,25.033442,0
                121.511522,25.03343,0
                121.511533,25.033427,0
                121.511549,25.033421,0
                121.511561,25.033419,0
                121.511573,25.033428,0
                121.511583,25.033441,0
                121.511512,25.033464,0
              </coordinates>
            </LinearRing>
          </outerBoundaryIs>
        </Polygon>
      </Placemark>
      <Placemark>
        <name>育東大樓</name>
        <styleUrl>#poly-DCC8B4-1000-51-nodesc</styleUrl>
        <Polygon>
          <outerBoundaryIs>
            <LinearRing>
              <tessellate>1</tessellate>
              <coordinates>
                121.51082,25.031272,0
                121.510804,25.031346,0
                121.510589,25.031307,0
                121.510615,25.031191,0
                121.510652,25.031197,0
                121.510642,25.031239,0
                121.51082,25.031272,0
              </coordinates>
            </LinearRing>
          </outerBoundaryIs>
        </Polygon>
      </Placemark>
      <Placemark>
        <name>水池</name>
        <styleUrl>#poly-6AB0E6-1000-85-nodesc</styleUrl>
        <Polygon>
          <outerBoundaryIs>
            <LinearRing>
              <tessellate>1</tessellate>
              <coordinates>
                121.51175,25.032202,0
                121.511803,25.032046,0
                121.511909,25.031958,0
                121.511955,25.03195,0
                121.511979,25.031965,0
                121.511969,25.031995,0
                121.511987,25.032017,0
                121.512026,25.032016,0
                121.512042,25.032122,0
                121.512111,25.03211,0
                121.512157,25.032116,0
                121.512211,25.03212,0
                121.512266,25.032139,0
                121.512338,25.032183,0
                121.51227,25.032238,0
                121.512116,25.032246,0
                121.512042,25.032244,0
                121.512024,25.032244,0
                121.511982,25.032191,0
                121.511914,25.03221,0
                121.511826,25.032184,0
                121.51175,25.032202,0
              </coordinates>
            </LinearRing>
          </outerBoundaryIs>
        </Polygon>
      </Placemark>
      <Placemark>
        <name>建築</name>
        <styleUrl>#poly-DCC8B4-1000-51-nodesc</styleUrl>
        <Polygon>
          <outerBoundaryIs>
            <LinearRing>
              <tessellate>1</tessellate>
              <coordinates>
                121.511712,25.032816,0
                121.511486,25.032819,0
                121.511484,25.032713,0
                121.51171,25.03271,0
                121.511712,25.032816,0
              </coordinates>
            </LinearRing>
          </outerBoundaryIs>
        </Polygon>
      </Placemark>
      <Placemark>
        <name>建築</name>
        <styleUrl>#poly-DCC8B4-1000-51-nodesc</styleUrl>
        <Polygon>
          <outerBoundaryIs>
            <LinearRing>
              <tessellate>1</tessellate>
              <coordinates>
                121.510014,25.033688,0
                121.51004,25.033882,0
                121.509659,25.033911,0
                121.509653,25.033829,0
                121.5097,25.033828,0
                121.50969,25.033767,0
                121.509702,25.033749,0
                121.509724,25.033734,0
                121.509753,25.033727,0
                121.509783,25.033763,0
                121.509835,25.033751,0
                121.509832,25.033722,0
                121.510014,25.033688,0
              </coordinates>
            </LinearRing>
          </outerBoundaryIs>
        </Polygon>
      </Placemark>
      <Placemark>
        <name>建築</name>
        <styleUrl>#poly-DCC8B4-1000-51-nodesc</styleUrl>
        <Polygon>
          <outerBoundaryIs>
            <LinearRing>
              <tessellate>1</tessellate>
              <coordinates>
                121.509659,25.033568,0
                121.510004,25.033522,0
                121.510019,25.033611,0
                121.509674,25.033658,0
                121.509659,25.033568,0
              </coordinates>
            </LinearRing>
          </outerBoundaryIs>
        </Polygon>
      </Placemark>
      <Placemark>
        <name>建築</name>
        <styleUrl>#poly-DCC8B4-1000-51-nodesc</styleUrl>
        <Polygon>
          <outerBoundaryIs>
            <LinearRing>
              <tessellate>1</tessellate>
              <coordinates>
                121.50966,25.033435,0
                121.510005,25.033388,0
                121.510019,25.033478,0
                121.509674,25.033524,0
                121.50966,25.033435,0
              </coordinates>
            </LinearRing>
          </outerBoundaryIs>
        </Polygon>
      </Placemark>
      <Placemark>
        <name>建築</name>
        <styleUrl>#poly-DCC8B4-1000-51-nodesc</styleUrl>
        <Polygon>
          <outerBoundaryIs>
            <LinearRing>
              <tessellate>1</tessellate>
              <coordinates>
                121.509659,25.033276,0
                121.510004,25.03323,0
                121.510019,25.03332,0
                121.509674,25.033366,0
                121.509659,25.033276,0
              </coordinates>
            </LinearRing>
          </outerBoundaryIs>
        </Polygon>
      </Placemark>
      <Placemark>
        <name>建築</name>
        <styleUrl>#poly-DCC8B4-1000-51-nodesc</styleUrl>
        <Polygon>
          <outerBoundaryIs>
            <LinearRing>
              <tessellate>1</tessellate>
              <coordinates>
                121.510126,25.033702,0
                121.510407,25.033674,0
                121.510418,25.033765,0
                121.510137,25.033793,0
                121.510126,25.033702,0
              </coordinates>
            </LinearRing>
          </outerBoundaryIs>
        </Polygon>
      </Placemark>
      <Placemark>
        <name>國立歷史博物館</name>
        <styleUrl>#poly-DCC8B4-1000-51-nodesc</styleUrl>
        <MultiGeometry>
          <Polygon>
            <outerBoundaryIs>
              <LinearRing>
                <tessellate>1</tessellate>
                <coordinates>
                  121.5112616,25.0314847,0
                  121.510674,25.0314937,0
                  121.5111983,25.031269,0
                  121.5111623,25.031386,0
                  121.5111563,25.031408,0
                  121.5111943,25.031418,0
                  121.5111853,25.031455,0
                  121.5112643,25.031475,0
                  121.5112616,25.0314847,0
                </coordinates>
              </LinearRing>
            </outerBoundaryIs>
          </Polygon>
          <Polygon>
            <outerBoundaryIs>
              <LinearRing>
                <tessellate>1</tessellate>
                <coordinates>
                  121.5112616,25.0314847,0
                  121.5119563,25.031474,0
                  121.5119173,25.031623,0
                  121.5118573,25.031609,0
                  121.5117783,25.031589,0
                  121.5117743,25.031605,0
                  121.5116583,25.031655,0
                  121.5116383,25.031627,0
                  121.5112493,25.031529,0
                  121.5112616,25.0314847,0
                </coordinates>
              </LinearRing>
            </outerBoundaryIs>
          </Polygon>
        </MultiGeometry>
      </Placemark>
      <Placemark>
        <name>廣成大廈</name>
        <styleUrl>#poly-DCC8B4-1000-51-nodesc</styleUrl>
        <Polygon>
          <outerBoundaryIs>
            <LinearRing>
              <tessellate>1</tessellate>
              <coordinates>
                121.507472,25.033695,0
                121.507518,25.033652,0
                121.50784,25.0336,0
                121.507879,25.033633,0
                121.507914,25.033807,0
                121.507879,25.033844,0
                121.507555,25.033896,0
                121.507506,25.033869,0
                121.507472,25.033695,0
              </coordinates>
            </LinearRing>
          </outerBoundaryIs>
        </Polygon>
      </Placemark>
      <Placemark>
        <name>建築</name>
        <styleUrl>#poly-DCC8B4-1000-51-nodesc</styleUrl>
        <Polygon>
          <outerBoundaryIs>
            <LinearRing>
              <tessellate>1</tessellate>
              <coordinates>
                121.507422,25.032446,0
                121.50793,25.032405,0
                121.507938,25.032484,0
                121.50743,25.032525,0
                121.507422,25.032446,0
              </coordinates>
            </LinearRing>
          </outerBoundaryIs>
        </Polygon>
      </Placemark>
      <Placemark>
        <name>建築</name>
        <styleUrl>#poly-DCC8B4-1000-51-nodesc</styleUrl>
        <Polygon>
          <outerBoundaryIs>
            <LinearRing>
              <tessellate>1</tessellate>
              <coordinates>
                121.507447,25.032335,0
                121.507934,25.032291,0
                121.507943,25.032368,0
                121.507456,25.032412,0
                121.507447,25.032335,0
              </coordinates>
            </LinearRing>
          </outerBoundaryIs>
        </Polygon>
      </Placemark>
      <Placemark>
        <name>建築</name>
        <styleUrl>#poly-DCC8B4-1000-51-nodesc</styleUrl>
        <Polygon>
          <outerBoundaryIs>
            <LinearRing>
              <tessellate>1</tessellate>
              <coordinates>
                121.510943,25.032942,0
                121.511211,25.032995,0
                121.511194,25.033062,0
                121.510927,25.03301,0
                121.510943,25.032942,0
              </coordinates>
            </LinearRing>
          </outerBoundaryIs>
        </Polygon>
      </Placemark>
      <Placemark>
        <name>建築</name>
        <styleUrl>#poly-DCC8B4-1000-51-nodesc</styleUrl>
        <Polygon>
          <outerBoundaryIs>
            <LinearRing>
              <tessellate>1</tessellate>
              <coordinates>
                121.511273,25.033001,0
                121.51154,25.033053,0
                121.511524,25.033121,0
                121.511257,25.033069,0
                121.511273,25.033001,0
              </coordinates>
            </LinearRing>
          </outerBoundaryIs>
        </Polygon>
      </Placemark>
      <Placemark>
        <name>建築</name>
        <styleUrl>#poly-DCC8B4-1000-51-nodesc</styleUrl>
        <Polygon>
          <outerBoundaryIs>
            <LinearRing>
              <tessellate>1</tessellate>
              <coordinates>
                121.511613,25.033063,0
                121.51188,25.033115,0
                121.511864,25.033183,0
                121.511597,25.033131,0
                121.511613,25.033063,0
              </coordinates>
            </LinearRing>
          </outerBoundaryIs>
        </Polygon>
      </Placemark>
      <Placemark>
        <name>臺北市中正區社會福利綜合大樓</name>
        <styleUrl>#poly-DCC8B4-1000-51-nodesc</styleUrl>
        <Polygon>
          <outerBoundaryIs>
            <LinearRing>
              <tessellate>1</tessellate>
              <coordinates>
                121.507491,25.032782,0
                121.50745,25.032755,0
                121.507454,25.032714,0
                121.507486,25.032701,0
                121.50748,25.03262,0
                121.507944,25.032595,0
                121.507948,25.032754,0
                121.507897,25.032754,0
                121.507904,25.032814,0
                121.507687,25.032822,0
                121.507687,25.032766,0
                121.507491,25.032782,0
              </coordinates>
            </LinearRing>
          </outerBoundaryIs>
        </Polygon>
      </Placemark>
      <Placemark>
        <name>塵芥燒却場</name>
        <styleUrl>#poly-DCC8B4-1000-51-nodesc</styleUrl>
        <Polygon>
          <outerBoundaryIs>
            <LinearRing>
              <tessellate>1</tessellate>
              <coordinates>
                121.507771,25.031066,0
                121.507683,25.030861,0
                121.507809,25.030819,0
                121.50794,25.030772,0
                121.508027,25.030976,0
                121.507771,25.031066,0
              </coordinates>
            </LinearRing>
          </outerBoundaryIs>
        </Polygon>
      </Placemark>
      <Placemark>
        <name>建築</name>
        <styleUrl>#poly-DCC8B4-1000-51-nodesc</styleUrl>
        <Polygon>
          <outerBoundaryIs>
            <LinearRing>
              <tessellate>1</tessellate>
              <coordinates>
                121.507454,25.033264,0
                121.507554,25.033259,0
                121.507568,25.033452,0
                121.50748,25.033457,0
                121.507477,25.033409,0
                121.50747,25.03341,0
                121.507468,25.03338,0
                121.507482,25.03338,0
                121.50748,25.033351,0
                121.507461,25.033352,0
                121.507454,25.033264,0
              </coordinates>
            </LinearRing>
          </outerBoundaryIs>
        </Polygon>
      </Placemark>
      <Placemark>
        <name>廣州華廈</name>
        <styleUrl>#poly-DCC8B4-1000-51-nodesc</styleUrl>
        <Polygon>
          <outerBoundaryIs>
            <LinearRing>
              <tessellate>1</tessellate>
              <coordinates>
                121.507884,25.033257,0
                121.508018,25.033252,0
                121.508029,25.03348,0
                121.507634,25.033495,0
                121.50763,25.033391,0
                121.50789,25.033381,0
                121.507884,25.033257,0
              </coordinates>
            </LinearRing>
          </outerBoundaryIs>
        </Polygon>
      </Placemark>
      <Placemark>
        <name>建築</name>
        <styleUrl>#poly-DCC8B4-1000-51-nodesc</styleUrl>
        <Polygon>
          <outerBoundaryIs>
            <LinearRing>
              <tessellate>1</tessellate>
              <coordinates>
                121.507625,25.033341,0
                121.50762,25.033252,0
                121.507834,25.033243,0
                121.507839,25.033332,0
                121.507625,25.033341,0
              </coordinates>
            </LinearRing>
          </outerBoundaryIs>
        </Polygon>
      </Placemark>
      <Placemark>
        <name>水池</name>
        <styleUrl>#poly-6AB0E6-1000-85-nodesc</styleUrl>
        <Polygon>
          <outerBoundaryIs>
            <LinearRing>
              <tessellate>1</tessellate>
              <coordinates>
                121.509436,25.031933,0
                121.509427,25.031939,0
                121.509438,25.031954,0
                121.509418,25.03197,0
                121.509344,25.032042,0
                121.509313,25.032079,0
                121.509289,25.032093,0
                121.509261,25.032101,0
                121.509246,25.032092,0
                121.50924,25.032081,0
                121.509239,25.032065,0
                121.509294,25.03196,0
                121.509293,25.031936,0
                121.509284,25.031924,0
                121.509264,25.031915,0
                121.509241,25.031913,0
                121.509218,25.031922,0
                121.509173,25.031934,0
                121.509144,25.031933,0
                121.509127,25.031915,0
                121.509124,25.031875,0
                121.509139,25.031854,0
                121.50916,25.031843,0
                121.509185,25.031843,0
                121.509206,25.031853,0
                121.509229,25.031868,0
                121.509253,25.031868,0
                121.50929,25.031855,0
                121.50931,25.031835,0
                121.509313,25.03182,0
                121.5093,25.031787,0
                121.509285,25.03177,0
                121.509269,25.031756,0
                121.509244,25.031756,0
                121.509229,25.031765,0
                121.509221,25.031778,0
                121.509219,25.031817,0
                121.509209,25.031824,0
                121.509185,25.031824,0
                121.509174,25.031819,0
                121.509169,25.031806,0
                121.509167,25.03178,0
                121.509177,25.031762,0
                121.509181,25.031738,0
                121.509176,25.031716,0
                121.509179,25.031705,0
                121.509266,25.03167,0
                121.509306,25.031686,0
                121.509347,25.031702,0
                121.509361,25.031704,0
                121.509378,25.031714,0
                121.509392,25.031745,0
                121.509389,25.031812,0
                121.509407,25.031824,0
                121.509424,25.031843,0
                121.509432,25.031862,0
                121.509432,25.031894,0
                121.509436,25.031933,0
              </coordinates>
            </LinearRing>
          </outerBoundaryIs>
        </Polygon>
      </Placemark>
      <Placemark>
        <name>水池</name>
        <styleUrl>#poly-6AB0E6-1000-85-nodesc</styleUrl>
        <Polygon>
          <outerBoundaryIs>
            <LinearRing>
              <tessellate>1</tessellate>
              <coordinates>
                121.508072,25.032123,0
                121.508102,25.032127,0
                121.508069,25.032198,0
                121.507993,25.032218,0
                121.507956,25.032219,0
                121.507847,25.032199,0
                121.507797,25.032201,0
                121.507628,25.032219,0
                121.50748,25.032107,0
                121.507477,25.032086,0
                121.507477,25.032069,0
                121.507492,25.032043,0
                121.507548,25.031988,0
                121.507574,25.031979,0
                121.507594,25.031957,0
                121.507613,25.031952,0
                121.507638,25.031953,0
                121.507667,25.031961,0
                121.50768,25.031971,0
                121.507697,25.032007,0
                121.507705,25.032022,0
                121.507727,25.032031,0
                121.50777,25.032031,0
                121.507806,25.032039,0
                121.507851,25.032058,0
                121.507934,25.032097,0
                121.507953,25.0321,0
                121.508014,25.032137,0
                121.508029,25.032129,0
                121.508046,25.03212,0
                121.508072,25.032123,0
              </coordinates>
            </LinearRing>
          </outerBoundaryIs>
        </Polygon>
      </Placemark>
      <Placemark>
        <name>水池</name>
        <styleUrl>#poly-6AB0E6-1000-85-nodesc</styleUrl>
        <Polygon>
          <outerBoundaryIs>
            <LinearRing>
              <tessellate>1</tessellate>
              <coordinates>
                121.508072,25.032123,0
                121.508046,25.03212,0
                121.508059,25.032112,0
                121.508128,25.032038,0
                121.508144,25.032021,0
                121.508157,25.032007,0
                121.508173,25.03199,0
                121.508181,25.031972,0
                121.508324,25.031824,0
                121.508488,25.031652,0
                121.508539,25.031548,0
                121.508552,25.031533,0
                121.508618,25.031498,0
                121.50864,25.031492,0
                121.508674,25.031482,0
                121.508729,25.03147,0
                121.508808,25.031468,0
                121.508804,25.031488,0
                121.508857,25.03151,0
                121.508979,25.031528,0
                121.509218,25.031612,0
                121.50924,25.031624,0
                121.509266,25.03167,0
                121.509179,25.031705,0
                121.509156,25.031665,0
                121.509026,25.031615,0
                121.50893,25.031573,0
                121.508922,25.031565,0
                121.508918,25.031554,0
                121.508901,25.031543,0
                121.508801,25.031508,0
                121.5088,25.031517,0
                121.508681,25.031512,0
                121.508635,25.031521,0
                121.508605,25.031533,0
                121.508576,25.031568,0
                121.508494,25.031699,0
                121.50826,25.031943,0
                121.50824,25.031982,0
                121.50817,25.032048,0
                121.508168,25.03205,0
                121.508156,25.032063,0
                121.508142,25.032078,0
                121.508133,25.032092,0
                121.508102,25.032127,0
                121.508072,25.032123,0
              </coordinates>
            </LinearRing>
          </outerBoundaryIs>
        </Polygon>
      </Placemark>
      <Placemark>
        <name>建築</name>
        <styleUrl>#poly-DCC8B4-1000-51-nodesc</styleUrl>
        <Polygon>
          <outerBoundaryIs>
            <LinearRing>
              <tessellate>1</tessellate>
              <coordinates>
                121.508017,25.032029,0
                121.507998,25.03202,0
                121.507991,25.032001,0
                121.508,25.031984,0
                121.508021,25.031978,0
                121.50804,25.031986,0
                121.508047,25.032005,0
                121.508038,25.032023,0
                121.508017,25.032029,0
              </coordinates>
            </LinearRing>
          </outerBoundaryIs>
        </Polygon>
      </Placemark>
      <Placemark>
        <name>建築</name>
        <styleUrl>#poly-DCC8B4-1000-51-nodesc</styleUrl>
        <Polygon>
          <outerBoundaryIs>
            <LinearRing>
              <tessellate>1</tessellate>
              <coordinates>
                121.50841,25.031878,0
                121.508424,25.03182,0
                121.508587,25.031853,0
                121.508572,25.031911,0
                121.50841,25.031878,0
              </coordinates>
            </LinearRing>
          </outerBoundaryIs>
        </Polygon>
      </Placemark>
      <Placemark>
        <name>建築</name>
        <styleUrl>#poly-DCC8B4-1000-51-nodesc</styleUrl>
        <Polygon>
          <outerBoundaryIs>
            <LinearRing>
              <tessellate>1</tessellate>
              <coordinates>
                121.508624,25.031746,0
                121.508625,25.031741,0
                121.50862,25.03174,0
                121.508634,25.031677,0
                121.50864,25.031678,0
                121.508641,25.031675,0
                121.508785,25.031703,0
                121.508781,25.031722,0
                121.508789,25.031723,0
                121.50878,25.031759,0
                121.508772,25.031757,0
                121.508768,25.031774,0
                121.508624,25.031746,0
              </coordinates>
            </LinearRing>
          </outerBoundaryIs>
        </Polygon>
      </Placemark>
      <Placemark>
        <name>駐警隊</name>
        <styleUrl>#poly-DCC8B4-1000-51-nodesc</styleUrl>
        <Polygon>
          <outerBoundaryIs>
            <LinearRing>
              <tessellate>1</tessellate>
              <coordinates>
                121.508829,25.031696,0
                121.508847,25.03162,0
                121.508958,25.031642,0
                121.508964,25.031643,0
                121.508957,25.031672,0
                121.508955,25.03168,0
                121.508952,25.031693,0
                121.508947,25.031714,0
                121.508946,25.031719,0
                121.508885,25.031707,0
                121.508838,25.031698,0
                121.508829,25.031696,0
              </coordinates>
            </LinearRing>
          </outerBoundaryIs>
        </Polygon>
      </Placemark>
      <Placemark>
        <name>腊葉館</name>
        <styleUrl>#line-8A5A3A-1000-nodesc</styleUrl>
        <LineString>
          <tessellate>1</tessellate>
          <coordinates>
            121.50881,25.031814,0
            121.508816,25.031789,0
            121.508803,25.031787,0
            121.508814,25.031746,0
            121.508826,25.031748,0
            121.508832,25.031721,0
            121.508879,25.03173,0
            121.508958,25.031746,0
            121.508951,25.031773,0
            121.508962,25.031776,0
            121.508957,25.031795,0
            121.508953,25.031809,0
            121.508952,25.031817,0
            121.508941,25.031815,0
            121.508935,25.031839,0
            121.50881,25.031814,0
            121.508816,25.031789,0
            121.508803,25.031787,0
            121.508814,25.031746,0
            121.508826,25.031748,0
            121.508832,25.031721,0
            121.508879,25.03173,0
            121.508958,25.031746,0
            121.508951,25.031773,0
            121.508962,25.031776,0
            121.508957,25.031795,0
            121.508953,25.031809,0
            121.508952,25.031817,0
            121.508941,25.031815,0
            121.508935,25.031839,0
            121.50881,25.031814,0
          </coordinates>
        </LineString>
      </Placemark>
      <Placemark>
        <name>建築</name>
        <styleUrl>#poly-DCC8B4-1000-51-nodesc</styleUrl>
        <Polygon>
          <outerBoundaryIs>
            <LinearRing>
              <tessellate>1</tessellate>
              <coordinates>
                121.50828,25.032143,0
                121.508284,25.032144,0
                121.50829,25.032145,0
                121.508339,25.032154,0
                121.508338,25.032158,0
                121.508514,25.03219,0
                121.508512,25.032201,0
                121.508495,25.032276,0
                121.508398,25.032258,0
                121.508384,25.032255,0
                121.50837,25.032252,0
                121.508265,25.032233,0
                121.508266,25.032228,0
                121.508256,25.032226,0
                121.508262,25.032199,0
                121.508268,25.0322,0
                121.50828,25.032143,0
              </coordinates>
            </LinearRing>
          </outerBoundaryIs>
        </Polygon>
      </Placemark>
      <Placemark>
        <name>溫室</name>
        <styleUrl>#poly-FFFFFF-1000-51-nodesc</styleUrl>
        <Polygon>
          <outerBoundaryIs>
            <LinearRing>
              <tessellate>1</tessellate>
              <coordinates>
                121.508769,25.031617,0
                121.508757,25.031668,0
                121.508664,25.03165,0
                121.508676,25.031599,0
                121.508769,25.031617,0
              </coordinates>
            </LinearRing>
          </outerBoundaryIs>
        </Polygon>
      </Placemark>
      <Placemark>
        <name>溫室</name>
        <styleUrl>#poly-FFFFFF-1000-51-nodesc</styleUrl>
        <Polygon>
          <outerBoundaryIs>
            <LinearRing>
              <tessellate>1</tessellate>
              <coordinates>
                121.508797,25.031534,0
                121.508777,25.031618,0
                121.508769,25.031617,0
                121.508676,25.031599,0
                121.508669,25.031597,0
                121.50868,25.03155,0
                121.508797,25.031534,0
              </coordinates>
            </LinearRing>
          </outerBoundaryIs>
        </Polygon>
      </Placemark>
      <Placemark>
        <name>溫室</name>
        <styleUrl>#poly-FFFFFF-1000-51-nodesc</styleUrl>
        <Polygon>
          <outerBoundaryIs>
            <LinearRing>
              <tessellate>1</tessellate>
              <coordinates>
                121.508785,25.031916,0
                121.508801,25.031851,0
                121.508931,25.031877,0
                121.508923,25.03191,0
                121.508916,25.031941,0
                121.508785,25.031916,0
              </coordinates>
            </LinearRing>
          </outerBoundaryIs>
        </Polygon>
      </Placemark>
      <Placemark>
        <name>溫室</name>
        <styleUrl>#poly-FFFFFF-1000-51-nodesc</styleUrl>
        <Polygon>
          <outerBoundaryIs>
            <LinearRing>
              <tessellate>1</tessellate>
              <coordinates>
                121.508675,25.03192,0
                121.508702,25.031808,0
                121.508796,25.031826,0
                121.50877,25.031939,0
                121.508675,25.03192,0
              </coordinates>
            </LinearRing>
          </outerBoundaryIs>
        </Polygon>
      </Placemark>
      <Placemark>
        <name>建築</name>
        <styleUrl>#poly-DCC8B4-1000-51-nodesc</styleUrl>
        <Polygon>
          <outerBoundaryIs>
            <LinearRing>
              <tessellate>1</tessellate>
              <coordinates>
                121.507759,25.031957,0
                121.507736,25.031933,0
                121.507757,25.031916,0
                121.50778,25.03194,0
                121.507759,25.031957,0
              </coordinates>
            </LinearRing>
          </outerBoundaryIs>
        </Polygon>
      </Placemark>
      <Placemark>
        <name>建築</name>
        <styleUrl>#poly-DCC8B4-1000-51-nodesc</styleUrl>
        <Polygon>
          <outerBoundaryIs>
            <LinearRing>
              <tessellate>1</tessellate>
              <coordinates>
                121.507705,25.031996,0
                121.507657,25.031946,0
                121.507704,25.031908,0
                121.507752,25.031958,0
                121.507705,25.031996,0
              </coordinates>
            </LinearRing>
          </outerBoundaryIs>
        </Polygon>
      </Placemark>
      <Placemark>
        <name>建築</name>
        <styleUrl>#poly-DCC8B4-1000-51-nodesc</styleUrl>
        <Polygon>
          <outerBoundaryIs>
            <LinearRing>
              <tessellate>1</tessellate>
              <coordinates>
                121.509271,25.033247,0
                121.509253,25.033248,0
                121.509248,25.033193,0
                121.509264,25.033192,0
                121.509303,25.033189,0
                121.509313,25.033188,0
                121.509467,25.033177,0
                121.509468,25.033191,0
                121.509566,25.033183,0
                121.509567,25.033201,0
                121.509358,25.033216,0
                121.509357,25.033198,0
                121.509267,25.033204,0
                121.509271,25.033247,0
              </coordinates>
            </LinearRing>
          </outerBoundaryIs>
        </Polygon>
      </Placemark>
      <Placemark>
        <name>建築</name>
        <styleUrl>#poly-DCC8B4-1000-51-nodesc</styleUrl>
        <Polygon>
          <outerBoundaryIs>
            <LinearRing>
              <tessellate>1</tessellate>
              <coordinates>
                121.509359,25.033263,0
                121.509358,25.033216,0
                121.509567,25.033201,0
                121.509571,25.03325,0
                121.509359,25.033263,0
              </coordinates>
            </LinearRing>
          </outerBoundaryIs>
        </Polygon>
      </Placemark>
      <Placemark>
        <name>建築</name>
        <styleUrl>#poly-DCC8B4-1000-51-nodesc</styleUrl>
        <Polygon>
          <outerBoundaryIs>
            <LinearRing>
              <tessellate>1</tessellate>
              <coordinates>
                121.509358,25.033216,0
                121.509359,25.033263,0
                121.50927,25.03327,0
                121.509271,25.033247,0
                121.509267,25.033204,0
                121.509357,25.033198,0
                121.509358,25.033216,0
              </coordinates>
            </LinearRing>
          </outerBoundaryIs>
        </Polygon>
      </Placemark>
      <Placemark>
        <name>建築</name>
        <styleUrl>#poly-DCC8B4-1000-51-nodesc</styleUrl>
        <Polygon>
          <outerBoundaryIs>
            <LinearRing>
              <tessellate>1</tessellate>
              <coordinates>
                121.509139,25.033286,0
                121.509136,25.033252,0
                121.509234,25.033247,0
                121.509253,25.033248,0
                121.509271,25.033247,0
                121.50927,25.03327,0
                121.509271,25.033279,0
                121.509139,25.033286,0
              </coordinates>
            </LinearRing>
          </outerBoundaryIs>
        </Polygon>
      </Placemark>
      <Placemark>
        <name>溫室</name>
        <styleUrl>#poly-FFFFFF-1000-51-nodesc</styleUrl>
        <Polygon>
          <outerBoundaryIs>
            <LinearRing>
              <tessellate>1</tessellate>
              <coordinates>
                121.509133,25.033204,0
                121.509231,25.033199,0
                121.509234,25.033247,0
                121.509136,25.033252,0
                121.509133,25.033204,0
              </coordinates>
            </LinearRing>
          </outerBoundaryIs>
        </Polygon>
      </Placemark>
      <Placemark>
        <name>建築</name>
        <styleUrl>#poly-DCC8B4-1000-51-nodesc</styleUrl>
        <Polygon>
          <outerBoundaryIs>
            <LinearRing>
              <tessellate>1</tessellate>
              <coordinates>
                121.509075,25.033289,0
                121.509015,25.033292,0
                121.509016,25.033314,0
                121.508903,25.03332,0
                121.508898,25.033247,0
                121.508939,25.033245,0
                121.509072,25.033238,0
                121.509075,25.033289,0
              </coordinates>
            </LinearRing>
          </outerBoundaryIs>
        </Polygon>
      </Placemark>
      <Placemark>
        <name>建築</name>
        <styleUrl>#poly-DCC8B4-1000-51-nodesc</styleUrl>
        <Polygon>
          <outerBoundaryIs>
            <LinearRing>
              <tessellate>1</tessellate>
              <coordinates>
                121.509136,25.033252,0
                121.509139,25.033286,0
                121.509075,25.033289,0
                121.509072,25.033238,0
                121.50907,25.033207,0
                121.509133,25.033204,0
                121.509136,25.033252,0
              </coordinates>
            </LinearRing>
          </outerBoundaryIs>
        </Polygon>
      </Placemark>
      <Placemark>
        <name>溫室</name>
        <styleUrl>#poly-FFFFFF-1000-51-nodesc</styleUrl>
        <Polygon>
          <outerBoundaryIs>
            <LinearRing>
              <tessellate>1</tessellate>
              <coordinates>
                121.509217,25.033192,0
                121.509087,25.033199,0
                121.509083,25.033142,0
                121.509214,25.033135,0
                121.509217,25.033192,0
              </coordinates>
            </LinearRing>
          </outerBoundaryIs>
        </Polygon>
      </Placemark>
      <Placemark>
        <name>蘭房</name>
        <styleUrl>#poly-FFFFFF-1000-51-nodesc</styleUrl>
        <Polygon>
          <outerBoundaryIs>
            <LinearRing>
              <tessellate>1</tessellate>
              <coordinates>
                121.509328,25.032945,0
                121.509161,25.032945,0
                121.509161,25.03288,0
                121.509328,25.03288,0
                121.509328,25.032945,0
              </coordinates>
            </LinearRing>
          </outerBoundaryIs>
        </Polygon>
      </Placemark>
      <Placemark>
        <name>溫室</name>
        <styleUrl>#poly-FFFFFF-1000-51-nodesc</styleUrl>
        <Polygon>
          <outerBoundaryIs>
            <LinearRing>
              <tessellate>1</tessellate>
              <coordinates>
                121.509151,25.033073,0
                121.509151,25.033023,0
                121.509198,25.032998,0
                121.509251,25.033022,0
                121.509251,25.033073,0
                121.50923,25.033085,0
                121.509201,25.033102,0
                121.509151,25.033073,0
              </coordinates>
            </LinearRing>
          </outerBoundaryIs>
        </Polygon>
      </Placemark>
      <Placemark>
        <name>建築</name>
        <styleUrl>#poly-DCC8B4-1000-51-nodesc</styleUrl>
        <Polygon>
          <outerBoundaryIs>
            <LinearRing>
              <tessellate>1</tessellate>
              <coordinates>
                121.50982,25.033024,0
                121.509836,25.033024,0
                121.50985,25.033027,0
                121.509863,25.033035,0
                121.509872,25.033046,0
                121.509877,25.033059,0
                121.509877,25.033073,0
                121.509872,25.033087,0
                121.509861,25.033098,0
                121.509848,25.033106,0
                121.509832,25.033109,0
                121.509816,25.033107,0
                121.509802,25.0331,0
                121.509795,25.033094,0
                121.509791,25.033089,0
                121.509785,25.033076,0
                121.509783,25.033063,0
                121.509787,25.03305,0
                121.509795,25.033038,0
                121.5098,25.033034,0
                121.509806,25.033029,0
                121.509812,25.033027,0
                121.50982,25.033024,0
              </coordinates>
            </LinearRing>
          </outerBoundaryIs>
        </Polygon>
      </Placemark>
      <Placemark>
        <name>建築</name>
        <styleUrl>#poly-DCC8B4-1000-51-nodesc</styleUrl>
        <Polygon>
          <outerBoundaryIs>
            <LinearRing>
              <tessellate>1</tessellate>
              <coordinates>
                121.509352,25.032978,0
                121.509361,25.033015,0
                121.509347,25.033027,0
                121.509351,25.033044,0
                121.50937,25.03305,0
                121.509384,25.033038,0
                121.50942,25.033061,0
                121.509406,25.033076,0
                121.509388,25.033086,0
                121.509367,25.03309,0
                121.509346,25.033087,0
                121.509327,25.033078,0
                121.509313,25.033064,0
                121.509305,25.033047,0
                121.509303,25.033029,0
                121.509308,25.033012,0
                121.509319,25.032996,0
                121.509333,25.032985,0
                121.509352,25.032978,0
              </coordinates>
            </LinearRing>
          </outerBoundaryIs>
        </Polygon>
      </Placemark>
      <Placemark>
        <name>建築</name>
        <styleUrl>#poly-DCC8B4-1000-51-nodesc</styleUrl>
        <Polygon>
          <outerBoundaryIs>
            <LinearRing>
              <tessellate>1</tessellate>
              <coordinates>
                121.509968,25.032975,0
                121.509942,25.032885,0
                121.509969,25.032878,0
                121.509964,25.032861,0
                121.510002,25.032852,0
                121.510007,25.032869,0
                121.510032,25.032863,0
                121.510058,25.032954,0
                121.509968,25.032975,0
              </coordinates>
            </LinearRing>
          </outerBoundaryIs>
        </Polygon>
      </Placemark>
      <Placemark>
        <name>建築</name>
        <styleUrl>#poly-DCC8B4-1000-51-nodesc</styleUrl>
        <Polygon>
          <outerBoundaryIs>
            <LinearRing>
              <tessellate>1</tessellate>
              <coordinates>
                121.509572,25.032679,0
                121.509443,25.032717,0
                121.509224,25.03278,0
                121.509212,25.032748,0
                121.50956,25.032646,0
                121.509562,25.032651,0
                121.509572,25.032679,0
              </coordinates>
            </LinearRing>
          </outerBoundaryIs>
        </Polygon>
      </Placemark>
      <Placemark>
        <name>建築</name>
        <styleUrl>#poly-DCC8B4-1000-51-nodesc</styleUrl>
        <Polygon>
          <outerBoundaryIs>
            <LinearRing>
              <tessellate>1</tessellate>
              <coordinates>
                121.509353,25.031257,0
                121.509337,25.031266,0
                121.509279,25.031178,0
                121.509361,25.031134,0
                121.509419,25.031222,0
                121.509395,25.031235,0
                121.509405,25.03125,0
                121.509389,25.031259,0
                121.509372,25.031268,0
                121.509362,25.031252,0
                121.509353,25.031257,0
              </coordinates>
            </LinearRing>
          </outerBoundaryIs>
        </Polygon>
      </Placemark>
      <Placemark>
        <name>建築</name>
        <styleUrl>#poly-DCC8B4-1000-51-nodesc</styleUrl>
        <Polygon>
          <outerBoundaryIs>
            <LinearRing>
              <tessellate>1</tessellate>
              <coordinates>
                121.510964,25.032417,0
                121.510956,25.032416,0
                121.510932,25.032411,0
                121.510926,25.03241,0
                121.510924,25.032378,0
                121.510943,25.03236,0
                121.510977,25.032366,0
                121.510985,25.032393,0
                121.510964,25.032417,0
              </coordinates>
            </LinearRing>
          </outerBoundaryIs>
        </Polygon>
      </Placemark>
      <Placemark>
        <name>建築</name>
        <styleUrl>#poly-DCC8B4-1000-51-nodesc</styleUrl>
        <Polygon>
          <outerBoundaryIs>
            <LinearRing>
              <tessellate>1</tessellate>
              <coordinates>
                121.508547,25.031715,0
                121.508553,25.031687,0
                121.508594,25.031694,0
                121.508588,25.031722,0
                121.508547,25.031715,0
              </coordinates>
            </LinearRing>
          </outerBoundaryIs>
        </Polygon>
      </Placemark>
      <Placemark>
        <name>建築</name>
        <styleUrl>#poly-DCC8B4-1000-51-nodesc</styleUrl>
        <Polygon>
          <outerBoundaryIs>
            <LinearRing>
              <tessellate>1</tessellate>
              <coordinates>
                121.508885,25.031707,0
                121.508882,25.031718,0
                121.508879,25.03173,0
                121.508832,25.031721,0
                121.508838,25.031698,0
                121.508885,25.031707,0
              </coordinates>
            </LinearRing>
          </outerBoundaryIs>
        </Polygon>
      </Placemark>
      <Placemark>
        <name>建築</name>
        <styleUrl>#poly-DCC8B4-1000-51-nodesc</styleUrl>
        <Polygon>
          <outerBoundaryIs>
            <LinearRing>
              <tessellate>1</tessellate>
              <coordinates>
                121.508847,25.03162,0
                121.508829,25.031696,0
                121.508784,25.031688,0
                121.508802,25.031612,0
                121.508847,25.03162,0
              </coordinates>
            </LinearRing>
          </outerBoundaryIs>
        </Polygon>
      </Placemark>
      <Placemark>
        <name>建築</name>
        <styleUrl>#poly-DCC8B4-1000-51-nodesc</styleUrl>
        <Polygon>
          <outerBoundaryIs>
            <LinearRing>
              <tessellate>1</tessellate>
              <coordinates>
                121.507556,25.031723,0
                121.507833,25.031472,0
                121.507864,25.031501,0
                121.507884,25.031483,0
                121.507934,25.031529,0
                121.507762,25.031684,0
                121.507822,25.031738,0
                121.507752,25.0318,0
                121.507716,25.031834,0
                121.507647,25.031771,0
                121.507625,25.031791,0
                121.507556,25.031723,0
              </coordinates>
            </LinearRing>
          </outerBoundaryIs>
        </Polygon>
      </Placemark>
      <Placemark>
        <name>建築</name>
        <styleUrl>#poly-DCC8B4-1000-51-nodesc</styleUrl>
        <Polygon>
          <outerBoundaryIs>
            <LinearRing>
              <tessellate>1</tessellate>
              <coordinates>
                121.508372,25.033302,0
                121.508373,25.033333,0
                121.508312,25.033335,0
                121.508311,25.033304,0
                121.508372,25.033302,0
              </coordinates>
            </LinearRing>
          </outerBoundaryIs>
        </Polygon>
      </Placemark>
      <Placemark>
        <name>建築</name>
        <styleUrl>#poly-DCC8B4-1000-51-nodesc</styleUrl>
        <Polygon>
          <outerBoundaryIs>
            <LinearRing>
              <tessellate>1</tessellate>
              <coordinates>
                121.508368,25.03329,0
                121.508301,25.033298,0
                121.508297,25.033268,0
                121.508364,25.033261,0
                121.508368,25.03329,0
              </coordinates>
            </LinearRing>
          </outerBoundaryIs>
        </Polygon>
      </Placemark>
      <Placemark>
        <name>建築</name>
        <styleUrl>#poly-DCC8B4-1000-51-nodesc</styleUrl>
        <Polygon>
          <outerBoundaryIs>
            <LinearRing>
              <tessellate>1</tessellate>
              <coordinates>
                121.508263,25.033258,0
                121.508184,25.033263,0
                121.508179,25.033201,0
                121.508258,25.033196,0
                121.50826,25.033216,0
                121.508263,25.033258,0
              </coordinates>
            </LinearRing>
          </outerBoundaryIs>
        </Polygon>
      </Placemark>
      <Placemark>
        <name>溫室</name>
        <styleUrl>#poly-FFFFFF-1000-51-nodesc</styleUrl>
        <Polygon>
          <outerBoundaryIs>
            <LinearRing>
              <tessellate>1</tessellate>
              <coordinates>
                121.508176,25.03326,0
                121.508079,25.033267,0
                121.508076,25.033228,0
                121.508173,25.033222,0
                121.508176,25.03326,0
              </coordinates>
            </LinearRing>
          </outerBoundaryIs>
        </Polygon>
      </Placemark>
      <Placemark>
        <name>溫室</name>
        <styleUrl>#poly-FFFFFF-1000-51-nodesc</styleUrl>
        <Polygon>
          <outerBoundaryIs>
            <LinearRing>
              <tessellate>1</tessellate>
              <coordinates>
                121.508273,25.033051,0
                121.508256,25.033189,0
                121.508204,25.033194,0
                121.50819,25.033058,0
                121.508273,25.033051,0
              </coordinates>
            </LinearRing>
          </outerBoundaryIs>
        </Polygon>
      </Placemark>
      <Placemark>
        <name>溫室</name>
        <styleUrl>#poly-FFFFFF-1000-51-nodesc</styleUrl>
        <Polygon>
          <outerBoundaryIs>
            <LinearRing>
              <tessellate>1</tessellate>
              <coordinates>
                121.508181,25.033196,0
                121.508092,25.033205,0
                121.508085,25.033148,0
                121.50808,25.033106,0
                121.508071,25.033035,0
                121.50816,25.033026,0
                121.508181,25.033196,0
              </coordinates>
            </LinearRing>
          </outerBoundaryIs>
        </Polygon>
      </Placemark>
      <Placemark>
        <name>建築</name>
        <styleUrl>#poly-DCC8B4-1000-51-nodesc</styleUrl>
        <Polygon>
          <outerBoundaryIs>
            <LinearRing>
              <tessellate>1</tessellate>
              <coordinates>
                121.508009,25.031576,0
                121.507901,25.031677,0
                121.507864,25.031644,0
                121.507836,25.03167,0
                121.507813,25.03165,0
                121.507913,25.031557,0
                121.50794,25.031581,0
                121.507976,25.031547,0
                121.508009,25.031576,0
              </coordinates>
            </LinearRing>
          </outerBoundaryIs>
        </Polygon>
      </Placemark>
      <Placemark>
        <name>水池</name>
        <styleUrl>#poly-6AB0E6-1000-85-nodesc</styleUrl>
        <Polygon>
          <outerBoundaryIs>
            <LinearRing>
              <tessellate>1</tessellate>
              <coordinates>
                121.508076,25.03303,0
                121.508074,25.033011,0
                121.508152,25.033003,0
                121.508154,25.033022,0
                121.508076,25.03303,0
              </coordinates>
            </LinearRing>
          </outerBoundaryIs>
        </Polygon>
      </Placemark>
      <Placemark>
        <name>水池</name>
        <styleUrl>#poly-6AB0E6-1000-85-nodesc</styleUrl>
        <Polygon>
          <outerBoundaryIs>
            <LinearRing>
              <tessellate>1</tessellate>
              <coordinates>
                121.508085,25.033148,0
                121.50807,25.03315,0
                121.508064,25.033108,0
                121.50808,25.033106,0
                121.508085,25.033148,0
              </coordinates>
            </LinearRing>
          </outerBoundaryIs>
        </Polygon>
      </Placemark>
      <Placemark>
        <name>警衛室</name>
        <styleUrl>#poly-DCC8B4-1000-51-nodesc</styleUrl>
        <Polygon>
          <outerBoundaryIs>
            <LinearRing>
              <tessellate>1</tessellate>
              <coordinates>
                121.508595,25.031082,0
                121.508642,25.031058,0
                121.508661,25.03109,0
                121.50863,25.031106,0
                121.508626,25.0311,0
                121.508611,25.031107,0
                121.508595,25.031082,0
              </coordinates>
            </LinearRing>
          </outerBoundaryIs>
        </Polygon>
      </Placemark>
      <Placemark>
        <name>建築</name>
        <styleUrl>#poly-DCC8B4-1000-51-nodesc</styleUrl>
        <Polygon>
          <outerBoundaryIs>
            <LinearRing>
              <tessellate>1</tessellate>
              <coordinates>
                121.507415,25.032964,0
                121.507515,25.032958,0
                121.507528,25.033151,0
                121.50744,25.033156,0
                121.507437,25.033108,0
                121.50743,25.033109,0
                121.507428,25.03308,0
                121.507442,25.033079,0
                121.50744,25.03305,0
                121.507421,25.033051,0
                121.507415,25.032964,0
              </coordinates>
            </LinearRing>
          </outerBoundaryIs>
        </Polygon>
      </Placemark>
      <Placemark>
        <name>建築</name>
        <styleUrl>#poly-DCC8B4-1000-51-nodesc</styleUrl>
        <Polygon>
          <outerBoundaryIs>
            <LinearRing>
              <tessellate>1</tessellate>
              <coordinates>
                121.50792,25.033127,0
                121.507559,25.033107,0
                121.507557,25.032986,0
                121.507906,25.032971,0
                121.50792,25.033127,0
              </coordinates>
            </LinearRing>
          </outerBoundaryIs>
        </Polygon>
      </Placemark>
      <Placemark>
        <name>建築</name>
        <styleUrl>#poly-DCC8B4-1000-51-nodesc</styleUrl>
        <Polygon>
          <outerBoundaryIs>
            <LinearRing>
              <tessellate>1</tessellate>
              <coordinates>
                121.509604,25.033732,0
                121.509534,25.033734,0
                121.509527,25.033601,0
                121.509598,25.033597,0
                121.509604,25.033732,0
              </coordinates>
            </LinearRing>
          </outerBoundaryIs>
        </Polygon>
      </Placemark>
      <Placemark>
        <name>建築</name>
        <styleUrl>#poly-DCC8B4-1000-51-nodesc</styleUrl>
        <Polygon>
          <outerBoundaryIs>
            <LinearRing>
              <tessellate>1</tessellate>
              <coordinates>
                121.511892,25.033448,0
                121.512259,25.033545,0
                121.512232,25.033632,0
                121.51221,25.033626,0
                121.512201,25.033655,0
                121.51223,25.033662,0
                121.512223,25.033685,0
                121.512201,25.03368,0
                121.512196,25.033695,0
                121.512228,25.033704,0
                121.512189,25.033823,0
                121.511803,25.033721,0
                121.511837,25.033615,0
                121.511865,25.033622,0
                121.511869,25.03361,0
                121.511846,25.033604,0
                121.511858,25.033566,0
                121.511903,25.033577,0
                121.511908,25.033562,0
                121.51186,25.033549,0
                121.511892,25.033448,0
              </coordinates>
            </LinearRing>
          </outerBoundaryIs>
        </Polygon>
      </Placemark>
      <Placemark>
        <name>欽差行臺</name>
        <styleUrl>#poly-DCC8B4-1000-51-nodesc</styleUrl>
        <Polygon>
          <outerBoundaryIs>
            <LinearRing>
              <tessellate>1</tessellate>
              <coordinates>
                121.508318,25.032125,0
                121.508367,25.03192,0
                121.508544,25.031954,0
                121.508548,25.03194,0
                121.508666,25.031963,0
                121.508663,25.031974,0
                121.508735,25.031988,0
                121.508738,25.031977,0
                121.508845,25.031998,0
                121.50885,25.031978,0
                121.508931,25.031994,0
                121.508914,25.032063,0
                121.508917,25.032063,0
                121.508904,25.032116,0
                121.508887,25.032191,0
                121.508884,25.03219,0
                121.508867,25.03226,0
                121.508795,25.032246,0
                121.508799,25.032228,0
                121.508684,25.032205,0
                121.508686,25.032194,0
                121.508614,25.03218,0
                121.50861,25.032194,0
                121.508493,25.032171,0
                121.508495,25.03216,0
                121.508318,25.032125,0
              </coordinates>
            </LinearRing>
          </outerBoundaryIs>
        </Polygon>
      </Placemark>
      <Placemark>
        <name>國立台灣藝術教育館</name>
        <styleUrl>#poly-DCC8B4-1000-51-nodesc</styleUrl>
        <Polygon>
          <outerBoundaryIs>
            <LinearRing>
              <tessellate>1</tessellate>
              <coordinates>
                121.51194,25.032331,0
                121.511819,25.03233,0
                121.511818,25.032399,0
                121.511916,25.0324,0
                121.511913,25.032572,0
                121.51181,25.03257,0
                121.511809,25.032659,0
                121.511933,25.032661,0
                121.512033,25.032662,0
                121.512234,25.032665,0
                121.512235,25.032563,0
                121.512189,25.032562,0
                121.512192,25.032406,0
                121.512283,25.032407,0
                121.512284,25.032338,0
                121.512156,25.032336,0
                121.512157,25.032284,0
                121.512348,25.032287,0
                121.51234,25.032801,0
                121.512288,25.0328,0
                121.512288,25.032785,0
                121.512168,25.032783,0
                121.512167,25.032847,0
                121.51226,25.032848,0
                121.512298,25.032849,0
                121.512297,25.032938,0
                121.512247,25.032938,0
                121.512248,25.032916,0
                121.511953,25.032913,0
                121.511953,25.032868,0
                121.511762,25.032865,0
                121.511764,25.032791,0
                121.511752,25.032791,0
                121.511755,25.032572,0
                121.511746,25.032572,0
                121.511749,25.032365,0
                121.51175,25.032276,0
                121.511941,25.032278,0
                121.51194,25.032331,0
              </coordinates>
            </LinearRing>
          </outerBoundaryIs>
        </Polygon>
      </Placemark>
      <Placemark>
        <name>國立台灣藝術教育館</name>
        <styleUrl>#poly-DCC8B4-1000-51-nodesc</styleUrl>
        <Polygon>
          <outerBoundaryIs>
            <LinearRing>
              <tessellate>1</tessellate>
              <coordinates>
                121.511555,25.031684,0
                121.511608,25.031628,0
                121.511777,25.031568,0
                121.511942,25.031662,0
                121.51194,25.031839,0
                121.511766,25.031912,0
                121.511665,25.031843,0
                121.511569,25.031845,0
                121.511555,25.031684,0
              </coordinates>
            </LinearRing>
          </outerBoundaryIs>
        </Polygon>
      </Placemark>
      <Placemark>
        <name>荷花池</name>
        <styleUrl>#poly-6AB0E6-1000-85-nodesc</styleUrl>
        <Polygon>
          <outerBoundaryIs>
            <LinearRing>
              <tessellate>1</tessellate>
              <coordinates>
                121.510644,25.032293,0
                121.510598,25.03225,0
                121.510593,25.032237,0
                121.510573,25.03211,0
                121.510579,25.032086,0
                121.510595,25.032054,0
                121.510593,25.032038,0
                121.510577,25.032023,0
                121.51053,25.031974,0
                121.510546,25.031955,0
                121.510548,25.031924,0
                121.510527,25.031902,0
                121.510511,25.0319,0
                121.510515,25.031814,0
                121.510496,25.031791,0
                121.510496,25.03178,0
                121.510491,25.031676,0
                121.510493,25.031657,0
                121.5105,25.031636,0
                121.510525,25.031606,0
                121.510537,25.031604,0
                121.510555,25.031614,0
                121.510582,25.031618,0
                121.510603,25.031602,0
                121.510613,25.031579,0
                121.510611,25.03156,0
                121.510598,25.031546,0
                121.510575,25.031529,0
                121.510584,25.031514,0
                121.510602,25.031499,0
                121.51064,25.031483,0
                121.51068,25.031475,0
                121.510715,25.03148,0
                121.510748,25.031496,0
                121.510768,25.031523,0
                121.51077,25.031545,0
                121.510829,25.031577,0
                121.510839,25.031586,0
                121.510835,25.031604,0
                121.510835,25.031616,0
                121.510845,25.031626,0
                121.510957,25.031656,0
                121.510954,25.031671,0
                121.510964,25.03169,0
                121.510983,25.0317,0
                121.511009,25.031701,0
                121.511029,25.03169,0
                121.511039,25.031676,0
                121.511229,25.031725,0
                121.511239,25.031735,0
                121.511238,25.031752,0
                121.511196,25.031792,0
                121.511175,25.031818,0
                121.511166,25.03184,0
                121.511176,25.031865,0
                121.511188,25.031879,0
                121.511198,25.031899,0
                121.511219,25.031926,0
                121.511214,25.031933,0
                121.511218,25.031971,0
                121.511221,25.03201,0
                121.511206,25.03205,0
                121.511168,25.032126,0
                121.511146,25.032166,0
                121.511146,25.032178,0
                121.511149,25.032184,0
                121.511145,25.032194,0
                121.511127,25.032208,0
                121.511112,25.032226,0
                121.511095,25.032264,0
                121.511099,25.032289,0
                121.511111,25.032321,0
                121.511108,25.032351,0
                121.511095,25.032375,0
                121.511094,25.032394,0
                121.511087,25.032413,0
                121.511066,25.032429,0
                121.511028,25.032426,0
                121.511016,25.032416,0
                121.511016,25.032403,0
                121.511013,25.03238,0
                121.511001,25.032355,0
                121.510977,25.032337,0
                121.51094,25.032335,0
                121.510913,25.032347,0
                121.5109,25.032375,0
                121.510852,25.0324,0
                121.510824,25.0324,0
                121.510817,25.032389,0
                121.5108,25.032369,0
                121.510768,25.03231,0
                121.510753,25.032295,0
                121.51073,25.032294,0
                121.510666,25.032306,0
                121.510644,25.032293,0
              </coordinates>
            </LinearRing>
          </outerBoundaryIs>
        </Polygon>
      </Placemark>
      <Placemark>
        <name>荷花池</name>
        <styleUrl>#poly-6AB0E6-1000-85-nodesc</styleUrl>
        <Polygon>
          <outerBoundaryIs>
            <LinearRing>
              <tessellate>1</tessellate>
              <coordinates>
                121.511317,25.032394,0
                121.511265,25.032392,0
                121.511251,25.032388,0
                121.511221,25.032391,0
                121.511194,25.032388,0
                121.511196,25.032365,0
                121.511195,25.032355,0
                121.511173,25.032313,0
                121.511167,25.032289,0
                121.511169,25.032267,0
                121.511191,25.032222,0
                121.511229,25.032161,0
                121.511241,25.032154,0
                121.511264,25.032141,0
                121.511296,25.032113,0
                121.51131,25.032094,0
                121.511319,25.032067,0
                121.51132,25.032042,0
                121.511312,25.032013,0
                121.511272,25.031946,0
                121.511242,25.03186,0
                121.51124,25.031844,0
                121.51125,25.031826,0
                121.511285,25.031784,0
                121.511302,25.031763,0
                121.511326,25.031747,0
                121.511391,25.031717,0
                121.511429,25.031714,0
                121.51145,25.03172,0
                121.511454,25.031724,0
                121.511458,25.03173,0
                121.511465,25.031741,0
                121.511463,25.031767,0
                121.511427,25.031895,0
                121.511411,25.031962,0
                121.511407,25.031995,0
                121.511407,25.032087,0
                121.511416,25.032144,0
                121.511402,25.032149,0
                121.511394,25.032152,0
                121.511373,25.032172,0
                121.511348,25.032239,0
                121.511344,25.032276,0
                121.511342,25.032336,0
                121.511341,25.03237,0
                121.511326,25.032391,0
                121.511317,25.032394,0
              </coordinates>
            </LinearRing>
          </outerBoundaryIs>
        </Polygon>
      </Placemark>
      <Placemark>
        <name>水池</name>
        <styleUrl>#poly-6AB0E6-1000-85-nodesc</styleUrl>
        <Polygon>
          <outerBoundaryIs>
            <LinearRing>
              <tessellate>1</tessellate>
              <coordinates>
                121.509272,25.032267,0
                121.509275,25.032275,0
                121.509268,25.032335,0
                121.509278,25.032355,0
                121.509281,25.032369,0
                121.509272,25.032377,0
                121.509262,25.032387,0
                121.509262,25.032403,0
                121.509288,25.032455,0
                121.509284,25.032476,0
                121.509284,25.032495,0
                121.509294,25.03252,0
                121.509294,25.032539,0
                121.509281,25.032558,0
                121.509264,25.032564,0
                121.509245,25.032573,0
                121.509229,25.03259,0
                121.509185,25.032726,0
                121.509172,25.032758,0
                121.509157,25.032796,0
                121.509137,25.032867,0
                121.509128,25.032882,0
                121.509113,25.032893,0
                121.5091,25.032897,0
                121.509055,25.032906,0
                121.509051,25.032916,0
                121.509102,25.032979,0
                121.509115,25.032998,0
                121.509107,25.033044,0
                121.509099,25.03307,0
                121.509072,25.033102,0
                121.509071,25.033111,0
                121.509069,25.033121,0
                121.509068,25.033128,0
                121.509065,25.033148,0
                121.50906,25.033175,0
                121.509051,25.033214,0
                121.509037,25.033226,0
                121.509022,25.033223,0
                121.509009,25.033209,0
                121.50901,25.033184,0
                121.509017,25.033151,0
                121.509023,25.033125,0
                121.509024,25.033117,0
                121.509026,25.03311,0
                121.509028,25.033097,0
                121.509046,25.033033,0
                121.50904,25.033024,0
                121.509001,25.033,0
                121.508968,25.032971,0
                121.508954,25.032956,0
                121.508949,25.032944,0
                121.508952,25.032934,0
                121.508965,25.032933,0
                121.508982,25.032928,0
                121.509007,25.032914,0
                121.509046,25.032877,0
                121.509057,25.032856,0
                121.509051,25.032839,0
                121.509052,25.032827,0
                121.509053,25.032812,0
                121.509053,25.032806,0
                121.509106,25.032768,0
                121.509096,25.032733,0
                121.509096,25.032688,0
                121.509107,25.032611,0
                121.509117,25.032584,0
                121.509121,25.032554,0
                121.50912,25.032486,0
                121.509154,25.032451,0
                121.509166,25.032425,0
                121.509166,25.032401,0
                121.509177,25.032367,0
                121.509208,25.032327,0
                121.509223,25.032272,0
                121.509228,25.032262,0
                121.509254,25.032262,0
                121.509272,25.032267,0
              </coordinates>
            </LinearRing>
          </outerBoundaryIs>
        </Polygon>
      </Placemark>
      <Placemark>
        <name>建築</name>
        <styleUrl>#poly-DCC8B4-1000-51-nodesc</styleUrl>
        <MultiGeometry>
          <Polygon>
            <outerBoundaryIs>
              <LinearRing>
                <tessellate>1</tessellate>
                <coordinates>
                  121.5096276,25.0333113,0
                  121.5096368,25.0333213,0
                  121.509628,25.0333209,0
                  121.5096276,25.0333113,0
                </coordinates>
              </LinearRing>
            </outerBoundaryIs>
          </Polygon>
          <Polygon>
            <outerBoundaryIs>
              <LinearRing>
                <tessellate>1</tessellate>
                <coordinates>
                  121.5096248,25.0333083,0
                  121.5096268,25.0332943,0
                  121.5096276,25.0333113,0
                  121.5096248,25.0333083,0
                </coordinates>
              </LinearRing>
            </outerBoundaryIs>
          </Polygon>
          <Polygon>
            <outerBoundaryIs>
              <LinearRing>
                <tessellate>1</tessellate>
                <coordinates>
                  121.5097828,25.0367851,0
                  121.5096438,25.0336756,0
                  121.5096508,25.0336743,0
                  121.5096738,25.0336623,0
                  121.5096772,25.0336585,0
                  121.5097828,25.0367851,0
                </coordinates>
              </LinearRing>
            </outerBoundaryIs>
          </Polygon>
          <Polygon>
            <outerBoundaryIs>
              <LinearRing>
                <tessellate>1</tessellate>
                <coordinates>
                  121.5096658,25.0333213,0
                  121.5096728,25.0333213,0
                  121.5097998,25.0333253,0
                  121.5098478,25.0335813,0
                  121.5097788,25.0335783,0
                  121.5097628,25.0335783,0
                  121.5096918,25.0335753,0
                  121.5096998,25.0335963,0
                  121.5096998,25.0336193,0
                  121.5096908,25.0336433,0
                  121.5096772,25.0336585,0
                  121.5096658,25.0333213,0
                </coordinates>
              </LinearRing>
            </outerBoundaryIs>
          </Polygon>
          <Polygon>
            <outerBoundaryIs>
              <LinearRing>
                <tessellate>1</tessellate>
                <coordinates>
                  121.5096238,25.0336793,0
                  121.5095968,25.0336763,0
                  121.5095738,25.0336643,0
                  121.5095558,25.0336473,0
                  121.5095458,25.0336253,0
                  121.5095428,25.0336033,0
                  121.5095488,25.0335803,0
                  121.5095558,25.0335713,0
                  121.5094928,25.0335693,0
                  121.5094718,25.0335683,0
                  121.5095308,25.0333163,0
                  121.509628,25.0333209,0
                  121.5096438,25.0336756,0
                  121.5096238,25.0336793,0
                </coordinates>
              </LinearRing>
            </outerBoundaryIs>
          </Polygon>
        </MultiGeometry>
      </Placemark>
    </Folder>
    <Folder>
      <name>第1張 方舟溫室（402 點）</name>
      <Placemark>
        <name>舟後-13 蘭嶼柿</name>
        <styleUrl>#icon-1899-0288D1-nodesc</styleUrl>
        <Point>
          <coordinates>
            121.509383,25.03313,0
          </coordinates>
        </Point>
      </Placemark>
      <Placemark>
        <name>舟後-16 類雛菊飛蓬</name>
        <styleUrl>#icon-1899-0288D1-nodesc</styleUrl>
        <Point>
          <coordinates>
            121.509538,25.033135,0
          </coordinates>
        </Point>
      </Placemark>
      <Placemark>
        <name>舟後-22 牙買加薄荷</name>
        <styleUrl>#icon-1899-0288D1-nodesc</styleUrl>
        <Point>
          <coordinates>
            121.509117,25.033069,0
          </coordinates>
        </Point>
      </Placemark>
      <Placemark>
        <name>舟後-23 白鶴靈芝</name>
        <styleUrl>#icon-1899-0288D1-nodesc</styleUrl>
        <Point>
          <coordinates>
            121.509114,25.033005,0
          </coordinates>
        </Point>
      </Placemark>
      <Placemark>
        <name>舟後-28 台灣海桐</name>
        <styleUrl>#icon-1899-0288D1-nodesc</styleUrl>
        <Point>
          <coordinates>
            121.509238,25.033093,0
          </coordinates>
        </Point>
      </Placemark>
      <Placemark>
        <name>舟後-40 美羅勒</name>
        <styleUrl>#icon-1899-0288D1-nodesc</styleUrl>
        <Point>
          <coordinates>
            121.509096,25.033072,0
          </coordinates>
        </Point>
      </Placemark>
      <Placemark>
        <name>舟後-41 苦滇菜</name>
        <styleUrl>#icon-1899-0288D1-nodesc</styleUrl>
        <Point>
          <coordinates>
            121.509481,25.032914,0
          </coordinates>
        </Point>
      </Placemark>
      <Placemark>
        <name>舟後-43 銅錢草</name>
        <styleUrl>#icon-1899-0288D1-nodesc</styleUrl>
        <Point>
          <coordinates>
            121.50943,25.033085,0
          </coordinates>
        </Point>
      </Placemark>
      <Placemark>
        <name>舟後-47 台灣佛甲草</name>
        <styleUrl>#icon-1899-0288D1-nodesc</styleUrl>
        <Point>
          <coordinates>
            121.509233,25.032966,0
          </coordinates>
        </Point>
      </Placemark>
      <Placemark>
        <name>舟後-48 哈瓦那辣椒</name>
        <styleUrl>#icon-1899-0288D1-nodesc</styleUrl>
        <Point>
          <coordinates>
            121.509479,25.033142,0
          </coordinates>
        </Point>
      </Placemark>
      <Placemark>
        <name>舟後-51 月橘</name>
        <styleUrl>#icon-1899-0288D1-nodesc</styleUrl>
        <Point>
          <coordinates>
            121.509589,25.033151,0
          </coordinates>
        </Point>
      </Placemark>
      <Placemark>
        <name>舟後-54 毛蟲婆婆納</name>
        <styleUrl>#icon-1899-0288D1-nodesc</styleUrl>
        <Point>
          <coordinates>
            121.509166,25.033094,0
          </coordinates>
        </Point>
      </Placemark>
      <Placemark>
        <name>舟後-56 益母草</name>
        <styleUrl>#icon-1899-0288D1-nodesc</styleUrl>
        <Point>
          <coordinates>
            121.509212,25.033086,0
          </coordinates>
        </Point>
      </Placemark>
      <Placemark>
        <name>舟後-57 腺花桑葉麻</name>
        <styleUrl>#icon-1899-0288D1-nodesc</styleUrl>
        <Point>
          <coordinates>
            121.509748,25.033131,0
          </coordinates>
        </Point>
      </Placemark>
      <Placemark>
        <name>舟後-58 西洋接骨木</name>
        <styleUrl>#icon-1899-0288D1-nodesc</styleUrl>
        <Point>
          <coordinates>
            121.509198,25.033131,0
          </coordinates>
        </Point>
      </Placemark>
      <Placemark>
        <name>舟後-59 青剛櫟</name>
        <styleUrl>#icon-1899-0288D1-nodesc</styleUrl>
        <Point>
          <coordinates>
            121.509612,25.033112,0
          </coordinates>
        </Point>
      </Placemark>
      <Placemark>
        <name>舟後-60 鵝鑾鼻決明</name>
        <styleUrl>#icon-1899-0288D1-nodesc</styleUrl>
        <Point>
          <coordinates>
            121.509253,25.032969,0
          </coordinates>
        </Point>
      </Placemark>
      <Placemark>
        <name>舟後-61 鵝鑾鼻野百合</name>
        <styleUrl>#icon-1899-0288D1-nodesc</styleUrl>
        <Point>
          <coordinates>
            121.509218,25.032965,0
          </coordinates>
        </Point>
      </Placemark>
      <Placemark>
        <name>舟後-62 假蒟</name>
        <styleUrl>#icon-1899-0288D1-nodesc</styleUrl>
        <Point>
          <coordinates>
            121.50922,25.033104,0
          </coordinates>
        </Point>
      </Placemark>
      <Placemark>
        <name>舟後-65 蘇氏鷗蔓</name>
        <styleUrl>#icon-1899-0288D1-nodesc</styleUrl>
        <Point>
          <coordinates>
            121.509238,25.032983,0
          </coordinates>
        </Point>
      </Placemark>
      <Placemark>
        <name>舟後-68 裂葉昭和草</name>
        <styleUrl>#icon-1899-0288D1-nodesc</styleUrl>
        <Point>
          <coordinates>
            121.509684,25.0331,0
          </coordinates>
        </Point>
      </Placemark>
      <Placemark>
        <name>舟後-70 長柄菊</name>
        <styleUrl>#icon-1899-0288D1-nodesc</styleUrl>
        <Point>
          <coordinates>
            121.509678,25.032885,0
          </coordinates>
        </Point>
      </Placemark>
      <Placemark>
        <name>舟後-74 克里奧羅可可樹</name>
        <styleUrl>#icon-1899-0288D1-nodesc</styleUrl>
        <Point>
          <coordinates>
            121.50946,25.033076,0
          </coordinates>
        </Point>
      </Placemark>
      <Placemark>
        <name>舟後-77 斑葉桔梗蘭</name>
        <styleUrl>#icon-1899-0288D1-nodesc</styleUrl>
        <Point>
          <coordinates>
            121.509882,25.033064,0
          </coordinates>
        </Point>
      </Placemark>
      <Placemark>
        <name>舟後-78 海葡萄</name>
        <styleUrl>#icon-1899-0288D1-nodesc</styleUrl>
        <Point>
          <coordinates>
            121.509512,25.033095,0
          </coordinates>
        </Point>
      </Placemark>
      <Placemark>
        <name>舟後-79 變葉藜</name>
        <styleUrl>#icon-1899-0288D1-nodesc</styleUrl>
        <Point>
          <coordinates>
            121.509188,25.033099,0
          </coordinates>
        </Point>
      </Placemark>
      <Placemark>
        <name>舟後-82 黃金百香果</name>
        <styleUrl>#icon-1899-0288D1-nodesc</styleUrl>
        <Point>
          <coordinates>
            121.509234,25.03312,0
          </coordinates>
        </Point>
      </Placemark>
      <Placemark>
        <name>舟後-84 可可樹</name>
        <styleUrl>#icon-1899-0288D1-nodesc</styleUrl>
        <Point>
          <coordinates>
            121.509113,25.033039,0
          </coordinates>
        </Point>
      </Placemark>
      <Placemark>
        <name>舟後-85 松田氏南五味子</name>
        <styleUrl>#icon-1899-0288D1-nodesc</styleUrl>
        <Point>
          <coordinates>
            121.50979,25.033056,0
          </coordinates>
        </Point>
      </Placemark>
      <Placemark>
        <name>舟後-86 梧桐</name>
        <styleUrl>#icon-1899-0288D1-nodesc</styleUrl>
        <Point>
          <coordinates>
            121.509503,25.03302,0
          </coordinates>
        </Point>
      </Placemark>
      <Placemark>
        <name>舟後-87 槭葉牽牛</name>
        <styleUrl>#icon-1899-0288D1-nodesc</styleUrl>
        <Point>
          <coordinates>
            121.509628,25.033136,0
          </coordinates>
        </Point>
      </Placemark>
      <Placemark>
        <name>舟後-88 空氣鳳梨</name>
        <styleUrl>#icon-1899-0288D1-nodesc</styleUrl>
        <Point>
          <coordinates>
            121.509277,25.033133,0
          </coordinates>
        </Point>
      </Placemark>
      <Placemark>
        <name>舟後-89 葛瑪蘭芭蕉</name>
        <styleUrl>#icon-1899-0288D1-nodesc</styleUrl>
        <Point>
          <coordinates>
            121.509433,25.033063,0
          </coordinates>
        </Point>
      </Placemark>
      <Placemark>
        <name>舟後-90 蘭嶼土沉香</name>
        <styleUrl>#icon-1899-0288D1-nodesc</styleUrl>
        <Point>
          <coordinates>
            121.509261,25.033082,0
          </coordinates>
        </Point>
      </Placemark>
      <Placemark>
        <name>舟後-91 降香黃檀</name>
        <styleUrl>#icon-1899-0288D1-nodesc</styleUrl>
        <Point>
          <coordinates>
            121.509848,25.033021,0
          </coordinates>
        </Point>
      </Placemark>
      <Placemark>
        <name>舟後-92 台灣木藍</name>
        <styleUrl>#icon-1899-0288D1-nodesc</styleUrl>
        <Point>
          <coordinates>
            121.509246,25.032976,0
          </coordinates>
        </Point>
      </Placemark>
      <Placemark>
        <name>舟後-94 旅人蕉</name>
        <styleUrl>#icon-1899-0288D1-nodesc</styleUrl>
        <Point>
          <coordinates>
            121.509606,25.033061,0
          </coordinates>
        </Point>
      </Placemark>
      <Placemark>
        <name>舟後-95 火龍果</name>
        <styleUrl>#icon-1899-0288D1-nodesc</styleUrl>
        <Point>
          <coordinates>
            121.509157,25.032986,0
          </coordinates>
        </Point>
      </Placemark>
      <Placemark>
        <name>舟後-96 翼豆</name>
        <styleUrl>#icon-1899-0288D1-nodesc</styleUrl>
        <Point>
          <coordinates>
            121.50927,25.033116,0
          </coordinates>
        </Point>
      </Placemark>
      <Placemark>
        <name>舟後-97 鵝鑾鼻蔓榕</name>
        <styleUrl>#icon-1899-0288D1-nodesc</styleUrl>
        <Point>
          <coordinates>
            121.509214,25.032985,0
          </coordinates>
        </Point>
      </Placemark>
      <Placemark>
        <name>舟後-98 圓葉煉莢豆</name>
        <styleUrl>#icon-1899-0288D1-nodesc</styleUrl>
        <Point>
          <coordinates>
            121.509253,25.033122,0
          </coordinates>
        </Point>
      </Placemark>
      <Placemark>
        <name>舟後-99 葛瑪蘭芭蕉</name>
        <styleUrl>#icon-1899-0288D1-nodesc</styleUrl>
        <Point>
          <coordinates>
            121.50958,25.033103,0
          </coordinates>
        </Point>
      </Placemark>
      <Placemark>
        <name>舟左-09 磯菊</name>
        <styleUrl>#icon-1899-0288D1-nodesc</styleUrl>
        <Point>
          <coordinates>
            121.509288,25.032829,0
          </coordinates>
        </Point>
      </Placemark>
      <Placemark>
        <name>舟左-11 茶梅</name>
        <styleUrl>#icon-1899-0288D1-nodesc</styleUrl>
        <Point>
          <coordinates>
            121.509258,25.03281,0
          </coordinates>
        </Point>
      </Placemark>
      <Placemark>
        <name>舟左-16 南嶺蕘花</name>
        <styleUrl>#icon-1899-0288D1-nodesc</styleUrl>
        <Point>
          <coordinates>
            121.5093,25.032783,0
          </coordinates>
        </Point>
      </Placemark>
      <Placemark>
        <name>舟左-27 委陵菜</name>
        <styleUrl>#icon-1899-0288D1-nodesc</styleUrl>
        <Point>
          <coordinates>
            121.509368,25.032788,0
          </coordinates>
        </Point>
      </Placemark>
      <Placemark>
        <name>舟左-28 威氏鐵莧</name>
        <styleUrl>#icon-1899-0288D1-nodesc</styleUrl>
        <Point>
          <coordinates>
            121.509247,25.032758,0
          </coordinates>
        </Point>
      </Placemark>
      <Placemark>
        <name>舟左-32 彎喙薹</name>
        <styleUrl>#icon-1899-0288D1-nodesc</styleUrl>
        <Point>
          <coordinates>
            121.509213,25.032794,0
          </coordinates>
        </Point>
      </Placemark>
      <Placemark>
        <name>舟左-36 羅山腹水草</name>
        <styleUrl>#icon-1899-0288D1-nodesc</styleUrl>
        <Point>
          <coordinates>
            121.509349,25.032818,0
          </coordinates>
        </Point>
      </Placemark>
      <Placemark>
        <name>舟左-37 茄苳</name>
        <styleUrl>#icon-1899-0288D1-nodesc</styleUrl>
        <Point>
          <coordinates>
            121.509253,25.032866,0
          </coordinates>
        </Point>
      </Placemark>
      <Placemark>
        <name>舟左-39 菁芳草</name>
        <styleUrl>#icon-1899-0288D1-nodesc</styleUrl>
        <Point>
          <coordinates>
            121.509264,25.032797,0
          </coordinates>
        </Point>
      </Placemark>
      <Placemark>
        <name>舟左-40 阿里山油菊</name>
        <styleUrl>#icon-1899-0288D1-nodesc</styleUrl>
        <Point>
          <coordinates>
            121.509276,25.032814,0
          </coordinates>
        </Point>
      </Placemark>
      <Placemark>
        <name>舟左-44 節毛鼠尾草</name>
        <styleUrl>#icon-1899-0288D1-nodesc</styleUrl>
        <Point>
          <coordinates>
            121.509445,25.032785,0
          </coordinates>
        </Point>
      </Placemark>
      <Placemark>
        <name>舟左-54 山油柑</name>
        <styleUrl>#icon-1899-0288D1-nodesc</styleUrl>
        <Point>
          <coordinates>
            121.509203,25.032769,0
          </coordinates>
        </Point>
      </Placemark>
      <Placemark>
        <name>舟左-55 稜軸土人參</name>
        <styleUrl>#icon-1899-0288D1-nodesc</styleUrl>
        <Point>
          <coordinates>
            121.509321,25.03282,0
          </coordinates>
        </Point>
      </Placemark>
      <Placemark>
        <name>舟左-56 歐洲忍冬</name>
        <styleUrl>#icon-1899-0288D1-nodesc</styleUrl>
        <Point>
          <coordinates>
            121.5095068,25.0329294,0
          </coordinates>
        </Point>
      </Placemark>
      <Placemark>
        <name>舟左-59 清水山Ｘ巴陵石竹</name>
        <styleUrl>#icon-1899-0288D1-nodesc</styleUrl>
        <Point>
          <coordinates>
            121.5094055,25.0328215,0
          </coordinates>
        </Point>
      </Placemark>
      <Placemark>
        <name>舟左-60 皮孫木</name>
        <styleUrl>#icon-1899-0288D1-nodesc</styleUrl>
        <Point>
          <coordinates>
            121.509183,25.03292,0
          </coordinates>
        </Point>
      </Placemark>
      <Placemark>
        <name>舟左-66 火花離根香</name>
        <styleUrl>#icon-1899-0288D1-nodesc</styleUrl>
        <Point>
          <coordinates>
            121.509406,25.032768,0
          </coordinates>
        </Point>
      </Placemark>
      <Placemark>
        <name>舟左-68 陰行草</name>
        <styleUrl>#icon-1899-0288D1-nodesc</styleUrl>
        <Point>
          <coordinates>
            121.509391,25.032827,0
          </coordinates>
        </Point>
      </Placemark>
      <Placemark>
        <name>舟左-69 台灣地榆</name>
        <styleUrl>#icon-1899-0288D1-nodesc</styleUrl>
        <Point>
          <coordinates>
            121.509384,25.032797,0
          </coordinates>
        </Point>
      </Placemark>
      <Placemark>
        <name>舟左-70 竹節蓼</name>
        <styleUrl>#icon-1899-0288D1-nodesc</styleUrl>
        <Point>
          <coordinates>
            121.509271,25.032786,0
          </coordinates>
        </Point>
      </Placemark>
      <Placemark>
        <name>舟左-73 假紫斑大戟</name>
        <styleUrl>#icon-1899-0288D1-nodesc</styleUrl>
        <Point>
          <coordinates>
            121.50941,25.032821,0
          </coordinates>
        </Point>
      </Placemark>
      <Placemark>
        <name>舟左-74 毛脈三葉五加</name>
        <styleUrl>#icon-1899-0288D1-nodesc</styleUrl>
        <Point>
          <coordinates>
            121.509196,25.032842,0
          </coordinates>
        </Point>
      </Placemark>
      <Placemark>
        <name>舟左-75 牡蒿</name>
        <styleUrl>#icon-1899-0288D1-nodesc</styleUrl>
        <Point>
          <coordinates>
            121.509344,25.032809,0
          </coordinates>
        </Point>
      </Placemark>
      <Placemark>
        <name>舟左-77 稜軸土人參</name>
        <styleUrl>#icon-1899-0288D1-nodesc</styleUrl>
        <Point>
          <coordinates>
            121.509306,25.032812,0
          </coordinates>
        </Point>
      </Placemark>
      <Placemark>
        <name>舟左-78 米碎柃木</name>
        <styleUrl>#icon-1899-0288D1-nodesc</styleUrl>
        <Point>
          <coordinates>
            121.509348,25.032774,0
          </coordinates>
        </Point>
      </Placemark>
      <Placemark>
        <name>舟左-79 雞屎藤</name>
        <styleUrl>#icon-1899-0288D1-nodesc</styleUrl>
        <Point>
          <coordinates>
            121.509376,25.032723,0
          </coordinates>
        </Point>
      </Placemark>
      <Placemark>
        <name>舟左-80 台灣火刺木</name>
        <styleUrl>#icon-1899-0288D1-nodesc</styleUrl>
        <Point>
          <coordinates>
            121.50941,25.032717,0
          </coordinates>
        </Point>
      </Placemark>
      <Placemark>
        <name>舟左-81 小葉厚殼樹</name>
        <styleUrl>#icon-1899-0288D1-nodesc</styleUrl>
        <Point>
          <coordinates>
            121.509235,25.03288,0
          </coordinates>
        </Point>
      </Placemark>
      <Placemark>
        <name>舟左-82 蘄艾</name>
        <styleUrl>#icon-1899-0288D1-nodesc</styleUrl>
        <Point>
          <coordinates>
            121.509345,25.03276,0
          </coordinates>
        </Point>
      </Placemark>
      <Placemark>
        <name>舟左-83 油菊</name>
        <styleUrl>#icon-1899-0288D1-nodesc</styleUrl>
        <Point>
          <coordinates>
            121.509311,25.032834,0
          </coordinates>
        </Point>
      </Placemark>
      <Placemark>
        <name>舟右-29 雙面刺</name>
        <styleUrl>#icon-1899-0288D1-nodesc</styleUrl>
        <Point>
          <coordinates>
            121.50981,25.032752,0
          </coordinates>
        </Point>
      </Placemark>
      <Placemark>
        <name>舟右-42 金塔朱槿</name>
        <styleUrl>#icon-1899-0288D1-nodesc</styleUrl>
        <Point>
          <coordinates>
            121.509857,25.032781,0
          </coordinates>
        </Point>
      </Placemark>
      <Placemark>
        <name>舟右-44 九芎</name>
        <styleUrl>#icon-1899-0288D1-nodesc</styleUrl>
        <Point>
          <coordinates>
            121.5098174,25.0328541,0
          </coordinates>
        </Point>
      </Placemark>
      <Placemark>
        <name>舟右-51 紅仔珠</name>
        <styleUrl>#icon-1899-0288D1-nodesc</styleUrl>
        <Point>
          <coordinates>
            121.509829,25.032758,0
          </coordinates>
        </Point>
      </Placemark>
      <Placemark>
        <name>舟右-52 蘭嶼胡椒</name>
        <styleUrl>#icon-1899-0288D1-nodesc</styleUrl>
        <Point>
          <coordinates>
            121.509864,25.032742,0
          </coordinates>
        </Point>
      </Placemark>
      <Placemark>
        <name>舟右-59 山胡枝子</name>
        <styleUrl>#icon-1899-0288D1-nodesc</styleUrl>
        <Point>
          <coordinates>
            121.5097604,25.0326886,0
          </coordinates>
        </Point>
      </Placemark>
      <Placemark>
        <name>舟右-60 恆春薯蕷</name>
        <styleUrl>#icon-1899-0288D1-nodesc</styleUrl>
        <Point>
          <coordinates>
            121.509802,25.032763,0
          </coordinates>
        </Point>
      </Placemark>
      <Placemark>
        <name>舟右-61 烏柑仔</name>
        <styleUrl>#icon-1899-0288D1-nodesc</styleUrl>
        <Point>
          <coordinates>
            121.509835,25.03281,0
          </coordinates>
        </Point>
      </Placemark>
      <Placemark>
        <name>舟右-62 搭肉刺</name>
        <styleUrl>#icon-1899-0288D1-nodesc</styleUrl>
        <Point>
          <coordinates>
            121.509805,25.032733,0
          </coordinates>
        </Point>
      </Placemark>
      <Placemark>
        <name>舟-01 李氏櫻桃</name>
        <styleUrl>#icon-1899-0288D1-nodesc</styleUrl>
        <Point>
          <coordinates>
            121.509838,25.032588,0
          </coordinates>
        </Point>
      </Placemark>
      <Placemark>
        <name>舟-13 台灣一葉蘭</name>
        <styleUrl>#icon-1899-0288D1-nodesc</styleUrl>
        <Point>
          <coordinates>
            121.509673,25.032781,0
          </coordinates>
        </Point>
      </Placemark>
      <Placemark>
        <name>舟-14 台灣胡麻花</name>
        <styleUrl>#icon-1899-0288D1-nodesc</styleUrl>
        <Point>
          <coordinates>
            121.50964,25.032797,0
          </coordinates>
        </Point>
      </Placemark>
      <Placemark>
        <name>舟-17 小蠟燭蘭</name>
        <styleUrl>#icon-1899-0288D1-nodesc</styleUrl>
        <Point>
          <coordinates>
            121.509705,25.032798,0
          </coordinates>
        </Point>
      </Placemark>
      <Placemark>
        <name>舟-20 橙花秋海棠</name>
        <styleUrl>#icon-1899-0288D1-nodesc</styleUrl>
        <Point>
          <coordinates>
            121.509687,25.032815,0
          </coordinates>
        </Point>
      </Placemark>
      <Placemark>
        <name>舟-21 毛緣薹草</name>
        <styleUrl>#icon-1899-0288D1-nodesc</styleUrl>
        <Point>
          <coordinates>
            121.509242,25.032881,0
          </coordinates>
        </Point>
      </Placemark>
      <Placemark>
        <name>舟-22 烏來石山桃</name>
        <styleUrl>#icon-1899-0288D1-nodesc</styleUrl>
        <Point>
          <coordinates>
            121.509223,25.032887,0
          </coordinates>
        </Point>
      </Placemark>
      <Placemark>
        <name>舟-24 艾瑟氏捕蟲堇</name>
        <styleUrl>#icon-1899-0288D1-nodesc</styleUrl>
        <Point>
          <coordinates>
            121.509315,25.032922,0
          </coordinates>
        </Point>
      </Placemark>
      <Placemark>
        <name>舟-25 萬年青</name>
        <styleUrl>#icon-1899-0288D1-nodesc</styleUrl>
        <Point>
          <coordinates>
            121.509664,25.032804,0
          </coordinates>
        </Point>
      </Placemark>
      <Placemark>
        <name>舟-26 藤枝秋海棠</name>
        <styleUrl>#icon-1899-0288D1-nodesc</styleUrl>
        <Point>
          <coordinates>
            121.50965,25.032764,0
          </coordinates>
        </Point>
      </Placemark>
      <Placemark>
        <name>舟-31 台灣及己</name>
        <styleUrl>#icon-1899-0288D1-nodesc</styleUrl>
        <Point>
          <coordinates>
            121.509265,25.032858,0
          </coordinates>
        </Point>
      </Placemark>
      <Placemark>
        <name>舟-32 喜花草</name>
        <styleUrl>#icon-1899-0288D1-nodesc</styleUrl>
        <Point>
          <coordinates>
            121.509713,25.032746,0
          </coordinates>
        </Point>
      </Placemark>
      <Placemark>
        <name>舟-33 大葉絨蘭</name>
        <styleUrl>#icon-1899-0288D1-nodesc</styleUrl>
        <Point>
          <coordinates>
            121.509239,25.032847,0
          </coordinates>
        </Point>
      </Placemark>
      <Placemark>
        <name>舟-34 寬葉線柱蘭</name>
        <styleUrl>#icon-1899-0288D1-nodesc</styleUrl>
        <Point>
          <coordinates>
            121.509266,25.032882,0
          </coordinates>
        </Point>
      </Placemark>
      <Placemark>
        <name>舟-36 帶唇蘭</name>
        <styleUrl>#icon-1899-0288D1-nodesc</styleUrl>
        <Point>
          <coordinates>
            121.509187,25.032894,0
          </coordinates>
        </Point>
      </Placemark>
      <Placemark>
        <name>舟-38 粗莖毛蘭</name>
        <styleUrl>#icon-1899-0288D1-nodesc</styleUrl>
        <Point>
          <coordinates>
            121.509211,25.032856,0
          </coordinates>
        </Point>
      </Placemark>
      <Placemark>
        <name>舟-40 羞花蘭</name>
        <styleUrl>#icon-1899-0288D1-nodesc</styleUrl>
        <Point>
          <coordinates>
            121.509691,25.032771,0
          </coordinates>
        </Point>
      </Placemark>
      <Placemark>
        <name>舟-42 香港毛蘭</name>
        <styleUrl>#icon-1899-0288D1-nodesc</styleUrl>
        <Point>
          <coordinates>
            121.509209,25.032877,0
          </coordinates>
        </Point>
      </Placemark>
      <Placemark>
        <name>舟-43 馬達加斯加風蘭</name>
        <styleUrl>#icon-1899-0288D1-nodesc</styleUrl>
        <Point>
          <coordinates>
            121.509193,25.032862,0
          </coordinates>
        </Point>
      </Placemark>
      <Placemark>
        <name>舟-45 齒唇羊耳蒜</name>
        <styleUrl>#icon-1899-0288D1-nodesc</styleUrl>
        <Point>
          <coordinates>
            121.509254,25.032908,0
          </coordinates>
        </Point>
      </Placemark>
      <Placemark>
        <name>舟-47 大花羊耳蒜</name>
        <styleUrl>#icon-1899-0288D1-nodesc</styleUrl>
        <Point>
          <coordinates>
            121.50928,25.032875,0
          </coordinates>
        </Point>
      </Placemark>
      <Placemark>
        <name>舟-48 大苞秋海棠</name>
        <styleUrl>#icon-1899-0288D1-nodesc</styleUrl>
        <Point>
          <coordinates>
            121.50918,25.032879,0
          </coordinates>
        </Point>
      </Placemark>
      <Placemark>
        <name>舟-49 寶島羊耳蒜</name>
        <styleUrl>#icon-1899-0288D1-nodesc</styleUrl>
        <Point>
          <coordinates>
            121.50928,25.032903,0
          </coordinates>
        </Point>
      </Placemark>
      <Placemark>
        <name>舟-52 毛筆天南星</name>
        <styleUrl>#icon-1899-0288D1-nodesc</styleUrl>
        <Point>
          <coordinates>
            121.509585,25.032822,0
          </coordinates>
        </Point>
      </Placemark>
      <Placemark>
        <name>舟-55 玉山櫻草</name>
        <styleUrl>#icon-1899-0288D1-nodesc</styleUrl>
        <Point>
          <coordinates>
            121.509658,25.032774,0
          </coordinates>
        </Point>
      </Placemark>
      <Placemark>
        <name>舟-56 琉璃殿</name>
        <styleUrl>#icon-1899-0288D1-nodesc</styleUrl>
        <Point>
          <coordinates>
            121.509555,25.032843,0
          </coordinates>
        </Point>
      </Placemark>
      <Placemark>
        <name>舟-57 琴葉毬蘭</name>
        <styleUrl>#icon-1899-0288D1-nodesc</styleUrl>
        <Point>
          <coordinates>
            121.509718,25.032762,0
          </coordinates>
        </Point>
      </Placemark>
      <Placemark>
        <name>舟-58 白石斛蘭</name>
        <styleUrl>#icon-1899-0288D1-nodesc</styleUrl>
        <Point>
          <coordinates>
            121.509253,25.032845,0
          </coordinates>
        </Point>
      </Placemark>
      <Placemark>
        <name>舟-61 短穗毛舌蘭</name>
        <styleUrl>#icon-1899-0288D1-nodesc</styleUrl>
        <Point>
          <coordinates>
            121.509291,25.032853,0
          </coordinates>
        </Point>
      </Placemark>
      <Placemark>
        <name>舟-70 卷萼兜蘭</name>
        <styleUrl>#icon-1899-0288D1-nodesc</styleUrl>
        <Point>
          <coordinates>
            121.509269,25.032846,0
          </coordinates>
        </Point>
      </Placemark>
      <Placemark>
        <name>舟-71 台灣嗩吶草</name>
        <styleUrl>#icon-1899-0288D1-nodesc</styleUrl>
        <Point>
          <coordinates>
            121.509631,25.032779,0
          </coordinates>
        </Point>
      </Placemark>
      <Placemark>
        <name>舟-73 台灣撬釵蘭</name>
        <styleUrl>#icon-1899-0288D1-nodesc</styleUrl>
        <Point>
          <coordinates>
            121.5093,25.032885,0
          </coordinates>
        </Point>
      </Placemark>
      <Placemark>
        <name>舟-74 台灣白及</name>
        <styleUrl>#icon-1899-0288D1-nodesc</styleUrl>
        <Point>
          <coordinates>
            121.509232,25.032908,0
          </coordinates>
        </Point>
      </Placemark>
      <Placemark>
        <name>舟-78 捕蠅草</name>
        <styleUrl>#icon-1899-0288D1-nodesc</styleUrl>
        <Point>
          <coordinates>
            121.5097,25.032749,0
          </coordinates>
        </Point>
      </Placemark>
      <Placemark>
        <name>舟-80 毛萼毬蘭</name>
        <styleUrl>#icon-1899-0288D1-nodesc</styleUrl>
        <Point>
          <coordinates>
            121.509248,25.032865,0
          </coordinates>
        </Point>
      </Placemark>
      <Placemark>
        <name>舟-82 白點蘭</name>
        <styleUrl>#icon-1899-0288D1-nodesc</styleUrl>
        <Point>
          <coordinates>
            121.509207,25.032903,0
          </coordinates>
        </Point>
      </Placemark>
      <Placemark>
        <name>舟-84 紫毛兜蘭</name>
        <styleUrl>#icon-1899-0288D1-nodesc</styleUrl>
        <Point>
          <coordinates>
            121.509281,25.032835,0
          </coordinates>
        </Point>
      </Placemark>
      <Placemark>
        <name>舟-86 豆蘭</name>
        <styleUrl>#icon-1899-0288D1-nodesc</styleUrl>
        <Point>
          <coordinates>
            121.509305,25.032852,0
          </coordinates>
        </Point>
      </Placemark>
      <Placemark>
        <name>舟-87 豬籠草</name>
        <styleUrl>#icon-1899-0288D1-nodesc</styleUrl>
        <Point>
          <coordinates>
            121.50973,25.032749,0
          </coordinates>
        </Point>
      </Placemark>
      <Placemark>
        <name>舟-89 銀葉裂瓣毬蘭</name>
        <styleUrl>#icon-1899-0288D1-nodesc</styleUrl>
        <Point>
          <coordinates>
            121.509296,25.032832,0
          </coordinates>
        </Point>
      </Placemark>
      <Placemark>
        <name>舟-90 風蘭</name>
        <styleUrl>#icon-1899-0288D1-nodesc</styleUrl>
        <Point>
          <coordinates>
            121.509214,25.032846,0
          </coordinates>
        </Point>
      </Placemark>
      <Placemark>
        <name>舟-91 鴿石斛</name>
        <styleUrl>#icon-1899-0288D1-nodesc</styleUrl>
        <Point>
          <coordinates>
            121.509312,25.032873,0
          </coordinates>
        </Point>
      </Placemark>
      <Placemark>
        <name>舟-92 黃花三七草</name>
        <styleUrl>#icon-1899-0288D1-nodesc</styleUrl>
        <Point>
          <coordinates>
            121.509659,25.032753,0
          </coordinates>
        </Point>
      </Placemark>
      <Placemark>
        <name>舟-93 黃花鳳仙花</name>
        <styleUrl>#icon-1899-0288D1-nodesc</styleUrl>
        <Point>
          <coordinates>
            121.509647,25.032756,0
          </coordinates>
        </Point>
      </Placemark>
      <Placemark>
        <name>舟-94 俄氏草</name>
        <styleUrl>#icon-1899-0288D1-nodesc</styleUrl>
        <Point>
          <coordinates>
            121.509715,25.03279,0
          </coordinates>
        </Point>
      </Placemark>
      <Placemark>
        <name>舟-97 小葉深山野牡丹</name>
        <styleUrl>#icon-1899-0288D1-nodesc</styleUrl>
        <Point>
          <coordinates>
            121.509228,25.032864,0
          </coordinates>
        </Point>
      </Placemark>
      <Placemark>
        <name>舟-101 瓶子草</name>
        <styleUrl>#icon-1899-0288D1-nodesc</styleUrl>
        <Point>
          <coordinates>
            121.509731,25.032787,0
          </coordinates>
        </Point>
      </Placemark>
      <Placemark>
        <name>舟-102 疣柄魔芋</name>
        <styleUrl>#icon-1899-0288D1-nodesc</styleUrl>
        <Point>
          <coordinates>
            121.509592,25.032803,0
          </coordinates>
        </Point>
      </Placemark>
      <Placemark>
        <name>舟-103 石仙桃</name>
        <styleUrl>#icon-1899-0288D1-nodesc</styleUrl>
        <Point>
          <coordinates>
            121.509232,25.032808,0
          </coordinates>
        </Point>
      </Placemark>
      <Placemark>
        <name>舟-105 美花隔距蘭</name>
        <styleUrl>#icon-1899-0288D1-nodesc</styleUrl>
        <Point>
          <coordinates>
            121.509211,25.032823,0
          </coordinates>
        </Point>
      </Placemark>
      <Placemark>
        <name>舟-106 翠華捲瓣蘭</name>
        <styleUrl>#icon-1899-0288D1-nodesc</styleUrl>
        <Point>
          <coordinates>
            121.509623,25.032809,0
          </coordinates>
        </Point>
      </Placemark>
      <Placemark>
        <name>舟-108 裂唇軟葉蘭</name>
        <styleUrl>#icon-1899-0288D1-nodesc</styleUrl>
        <Point>
          <coordinates>
            121.509265,25.032822,0
          </coordinates>
        </Point>
      </Placemark>
      <Placemark>
        <name>舟-110 鈎狀石斛</name>
        <styleUrl>#icon-1899-0288D1-nodesc</styleUrl>
        <Point>
          <coordinates>
            121.509283,25.032816,0
          </coordinates>
        </Point>
      </Placemark>
      <Placemark>
        <name>舟-114 魔盤</name>
        <styleUrl>#icon-1899-0288D1-nodesc</styleUrl>
        <Point>
          <coordinates>
            121.509318,25.032831,0
          </coordinates>
        </Point>
      </Placemark>
      <Placemark>
        <name>舟-115 冷水花</name>
        <styleUrl>#icon-1899-0288D1-nodesc</styleUrl>
        <Point>
          <coordinates>
            121.509673,25.032756,0
          </coordinates>
        </Point>
      </Placemark>
      <Placemark>
        <name>舟-116 凹唇軟葉蘭</name>
        <styleUrl>#icon-1899-0288D1-nodesc</styleUrl>
        <Point>
          <coordinates>
            121.50931,25.032846,0
          </coordinates>
        </Point>
      </Placemark>
      <Placemark>
        <name>舟-117 割雞芒</name>
        <styleUrl>#icon-1899-0288D1-nodesc</styleUrl>
        <Point>
          <coordinates>
            121.509698,25.032741,0
          </coordinates>
        </Point>
      </Placemark>
      <Placemark>
        <name>舟-118 叉葉毛氈苔</name>
        <styleUrl>#icon-1899-0288D1-nodesc</styleUrl>
        <Point>
          <coordinates>
            121.50965,25.03283,0
          </coordinates>
        </Point>
      </Placemark>
      <Placemark>
        <name>舟-119 墨西哥拖鞋蘭</name>
        <styleUrl>#icon-1899-0288D1-nodesc</styleUrl>
        <Point>
          <coordinates>
            121.509293,25.032794,0
          </coordinates>
        </Point>
      </Placemark>
      <Placemark>
        <name>舟-120 墨西哥拖鞋蘭</name>
        <styleUrl>#icon-1899-0288D1-nodesc</styleUrl>
        <Point>
          <coordinates>
            121.509309,25.032876,0
          </coordinates>
        </Point>
      </Placemark>
      <Placemark>
        <name>舟-121 孔斯鹿角蘭</name>
        <styleUrl>#icon-1899-0288D1-nodesc</styleUrl>
        <Point>
          <coordinates>
            121.509644,25.032732,0
          </coordinates>
        </Point>
      </Placemark>
      <Placemark>
        <name>舟-122 山芫荽</name>
        <styleUrl>#icon-1899-0288D1-nodesc</styleUrl>
        <Point>
          <coordinates>
            121.509678,25.032741,0
          </coordinates>
        </Point>
      </Placemark>
      <Placemark>
        <name>舟-123 巴拿馬草</name>
        <styleUrl>#icon-1899-0288D1-nodesc</styleUrl>
        <Point>
          <coordinates>
            121.509718,25.032826,0
          </coordinates>
        </Point>
      </Placemark>
      <Placemark>
        <name>舟-124 斑萼卡特蘭</name>
        <styleUrl>#icon-1899-0288D1-nodesc</styleUrl>
        <Point>
          <coordinates>
            121.509312,25.032814,0
          </coordinates>
        </Point>
      </Placemark>
      <Placemark>
        <name>舟-126 早田氏鼠尾草</name>
        <styleUrl>#icon-1899-0288D1-nodesc</styleUrl>
        <Point>
          <coordinates>
            121.50963,25.032732,0
          </coordinates>
        </Point>
      </Placemark>
      <Placemark>
        <name>舟-128 樟葉木防巳</name>
        <styleUrl>#icon-1899-0288D1-nodesc</styleUrl>
        <Point>
          <coordinates>
            121.509737,25.032812,0
          </coordinates>
        </Point>
      </Placemark>
      <Placemark>
        <name>舟-129 水晶花燭</name>
        <styleUrl>#icon-1899-0288D1-nodesc</styleUrl>
        <Point>
          <coordinates>
            121.509669,25.032727,0
          </coordinates>
        </Point>
      </Placemark>
      <Placemark>
        <name>舟-130 烏來柯麗白蘭</name>
        <styleUrl>#icon-1899-0288D1-nodesc</styleUrl>
        <Point>
          <coordinates>
            121.509184,25.032846,0
          </coordinates>
        </Point>
      </Placemark>
      <Placemark>
        <name>舟-131 矮摺唇蘭</name>
        <styleUrl>#icon-1899-0288D1-nodesc</styleUrl>
        <Point>
          <coordinates>
            121.509233,25.032832,0
          </coordinates>
        </Point>
      </Placemark>
      <Placemark>
        <name>舟-132 石吊蘭</name>
        <styleUrl>#icon-1899-0288D1-nodesc</styleUrl>
        <Point>
          <coordinates>
            121.509251,25.032813,0
          </coordinates>
        </Point>
      </Placemark>
      <Placemark>
        <name>舟-133 紫紋捲瓣蘭</name>
        <styleUrl>#icon-1899-0288D1-nodesc</styleUrl>
        <Point>
          <coordinates>
            121.509246,25.032828,0
          </coordinates>
        </Point>
      </Placemark>
      <Placemark>
        <name>舟-134 路野氏馬蘭</name>
        <styleUrl>#icon-1899-0288D1-nodesc</styleUrl>
        <Point>
          <coordinates>
            121.509674,25.032739,0
          </coordinates>
        </Point>
      </Placemark>
      <Placemark>
        <name>舟-135 邊沁氏盾座苣苔</name>
        <styleUrl>#icon-1899-0288D1-nodesc</styleUrl>
        <Point>
          <coordinates>
            121.509726,25.032734,0
          </coordinates>
        </Point>
      </Placemark>
      <Placemark>
        <name>舟-137 銀線蓮</name>
        <styleUrl>#icon-1899-0288D1-nodesc</styleUrl>
        <Point>
          <coordinates>
            121.509163,25.032914,0
          </coordinates>
        </Point>
      </Placemark>
      <Placemark>
        <name>舟-139 銀葉魔芋</name>
        <styleUrl>#icon-1899-0288D1-nodesc</styleUrl>
        <Point>
          <coordinates>
            121.509579,25.032806,0
          </coordinates>
        </Point>
      </Placemark>
      <Placemark>
        <name>舟-140 黃松蘭</name>
        <styleUrl>#icon-1899-0288D1-nodesc</styleUrl>
        <Point>
          <coordinates>
            121.509194,25.032845,0
          </coordinates>
        </Point>
      </Placemark>
      <Placemark>
        <name>舟-141 黃花莕菜</name>
        <styleUrl>#icon-1899-0288D1-nodesc</styleUrl>
        <Point>
          <coordinates>
            121.509619,25.032767,0
          </coordinates>
        </Point>
      </Placemark>
      <Placemark>
        <name>舟-143 倒吊蓮</name>
        <styleUrl>#icon-1899-0288D1-nodesc</styleUrl>
        <Point>
          <coordinates>
            121.509269,25.032922,0
          </coordinates>
        </Point>
      </Placemark>
      <Placemark>
        <name>舟-144 台灣石吊蘭</name>
        <styleUrl>#icon-1899-0288D1-nodesc</styleUrl>
        <Point>
          <coordinates>
            121.509254,25.032792,0
          </coordinates>
        </Point>
      </Placemark>
      <Placemark>
        <name>舟-145 大腳筒蘭</name>
        <styleUrl>#icon-1899-0288D1-nodesc</styleUrl>
        <Point>
          <coordinates>
            121.509559,25.032808,0
          </coordinates>
        </Point>
      </Placemark>
      <Placemark>
        <name>舟-146 宿苞石仙桃</name>
        <styleUrl>#icon-1899-0288D1-nodesc</styleUrl>
        <Point>
          <coordinates>
            121.509272,25.03281,0
          </coordinates>
        </Point>
      </Placemark>
      <Placemark>
        <name>舟-147 小葉寄樹蘭</name>
        <styleUrl>#icon-1899-0288D1-nodesc</styleUrl>
        <Point>
          <coordinates>
            121.509184,25.032829,0
          </coordinates>
        </Point>
      </Placemark>
      <Placemark>
        <name>舟-148 小蝙蝠花</name>
        <styleUrl>#icon-1899-0288D1-nodesc</styleUrl>
        <Point>
          <coordinates>
            121.509295,25.032915,0
          </coordinates>
        </Point>
      </Placemark>
      <Placemark>
        <name>舟-149 暗紅舞花薑</name>
        <styleUrl>#icon-1899-0288D1-nodesc</styleUrl>
        <Point>
          <coordinates>
            121.509183,25.032926,0
          </coordinates>
        </Point>
      </Placemark>
      <Placemark>
        <name>舟-150 棉德島固唇蘭</name>
        <styleUrl>#icon-1899-0288D1-nodesc</styleUrl>
        <Point>
          <coordinates>
            121.509327,25.032868,0
          </coordinates>
        </Point>
      </Placemark>
      <Placemark>
        <name>舟-151 滇越金線蘭</name>
        <styleUrl>#icon-1899-0288D1-nodesc</styleUrl>
        <Point>
          <coordinates>
            121.509167,25.032881,0
          </coordinates>
        </Point>
      </Placemark>
      <Placemark>
        <name>舟-152 烏來閉口蘭</name>
        <styleUrl>#icon-1899-0288D1-nodesc</styleUrl>
        <Point>
          <coordinates>
            121.509347,25.032832,0
          </coordinates>
        </Point>
      </Placemark>
      <Placemark>
        <name>舟-153 焦蘭</name>
        <styleUrl>#icon-1899-0288D1-nodesc</styleUrl>
        <Point>
          <coordinates>
            121.509254,25.032907,0
          </coordinates>
        </Point>
      </Placemark>
      <Placemark>
        <name>舟-154 白變龍爪蘭</name>
        <styleUrl>#icon-1899-0288D1-nodesc</styleUrl>
        <Point>
          <coordinates>
            121.509686,25.032733,0
          </coordinates>
        </Point>
      </Placemark>
      <Placemark>
        <name>舟-155 綠花隔距蘭</name>
        <styleUrl>#icon-1899-0288D1-nodesc</styleUrl>
        <Point>
          <coordinates>
            121.509332,25.032823,0
          </coordinates>
        </Point>
      </Placemark>
      <Placemark>
        <name>舟-156 艷紅鹿子百合</name>
        <styleUrl>#icon-1899-0288D1-nodesc</styleUrl>
        <Point>
          <coordinates>
            121.509668,25.03272,0
          </coordinates>
        </Point>
      </Placemark>
      <Placemark>
        <name>舟-158 裂唇小柱蘭</name>
        <styleUrl>#icon-1899-0288D1-nodesc</styleUrl>
        <Point>
          <coordinates>
            121.50921,25.032816,0
          </coordinates>
        </Point>
      </Placemark>
      <Placemark>
        <name>舟-159 長葉竹節蘭</name>
        <styleUrl>#icon-1899-0288D1-nodesc</styleUrl>
        <Point>
          <coordinates>
            121.509342,25.032806,0
          </coordinates>
        </Point>
      </Placemark>
      <Placemark>
        <name>舟-161 鳳蘭</name>
        <styleUrl>#icon-1899-0288D1-nodesc</styleUrl>
        <Point>
          <coordinates>
            121.509631,25.032762,0
          </coordinates>
        </Point>
      </Placemark>
      <Placemark>
        <name>舟-162 黃穗蘭</name>
        <styleUrl>#icon-1899-0288D1-nodesc</styleUrl>
        <Point>
          <coordinates>
            121.509734,25.03278,0
          </coordinates>
        </Point>
      </Placemark>
      <Placemark>
        <name>舟-163 黃絨蘭</name>
        <styleUrl>#icon-1899-0288D1-nodesc</styleUrl>
        <Point>
          <coordinates>
            121.509326,25.032794,0
          </coordinates>
        </Point>
      </Placemark>
      <Placemark>
        <name>舟-164 黃花苞舌蘭</name>
        <styleUrl>#icon-1899-0288D1-nodesc</styleUrl>
        <Point>
          <coordinates>
            121.509224,25.0328,0
          </coordinates>
        </Point>
      </Placemark>
      <Placemark>
        <name>舟-165 台灣福王草</name>
        <styleUrl>#icon-1899-0288D1-nodesc</styleUrl>
        <Point>
          <coordinates>
            121.509625,25.032727,0
          </coordinates>
        </Point>
      </Placemark>
      <Placemark>
        <name>舟-166 桃園草</name>
        <styleUrl>#icon-1899-0288D1-nodesc</styleUrl>
        <Point>
          <coordinates>
            121.509625,25.032843,0
          </coordinates>
        </Point>
      </Placemark>
      <Placemark>
        <name>舟-167 海豚花</name>
        <styleUrl>#icon-1899-0288D1-nodesc</styleUrl>
        <Point>
          <coordinates>
            121.509646,25.032742,0
          </coordinates>
        </Point>
      </Placemark>
      <Placemark>
        <name>舟-168 直立半插花</name>
        <styleUrl>#icon-1899-0288D1-nodesc</styleUrl>
        <Point>
          <coordinates>
            121.509204,25.032929,0
          </coordinates>
        </Point>
      </Placemark>
      <Placemark>
        <name>舟-169 等翅秋海棠</name>
        <styleUrl>#icon-1899-0288D1-nodesc</styleUrl>
        <Point>
          <coordinates>
            121.509311,25.032913,0
          </coordinates>
        </Point>
      </Placemark>
      <Placemark>
        <name>舟-170 吊蘭</name>
        <styleUrl>#icon-1899-0288D1-nodesc</styleUrl>
        <Point>
          <coordinates>
            121.509698,25.032821,0
          </coordinates>
        </Point>
      </Placemark>
      <Placemark>
        <name>舟-171 紅花石斛</name>
        <styleUrl>#icon-1899-0288D1-nodesc</styleUrl>
        <Point>
          <coordinates>
            121.509198,25.032824,0
          </coordinates>
        </Point>
      </Placemark>
      <Placemark>
        <name>舟-172 蓬萊油菊</name>
        <styleUrl>#icon-1899-0288D1-nodesc</styleUrl>
        <Point>
          <coordinates>
            121.509694,25.032735,0
          </coordinates>
        </Point>
      </Placemark>
      <Placemark>
        <name>舟-173 蘭嶼白及</name>
        <styleUrl>#icon-1899-0288D1-nodesc</styleUrl>
        <Point>
          <coordinates>
            121.509706,25.032738,0
          </coordinates>
        </Point>
      </Placemark>
      <Placemark>
        <name>舟-174 蟻巢玉</name>
        <styleUrl>#icon-1899-0288D1-nodesc</styleUrl>
        <Point>
          <coordinates>
            121.509739,25.032776,0
          </coordinates>
        </Point>
      </Placemark>
      <Placemark>
        <name>舟-175 北村氏鬼督郵</name>
        <styleUrl>#icon-1899-0288D1-nodesc</styleUrl>
        <Point>
          <coordinates>
            121.509318,25.032855,0
          </coordinates>
        </Point>
      </Placemark>
      <Placemark>
        <name>舟-176 北美綬草</name>
        <styleUrl>#icon-1899-0288D1-nodesc</styleUrl>
        <Point>
          <coordinates>
            121.509272,25.032791,0
          </coordinates>
        </Point>
      </Placemark>
      <Placemark>
        <name>舟-177 嘉德麗亞蘭</name>
        <styleUrl>#icon-1899-0288D1-nodesc</styleUrl>
        <Point>
          <coordinates>
            121.509167,25.032869,0
          </coordinates>
        </Point>
      </Placemark>
      <Placemark>
        <name>舟-178 大腳筒蘭</name>
        <styleUrl>#icon-1899-0288D1-nodesc</styleUrl>
        <Point>
          <coordinates>
            121.509238,25.032791,0
          </coordinates>
        </Point>
      </Placemark>
      <Placemark>
        <name>舟-179 大芋蘭</name>
        <styleUrl>#icon-1899-0288D1-nodesc</styleUrl>
        <Point>
          <coordinates>
            121.509338,25.032858,0
          </coordinates>
        </Point>
      </Placemark>
      <Placemark>
        <name>舟-180 寬葉石松</name>
        <styleUrl>#icon-1899-0288D1-nodesc</styleUrl>
        <Point>
          <coordinates>
            121.509293,25.032778,0
          </coordinates>
        </Point>
      </Placemark>
      <Placemark>
        <name>舟-181 布比薑</name>
        <styleUrl>#icon-1899-0288D1-nodesc</styleUrl>
        <Point>
          <coordinates>
            121.509322,25.032906,0
          </coordinates>
        </Point>
      </Placemark>
      <Placemark>
        <name>舟-182 斑點草莓寄樹蘭</name>
        <styleUrl>#icon-1899-0288D1-nodesc</styleUrl>
        <Point>
          <coordinates>
            121.509639,25.032718,0
          </coordinates>
        </Point>
      </Placemark>
      <Placemark>
        <name>舟-183 櫻葉捕蟲堇</name>
        <styleUrl>#icon-1899-0288D1-nodesc</styleUrl>
        <Point>
          <coordinates>
            121.509663,25.032832,0
          </coordinates>
        </Point>
      </Placemark>
      <Placemark>
        <name>舟-184 淡綠羊耳蒜</name>
        <styleUrl>#icon-1899-0288D1-nodesc</styleUrl>
        <Point>
          <coordinates>
            121.509361,25.032831,0
          </coordinates>
        </Point>
      </Placemark>
      <Placemark>
        <name>舟-185 秋石斛</name>
        <styleUrl>#icon-1899-0288D1-nodesc</styleUrl>
        <Point>
          <coordinates>
            121.509327,25.032778,0
          </coordinates>
        </Point>
      </Placemark>
      <Placemark>
        <name>舟-187 翡翠閣</name>
        <styleUrl>#icon-1899-0288D1-nodesc</styleUrl>
        <Point>
          <coordinates>
            121.509524,25.032806,0
          </coordinates>
        </Point>
      </Placemark>
      <Placemark>
        <name>舟-189 角桐草</name>
        <styleUrl>#icon-1899-0288D1-nodesc</styleUrl>
        <Point>
          <coordinates>
            121.509623,25.032746,0
          </coordinates>
        </Point>
      </Placemark>
      <Placemark>
        <name>舟-191 黑葉魔芋</name>
        <styleUrl>#icon-1899-0288D1-nodesc</styleUrl>
        <Point>
          <coordinates>
            121.509567,25.032783,0
          </coordinates>
        </Point>
      </Placemark>
      <Placemark>
        <name>舟-194 紅石斛</name>
        <styleUrl>#icon-1899-0288D1-nodesc</styleUrl>
        <Point>
          <coordinates>
            121.509712,25.032722,0
          </coordinates>
        </Point>
      </Placemark>
      <Placemark>
        <name>舟-195 馬祖油菊</name>
        <styleUrl>#icon-1899-0288D1-nodesc</styleUrl>
        <Point>
          <coordinates>
            121.509704,25.032728,0
          </coordinates>
        </Point>
      </Placemark>
      <Placemark>
        <name>舟右-05 梵天花</name>
        <styleUrl>#icon-1899-0288D1-nodesc</styleUrl>
        <Point>
          <coordinates>
            121.50964,25.032685,0
          </coordinates>
        </Point>
      </Placemark>
      <Placemark>
        <name>舟右-09 野棉花</name>
        <styleUrl>#icon-1899-0288D1-nodesc</styleUrl>
        <Point>
          <coordinates>
            121.509654,25.032672,0
          </coordinates>
        </Point>
      </Placemark>
      <Placemark>
        <name>舟左-13 金新木薑子</name>
        <styleUrl>#icon-1899-0288D1-nodesc</styleUrl>
        <Point>
          <coordinates>
            121.509552,25.032708,0
          </coordinates>
        </Point>
      </Placemark>
      <Placemark>
        <name>舟後-08 帝皇烏藍</name>
        <styleUrl>#icon-1899-0288D1-nodesc</styleUrl>
        <Point>
          <coordinates>
            121.509314,25.033085,0
          </coordinates>
        </Point>
      </Placemark>
      <Placemark>
        <name>舟後-02 兔兒菜</name>
        <styleUrl>#icon-1899-0288D1-nodesc</styleUrl>
        <Point>
          <coordinates>
            121.509261,25.032933,0
          </coordinates>
        </Point>
      </Placemark>
      <Placemark>
        <name>舟後-17 鵝鑾鼻燈籠草</name>
        <styleUrl>#icon-1899-0288D1-nodesc</styleUrl>
        <Point>
          <coordinates>
            121.509237,25.032942,0
          </coordinates>
        </Point>
      </Placemark>
      <Placemark>
        <name>舟後-01 交趾衛矛</name>
        <styleUrl>#icon-1899-0288D1-nodesc</styleUrl>
        <Point>
          <coordinates>
            121.509425,25.033082,0
          </coordinates>
        </Point>
      </Placemark>
      <Placemark>
        <name>舟右-11 長穗鐵莧</name>
        <styleUrl>#icon-1899-0288D1-nodesc</styleUrl>
        <Point>
          <coordinates>
            121.509776,25.032761,0
          </coordinates>
        </Point>
      </Placemark>
      <Placemark>
        <name>舟左-04 新竹油菊</name>
        <styleUrl>#icon-1899-0288D1-nodesc</styleUrl>
        <Point>
          <coordinates>
            121.509399,25.032785,0
          </coordinates>
        </Point>
      </Placemark>
      <Placemark>
        <name>舟左-14 青心柑仔</name>
        <styleUrl>#icon-1899-0288D1-nodesc</styleUrl>
        <Point>
          <coordinates>
            121.5094,25.032767,0
          </coordinates>
        </Point>
      </Placemark>
      <Placemark>
        <name>舟左-12 葦草蘭</name>
        <styleUrl>#icon-1899-0288D1-nodesc</styleUrl>
        <Point>
          <coordinates>
            121.509454,25.032728,0
          </coordinates>
        </Point>
      </Placemark>
      <Placemark>
        <name>舟左-08 炮竹紅</name>
        <styleUrl>#icon-1899-0288D1-nodesc</styleUrl>
        <Point>
          <coordinates>
            121.509333,25.032783,0
          </coordinates>
        </Point>
      </Placemark>
      <Placemark>
        <name>舟-06 茶花</name>
        <styleUrl>#icon-1899-0288D1-nodesc</styleUrl>
        <Point>
          <coordinates>
            121.511001,25.032504,0
          </coordinates>
        </Point>
      </Placemark>
      <Placemark>
        <name>舟左-03 宮粉仙丹</name>
        <styleUrl>#icon-1899-0288D1-nodesc</styleUrl>
        <Point>
          <coordinates>
            121.509298,25.032792,0
          </coordinates>
        </Point>
      </Placemark>
      <Placemark>
        <name>舟後-10 #2 海桐</name>
        <styleUrl>#icon-1899-0288D1-nodesc</styleUrl>
        <Point>
          <coordinates>
            121.509221,25.033097,0
          </coordinates>
        </Point>
      </Placemark>
      <Placemark>
        <name>舟後-14 豆梨</name>
        <styleUrl>#icon-1899-0288D1-nodesc</styleUrl>
        <Point>
          <coordinates>
            121.50885,25.032929,0
          </coordinates>
        </Point>
      </Placemark>
      <Placemark>
        <name>舟後-14 #2 豆梨</name>
        <styleUrl>#icon-1899-0288D1-nodesc</styleUrl>
        <Point>
          <coordinates>
            121.509494,25.03297,0
          </coordinates>
        </Point>
      </Placemark>
      <Placemark>
        <name>舟後-05 天使薔薇</name>
        <styleUrl>#icon-1899-0288D1-nodesc</styleUrl>
        <Point>
          <coordinates>
            121.509115,25.033062,0
          </coordinates>
        </Point>
      </Placemark>
      <Placemark>
        <name>舟左-02 凹葉柃木</name>
        <styleUrl>#icon-1899-0288D1-nodesc</styleUrl>
        <Point>
          <coordinates>
            121.509359,25.032771,0
          </coordinates>
        </Point>
      </Placemark>
      <Placemark>
        <name>舟右-01 台灣土沉香</name>
        <styleUrl>#icon-1899-0288D1-nodesc</styleUrl>
        <Point>
          <coordinates>
            121.509808,25.032782,0
          </coordinates>
        </Point>
      </Placemark>
      <Placemark>
        <name>舟右-14 魚腥草</name>
        <styleUrl>#icon-1899-0288D1-nodesc</styleUrl>
        <Point>
          <coordinates>
            121.509788,25.032774,0
          </coordinates>
        </Point>
      </Placemark>
      <Placemark>
        <name>舟右-12 霞山大戟</name>
        <styleUrl>#icon-1899-0288D1-nodesc</styleUrl>
        <Point>
          <coordinates>
            121.50977,25.032767,0
          </coordinates>
        </Point>
      </Placemark>
      <Placemark>
        <name>舟-09 阿里山十大功勞</name>
        <styleUrl>#icon-1899-0288D1-nodesc</styleUrl>
        <Point>
          <coordinates>
            121.509767,25.032588,0
          </coordinates>
        </Point>
      </Placemark>
      <Placemark>
        <name>舟後-07 小花寬葉馬偕花</name>
        <styleUrl>#icon-1899-0288D1-nodesc</styleUrl>
        <Point>
          <coordinates>
            121.509077,25.033092,0
          </coordinates>
        </Point>
      </Placemark>
      <Placemark>
        <name>舟後-07 #2 小花寬葉馬偕花</name>
        <styleUrl>#icon-1899-0288D1-nodesc</styleUrl>
        <Point>
          <coordinates>
            121.510185,25.032683,0
          </coordinates>
        </Point>
      </Placemark>
      <Placemark>
        <name>舟後-04 可可樹</name>
        <styleUrl>#icon-1899-0288D1-nodesc</styleUrl>
        <Point>
          <coordinates>
            121.509119,25.033024,0
          </coordinates>
        </Point>
      </Placemark>
      <Placemark>
        <name>舟後-11 神秘果</name>
        <styleUrl>#icon-1899-0288D1-nodesc</styleUrl>
        <Point>
          <coordinates>
            121.509579,25.033143,0
          </coordinates>
        </Point>
      </Placemark>
      <Placemark>
        <name>舟-03 稜骨鞭</name>
        <styleUrl>#icon-1899-0288D1-nodesc</styleUrl>
        <Point>
          <coordinates>
            121.50956,25.032745,0
          </coordinates>
        </Point>
      </Placemark>
      <Placemark>
        <name>舟-07 西瓜皮毬蘭</name>
        <styleUrl>#icon-1899-0288D1-nodesc</styleUrl>
        <Point>
          <coordinates>
            121.509741,25.03279,0
          </coordinates>
        </Point>
      </Placemark>
      <Placemark>
        <name>舟右-03 多花野牡丹藤</name>
        <styleUrl>#icon-1899-0288D1-nodesc</styleUrl>
        <Point>
          <coordinates>
            121.509738,25.03277,0
          </coordinates>
        </Point>
      </Placemark>
      <Placemark>
        <name>舟右-06 玉唇花</name>
        <styleUrl>#icon-1899-0288D1-nodesc</styleUrl>
        <Point>
          <coordinates>
            121.509732,25.032793,0
          </coordinates>
        </Point>
      </Placemark>
      <Placemark>
        <name>舟右-10 金毛杜鵑</name>
        <styleUrl>#icon-1899-0288D1-nodesc</styleUrl>
        <Point>
          <coordinates>
            121.509841,25.03263,0
          </coordinates>
        </Point>
      </Placemark>
      <Placemark>
        <name>舟右-15 鼠尾草</name>
        <styleUrl>#icon-1899-0288D1-nodesc</styleUrl>
        <Point>
          <coordinates>
            121.51004,25.032622,0
          </coordinates>
        </Point>
      </Placemark>
      <Placemark>
        <name>舟右-04 奧蘭多蜻蜓鳳梨</name>
        <styleUrl>#icon-1899-0288D1-nodesc</styleUrl>
        <Point>
          <coordinates>
            121.50992,25.032596,0
          </coordinates>
        </Point>
      </Placemark>
      <Placemark>
        <name>舟右-02 垂花水塔花</name>
        <styleUrl>#icon-1899-0288D1-nodesc</styleUrl>
        <Point>
          <coordinates>
            121.509888,25.03257,0
          </coordinates>
        </Point>
      </Placemark>
      <Placemark>
        <name>舟左-18 小茄</name>
        <styleUrl>#icon-1899-0288D1-nodesc</styleUrl>
        <Point>
          <coordinates>
            121.509454,25.03279,0
          </coordinates>
        </Point>
      </Placemark>
      <Placemark>
        <name>舟後-03 全緣葉冬青</name>
        <styleUrl>#icon-1899-0288D1-nodesc</styleUrl>
        <Point>
          <coordinates>
            121.509355,25.033134,0
          </coordinates>
        </Point>
      </Placemark>
      <Placemark>
        <name>舟後-26 風鈴木</name>
        <styleUrl>#icon-1899-0288D1-nodesc</styleUrl>
        <Point>
          <coordinates>
            121.509257,25.032147,0
          </coordinates>
        </Point>
      </Placemark>
      <Placemark>
        <name>舟左-20 河王八</name>
        <styleUrl>#icon-1899-0288D1-nodesc</styleUrl>
        <Point>
          <coordinates>
            121.509445,25.032744,0
          </coordinates>
        </Point>
      </Placemark>
      <Placemark>
        <name>舟左-24 頭花香苦草</name>
        <styleUrl>#icon-1899-0288D1-nodesc</styleUrl>
        <Point>
          <coordinates>
            121.50938,25.032796,0
          </coordinates>
        </Point>
      </Placemark>
      <Placemark>
        <name>舟-27 黃唇蘭</name>
        <styleUrl>#icon-1899-0288D1-nodesc</styleUrl>
        <Point>
          <coordinates>
            121.509291,25.032853,0
          </coordinates>
        </Point>
      </Placemark>
      <Placemark>
        <name>舟後-18 光葉鴨舌癀舅</name>
        <styleUrl>#icon-1899-0288D1-nodesc</styleUrl>
        <Point>
          <coordinates>
            121.509355,25.032977,0
          </coordinates>
        </Point>
      </Placemark>
      <Placemark>
        <name>舟-04 竹子山十大功勞</name>
        <styleUrl>#icon-1899-0288D1-nodesc</styleUrl>
        <Point>
          <coordinates>
            121.509736,25.032593,0
          </coordinates>
        </Point>
      </Placemark>
      <Placemark>
        <name>舟右-23 長壽花</name>
        <styleUrl>#icon-1899-0288D1-nodesc</styleUrl>
        <Point>
          <coordinates>
            121.510004,25.032578,0
          </coordinates>
        </Point>
      </Placemark>
      <Placemark>
        <name>舟右-21 美女櫻</name>
        <styleUrl>#icon-1899-0288D1-nodesc</styleUrl>
        <Point>
          <coordinates>
            121.509945,25.032556,0
          </coordinates>
        </Point>
      </Placemark>
      <Placemark>
        <name>舟右-16 勳章菊</name>
        <styleUrl>#icon-1899-0288D1-nodesc</styleUrl>
        <Point>
          <coordinates>
            121.510008,25.03259,0
          </coordinates>
        </Point>
      </Placemark>
      <Placemark>
        <name>舟-12 台灣一葉蘭</name>
        <styleUrl>#icon-1899-0288D1-nodesc</styleUrl>
        <Point>
          <coordinates>
            121.509686,25.032801,0
          </coordinates>
        </Point>
      </Placemark>
      <Placemark>
        <name>舟-16 塔塔加繡線菊</name>
        <styleUrl>#icon-1899-0288D1-nodesc</styleUrl>
        <Point>
          <coordinates>
            121.509701,25.032792,0
          </coordinates>
        </Point>
      </Placemark>
      <Placemark>
        <name>舟右-20 清水山小檗</name>
        <styleUrl>#icon-1899-0288D1-nodesc</styleUrl>
        <Point>
          <coordinates>
            121.509729,25.032795,0
          </coordinates>
        </Point>
      </Placemark>
      <Placemark>
        <name>舟右-24 麗格秋海棠</name>
        <styleUrl>#icon-1899-0288D1-nodesc</styleUrl>
        <Point>
          <coordinates>
            121.51,25.032591,0
          </coordinates>
        </Point>
      </Placemark>
      <Placemark>
        <name>舟右-17 小蜜蜂</name>
        <styleUrl>#icon-1899-0288D1-nodesc</styleUrl>
        <Point>
          <coordinates>
            121.509961,25.03257,0
          </coordinates>
        </Point>
      </Placemark>
      <Placemark>
        <name>舟右-22 跳舞女郎</name>
        <styleUrl>#icon-1899-0288D1-nodesc</styleUrl>
        <Point>
          <coordinates>
            121.509913,25.0328,0
          </coordinates>
        </Point>
      </Placemark>
      <Placemark>
        <name>舟後-24 紫紅蕉</name>
        <styleUrl>#icon-1899-0288D1-nodesc</styleUrl>
        <Point>
          <coordinates>
            121.509727,25.033103,0
          </coordinates>
        </Point>
      </Placemark>
      <Placemark>
        <name>舟-15 圓葉椒草</name>
        <styleUrl>#icon-1899-0288D1-nodesc</styleUrl>
        <Point>
          <coordinates>
            121.509589,25.032829,0
          </coordinates>
        </Point>
      </Placemark>
      <Placemark>
        <name>舟左-19 尾葉山茶</name>
        <styleUrl>#icon-1899-0288D1-nodesc</styleUrl>
        <Point>
          <coordinates>
            121.5094,25.032775,0
          </coordinates>
        </Point>
      </Placemark>
      <Placemark>
        <name>舟-18 擬毛蘭</name>
        <styleUrl>#icon-1899-0288D1-nodesc</styleUrl>
        <Point>
          <coordinates>
            121.509233,25.032892,0
          </coordinates>
        </Point>
      </Placemark>
      <Placemark>
        <name>舟-30 齒唇莪白蘭</name>
        <styleUrl>#icon-1899-0288D1-nodesc</styleUrl>
        <Point>
          <coordinates>
            121.509224,25.032898,0
          </coordinates>
        </Point>
      </Placemark>
      <Placemark>
        <name>舟-29 黑峰秋海棠</name>
        <styleUrl>#icon-1899-0288D1-nodesc</styleUrl>
        <Point>
          <coordinates>
            121.509256,25.032945,0
          </coordinates>
        </Point>
      </Placemark>
      <Placemark>
        <name>舟-05 細莖鶴頂蘭</name>
        <styleUrl>#icon-1899-0288D1-nodesc</styleUrl>
        <Point>
          <coordinates>
            121.509185,25.032928,0
          </coordinates>
        </Point>
      </Placemark>
      <Placemark>
        <name>舟左-17 寶島玉葉金花</name>
        <styleUrl>#icon-1899-0288D1-nodesc</styleUrl>
        <Point>
          <coordinates>
            121.509332,25.032778,0
          </coordinates>
        </Point>
      </Placemark>
      <Placemark>
        <name>舟右-19 波斯紅草</name>
        <styleUrl>#icon-1899-0288D1-nodesc</styleUrl>
        <Point>
          <coordinates>
            121.509736,25.032815,0
          </coordinates>
        </Point>
      </Placemark>
      <Placemark>
        <name>舟左-23 線柱蘭</name>
        <styleUrl>#icon-1899-0288D1-nodesc</styleUrl>
        <Point>
          <coordinates>
            121.509399,25.032784,0
          </coordinates>
        </Point>
      </Placemark>
      <Placemark>
        <name>舟右-18 彩色海芋</name>
        <styleUrl>#icon-1899-0288D1-nodesc</styleUrl>
        <Point>
          <coordinates>
            121.510031,25.032599,0
          </coordinates>
        </Point>
      </Placemark>
      <Placemark>
        <name>舟後-19 台灣三角楓</name>
        <styleUrl>#icon-1899-0288D1-nodesc</styleUrl>
        <Point>
          <coordinates>
            121.50965,25.033131,0
          </coordinates>
        </Point>
      </Placemark>
      <Placemark>
        <name>舟後-21 淡綠葉衛矛</name>
        <styleUrl>#icon-1899-0288D1-nodesc</styleUrl>
        <Point>
          <coordinates>
            121.509404,25.033097,0
          </coordinates>
        </Point>
      </Placemark>
      <Placemark>
        <name>舟-28 黃根節蘭</name>
        <styleUrl>#icon-1899-0288D1-nodesc</styleUrl>
        <Point>
          <coordinates>
            121.509659,25.032754,0
          </coordinates>
        </Point>
      </Placemark>
      <Placemark>
        <name>舟-19 棣慕華鳳仙花</name>
        <styleUrl>#icon-1899-0288D1-nodesc</styleUrl>
        <Point>
          <coordinates>
            121.509685,25.032783,0
          </coordinates>
        </Point>
      </Placemark>
      <Placemark>
        <name>舟-23 硬葉兜蘭</name>
        <styleUrl>#icon-1899-0288D1-nodesc</styleUrl>
        <Point>
          <coordinates>
            121.509271,25.03292,0
          </coordinates>
        </Point>
      </Placemark>
      <Placemark>
        <name>舟左-21 滿福木</name>
        <styleUrl>#icon-1899-0288D1-nodesc</styleUrl>
        <Point>
          <coordinates>
            121.509286,25.03282,0
          </coordinates>
        </Point>
      </Placemark>
      <Placemark>
        <name>舟-39 綠花安蘭</name>
        <styleUrl>#icon-1899-0288D1-nodesc</styleUrl>
        <Point>
          <coordinates>
            121.509229,25.032912,0
          </coordinates>
        </Point>
      </Placemark>
      <Placemark>
        <name>舟後-37 漆姑草</name>
        <styleUrl>#icon-1899-0288D1-nodesc</styleUrl>
        <Point>
          <coordinates>
            121.50888,25.032256,0
          </coordinates>
        </Point>
      </Placemark>
      <Placemark>
        <name>舟-41 #2 茄苳</name>
        <styleUrl>#icon-1899-0288D1-nodesc</styleUrl>
        <Point>
          <coordinates>
            121.509402,25.032802,0
          </coordinates>
        </Point>
      </Placemark>
      <Placemark>
        <name>舟後-25 芒果</name>
        <styleUrl>#icon-1899-0288D1-nodesc</styleUrl>
        <Point>
          <coordinates>
            121.510346,25.031965,0
          </coordinates>
        </Point>
      </Placemark>
      <Placemark>
        <name>舟右-27 權杖皮氏鳳梨</name>
        <styleUrl>#icon-1899-0288D1-nodesc</styleUrl>
        <Point>
          <coordinates>
            121.509703,25.032819,0
          </coordinates>
        </Point>
      </Placemark>
      <Placemark>
        <name>舟左-07 易生木</name>
        <styleUrl>#icon-1899-0288D1-nodesc</styleUrl>
        <Point>
          <coordinates>
            121.509343,25.032801,0
          </coordinates>
        </Point>
      </Placemark>
      <Placemark>
        <name>舟後-45 黃皮</name>
        <styleUrl>#icon-1899-0288D1-nodesc</styleUrl>
        <Point>
          <coordinates>
            121.509475,25.03315,0
          </coordinates>
        </Point>
      </Placemark>
      <Placemark>
        <name>舟後-20 橘柑</name>
        <styleUrl>#icon-1899-0288D1-nodesc</styleUrl>
        <Point>
          <coordinates>
            121.50982,25.032792,0
          </coordinates>
        </Point>
      </Placemark>
      <Placemark>
        <name>舟右-25 台灣香檬</name>
        <styleUrl>#icon-1899-0288D1-nodesc</styleUrl>
        <Point>
          <coordinates>
            121.510552,25.032357,0
          </coordinates>
        </Point>
      </Placemark>
      <Placemark>
        <name>舟右-07 紅背桂</name>
        <styleUrl>#icon-1899-0288D1-nodesc</styleUrl>
        <Point>
          <coordinates>
            121.509856,25.032729,0
          </coordinates>
        </Point>
      </Placemark>
      <Placemark>
        <name>舟後-39 紫藤</name>
        <styleUrl>#icon-1899-0288D1-nodesc</styleUrl>
        <Point>
          <coordinates>
            121.509404,25.033033,0
          </coordinates>
        </Point>
      </Placemark>
      <Placemark>
        <name>舟後-32 木棉</name>
        <styleUrl>#icon-1899-0288D1-nodesc</styleUrl>
        <Point>
          <coordinates>
            121.509157,25.033,0
          </coordinates>
        </Point>
      </Placemark>
      <Placemark>
        <name>舟後-31 日本莢蒾</name>
        <styleUrl>#icon-1899-0288D1-nodesc</styleUrl>
        <Point>
          <coordinates>
            121.509453,25.03308,0
          </coordinates>
        </Point>
      </Placemark>
      <Placemark>
        <name>舟後-34 槍刀菜</name>
        <styleUrl>#icon-1899-0288D1-nodesc</styleUrl>
        <Point>
          <coordinates>
            121.509331,25.032894,0
          </coordinates>
        </Point>
      </Placemark>
      <Placemark>
        <name>舟左-34 盆距蘭</name>
        <styleUrl>#icon-1899-0288D1-nodesc</styleUrl>
        <Point>
          <coordinates>
            121.509373,25.032827,0
          </coordinates>
        </Point>
      </Placemark>
      <Placemark>
        <name>舟左-25 假地豆</name>
        <styleUrl>#icon-1899-0288D1-nodesc</styleUrl>
        <Point>
          <coordinates>
            121.509449,25.032786,0
          </coordinates>
        </Point>
      </Placemark>
      <Placemark>
        <name>舟左-35 立鶴花</name>
        <styleUrl>#icon-1899-0288D1-nodesc</styleUrl>
        <Point>
          <coordinates>
            121.509352,25.032823,0
          </coordinates>
        </Point>
      </Placemark>
      <Placemark>
        <name>舟左-10 腺葯豇豆</name>
        <styleUrl>#icon-1899-0288D1-nodesc</styleUrl>
        <Point>
          <coordinates>
            121.5095131,25.0327046,0
          </coordinates>
        </Point>
      </Placemark>
      <Placemark>
        <name>舟左-22 炮仗花</name>
        <styleUrl>#icon-1899-0288D1-nodesc</styleUrl>
        <Point>
          <coordinates>
            121.509561,25.032664,0
          </coordinates>
        </Point>
      </Placemark>
      <Placemark>
        <name>舟後-29 墨水樹</name>
        <styleUrl>#icon-1899-0288D1-nodesc</styleUrl>
        <Point>
          <coordinates>
            121.5098253,25.0328932,0
          </coordinates>
        </Point>
      </Placemark>
      <Placemark>
        <name>舟左-26 台灣鉤藤</name>
        <styleUrl>#icon-1899-0288D1-nodesc</styleUrl>
        <Point>
          <coordinates>
            121.509357,25.032801,0
          </coordinates>
        </Point>
      </Placemark>
      <Placemark>
        <name>舟-35 寶石匙唇蘭</name>
        <styleUrl>#icon-1899-0288D1-nodesc</styleUrl>
        <Point>
          <coordinates>
            121.509317,25.032896,0
          </coordinates>
        </Point>
      </Placemark>
      <Placemark>
        <name>舟左-33 番茉莉</name>
        <styleUrl>#icon-1899-0288D1-nodesc</styleUrl>
        <Point>
          <coordinates>
            121.509347,25.03279,0
          </coordinates>
        </Point>
      </Placemark>
      <Placemark>
        <name>舟左-38 茅毛珍珠菜</name>
        <styleUrl>#icon-1899-0288D1-nodesc</styleUrl>
        <Point>
          <coordinates>
            121.510485,25.032188,0
          </coordinates>
        </Point>
      </Placemark>
      <Placemark>
        <name>舟右-28 重瓣麻球</name>
        <styleUrl>#icon-1899-0288D1-nodesc</styleUrl>
        <Point>
          <coordinates>
            121.509696,25.032663,0
          </coordinates>
        </Point>
      </Placemark>
      <Placemark>
        <name>舟右-28 #2 重瓣麻球</name>
        <styleUrl>#icon-1899-0288D1-nodesc</styleUrl>
        <Point>
          <coordinates>
            121.509938,25.031681,0
          </coordinates>
        </Point>
      </Placemark>
      <Placemark>
        <name>舟後-44 阿里山五味子</name>
        <styleUrl>#icon-1899-0288D1-nodesc</styleUrl>
        <Point>
          <coordinates>
            121.5098638,25.0330865,0
          </coordinates>
        </Point>
      </Placemark>
      <Placemark>
        <name>舟後-06 小仙丹花</name>
        <styleUrl>#icon-1899-0288D1-nodesc</styleUrl>
        <Point>
          <coordinates>
            121.509871,25.033019,0
          </coordinates>
        </Point>
      </Placemark>
      <Placemark>
        <name>舟右-37 紫黃</name>
        <styleUrl>#icon-1899-0288D1-nodesc</styleUrl>
        <Point>
          <coordinates>
            121.509787,25.0328269,0
          </coordinates>
        </Point>
      </Placemark>
      <Placemark>
        <name>舟左-29 小朱蕉</name>
        <styleUrl>#icon-1899-0288D1-nodesc</styleUrl>
        <Point>
          <coordinates>
            121.509276,25.03275,0
          </coordinates>
        </Point>
      </Placemark>
      <Placemark>
        <name>舟左-29 #2 小朱蕉</name>
        <styleUrl>#icon-1899-0288D1-nodesc</styleUrl>
        <Point>
          <coordinates>
            121.509755,25.031532,0
          </coordinates>
        </Point>
      </Placemark>
      <Placemark>
        <name>舟-54 牛耳朵</name>
        <styleUrl>#icon-1899-0288D1-nodesc</styleUrl>
        <Point>
          <coordinates>
            121.509324,25.03288,0
          </coordinates>
        </Point>
      </Placemark>
      <Placemark>
        <name>舟右-33 法國薰衣草</name>
        <styleUrl>#icon-1899-0288D1-nodesc</styleUrl>
        <Point>
          <coordinates>
            121.50991,25.032554,0
          </coordinates>
        </Point>
      </Placemark>
      <Placemark>
        <name>舟右-31 小花木槿</name>
        <styleUrl>#icon-1899-0288D1-nodesc</styleUrl>
        <Point>
          <coordinates>
            121.50993,25.032562,0
          </coordinates>
        </Point>
      </Placemark>
      <Placemark>
        <name>舟右-39 蜀葵</name>
        <styleUrl>#icon-1899-0288D1-nodesc</styleUrl>
        <Point>
          <coordinates>
            121.510029,25.032601,0
          </coordinates>
        </Point>
      </Placemark>
      <Placemark>
        <name>舟右-35 皇冠龍舌蘭</name>
        <styleUrl>#icon-1899-0288D1-nodesc</styleUrl>
        <Point>
          <coordinates>
            121.50973,25.03297,0
          </coordinates>
        </Point>
      </Placemark>
      <Placemark>
        <name>舟右-41 達爾馬提亞風鈴草</name>
        <styleUrl>#icon-1899-0288D1-nodesc</styleUrl>
        <Point>
          <coordinates>
            121.509958,25.032586,0
          </coordinates>
        </Point>
      </Placemark>
      <Placemark>
        <name>舟右-30 大金雞菊</name>
        <styleUrl>#icon-1899-0288D1-nodesc</styleUrl>
        <Point>
          <coordinates>
            121.509953,25.03256,0
          </coordinates>
        </Point>
      </Placemark>
      <Placemark>
        <name>舟-63 粉珍珠毬蘭</name>
        <styleUrl>#icon-1899-0288D1-nodesc</styleUrl>
        <Point>
          <coordinates>
            121.509573,25.032771,0
          </coordinates>
        </Point>
      </Placemark>
      <Placemark>
        <name>舟左-46 藍星花</name>
        <styleUrl>#icon-1899-0288D1-nodesc</styleUrl>
        <Point>
          <coordinates>
            121.509354,25.03279,0
          </coordinates>
        </Point>
      </Placemark>
      <Placemark>
        <name>舟左-31 島田氏雞兒腸</name>
        <styleUrl>#icon-1899-0288D1-nodesc</styleUrl>
        <Point>
          <coordinates>
            121.509429,25.032806,0
          </coordinates>
        </Point>
      </Placemark>
      <Placemark>
        <name>舟後-12 粗毛小米菊</name>
        <styleUrl>#icon-1899-0288D1-nodesc</styleUrl>
        <Point>
          <coordinates>
            121.509404,25.033096,0
          </coordinates>
        </Point>
      </Placemark>
      <Placemark>
        <name>舟右-34 洋蓍草</name>
        <styleUrl>#icon-1899-0288D1-nodesc</styleUrl>
        <Point>
          <coordinates>
            121.509966,25.032584,0
          </coordinates>
        </Point>
      </Placemark>
      <Placemark>
        <name>舟後-52 木蠟樹</name>
        <styleUrl>#icon-1899-0288D1-nodesc</styleUrl>
        <Point>
          <coordinates>
            121.509539,25.033082,0
          </coordinates>
        </Point>
      </Placemark>
      <Placemark>
        <name>舟右-32 檸檬百里香</name>
        <styleUrl>#icon-1899-0288D1-nodesc</styleUrl>
        <Point>
          <coordinates>
            121.509997,25.032594,0
          </coordinates>
        </Point>
      </Placemark>
      <Placemark>
        <name>舟左-47 輪葉紫金牛</name>
        <styleUrl>#icon-1899-0288D1-nodesc</styleUrl>
        <Point>
          <coordinates>
            121.509375,25.032839,0
          </coordinates>
        </Point>
      </Placemark>
      <Placemark>
        <name>舟後-09 掌葉蘋婆</name>
        <styleUrl>#icon-1899-0288D1-nodesc</styleUrl>
        <Point>
          <coordinates>
            121.509146,25.033088,0
          </coordinates>
        </Point>
      </Placemark>
      <Placemark>
        <name>舟後-36 流蘇</name>
        <styleUrl>#icon-1899-0288D1-nodesc</styleUrl>
        <Point>
          <coordinates>
            121.509163,25.032961,0
          </coordinates>
        </Point>
      </Placemark>
      <Placemark>
        <name>舟-62 秋海棠</name>
        <styleUrl>#icon-1899-0288D1-nodesc</styleUrl>
        <Point>
          <coordinates>
            121.509205,25.032928,0
          </coordinates>
        </Point>
      </Placemark>
      <Placemark>
        <name>舟-69 鳳尾蘭</name>
        <styleUrl>#icon-1899-0288D1-nodesc</styleUrl>
        <Point>
          <coordinates>
            121.509223,25.03292,0
          </coordinates>
        </Point>
      </Placemark>
      <Placemark>
        <name>舟左-42 溲疏</name>
        <styleUrl>#icon-1899-0288D1-nodesc</styleUrl>
        <Point>
          <coordinates>
            121.509241,25.032929,0
          </coordinates>
        </Point>
      </Placemark>
      <Placemark>
        <name>舟右-40 過山香</name>
        <styleUrl>#icon-1899-0288D1-nodesc</styleUrl>
        <Point>
          <coordinates>
            121.509777,25.032789,0
          </coordinates>
        </Point>
      </Placemark>
      <Placemark>
        <name>舟右-38 羽毛樹豆</name>
        <styleUrl>#icon-1899-0288D1-nodesc</styleUrl>
        <Point>
          <coordinates>
            121.509792,25.032711,0
          </coordinates>
        </Point>
      </Placemark>
      <Placemark>
        <name>舟-65 細葉油點百合</name>
        <styleUrl>#icon-1899-0288D1-nodesc</styleUrl>
        <Point>
          <coordinates>
            121.509569,25.032788,0
          </coordinates>
        </Point>
      </Placemark>
      <Placemark>
        <name>舟右-36 紅芽石楠</name>
        <styleUrl>#icon-1899-0288D1-nodesc</styleUrl>
        <Point>
          <coordinates>
            121.509711,25.032666,0
          </coordinates>
        </Point>
      </Placemark>
      <Placemark>
        <name>舟-46 加勒比海盜秋海棠</name>
        <styleUrl>#icon-1899-0288D1-nodesc</styleUrl>
        <Point>
          <coordinates>
            121.50964,25.032768,0
          </coordinates>
        </Point>
      </Placemark>
      <Placemark>
        <name>舟左-43 白花竹葉蘭</name>
        <styleUrl>#icon-1899-0288D1-nodesc</styleUrl>
        <Point>
          <coordinates>
            121.509215,25.032932,0
          </coordinates>
        </Point>
      </Placemark>
      <Placemark>
        <name>舟左-50 鴨兒芹</name>
        <styleUrl>#icon-1899-0288D1-nodesc</styleUrl>
        <Point>
          <coordinates>
            121.509262,25.032867,0
          </coordinates>
        </Point>
      </Placemark>
      <Placemark>
        <name>舟左-45 華紫金牛</name>
        <styleUrl>#icon-1899-0288D1-nodesc</styleUrl>
        <Point>
          <coordinates>
            121.509357,25.032845,0
          </coordinates>
        </Point>
      </Placemark>
      <Placemark>
        <name>舟後-49 大花赤楠</name>
        <styleUrl>#icon-1899-0288D1-nodesc</styleUrl>
        <Point>
          <coordinates>
            121.50928,25.033035,0
          </coordinates>
        </Point>
      </Placemark>
      <Placemark>
        <name>舟後-66 蘭嶼蘋婆</name>
        <styleUrl>#icon-1899-0288D1-nodesc</styleUrl>
        <Point>
          <coordinates>
            121.509742,25.033048,0
          </coordinates>
        </Point>
      </Placemark>
      <Placemark>
        <name>舟-77 拐棗</name>
        <styleUrl>#icon-1899-0288D1-nodesc</styleUrl>
        <Point>
          <coordinates>
            121.5089895,25.0331061,0
          </coordinates>
        </Point>
      </Placemark>
      <Placemark>
        <name>舟後-53 桃金孃</name>
        <styleUrl>#icon-1899-0288D1-nodesc</styleUrl>
        <Point>
          <coordinates>
            121.509493,25.033083,0
          </coordinates>
        </Point>
      </Placemark>
      <Placemark>
        <name>舟-60 盧卡毬蘭</name>
        <styleUrl>#icon-1899-0288D1-nodesc</styleUrl>
        <Point>
          <coordinates>
            121.509599,25.032762,0
          </coordinates>
        </Point>
      </Placemark>
      <Placemark>
        <name>舟後-69 象牙柿</name>
        <styleUrl>#icon-1899-0288D1-nodesc</styleUrl>
        <Point>
          <coordinates>
            121.509276,25.032982,0
          </coordinates>
        </Point>
      </Placemark>
      <Placemark>
        <name>舟左-63 馬甲子</name>
        <styleUrl>#icon-1899-0288D1-nodesc</styleUrl>
        <Point>
          <coordinates>
            121.509534,25.0327018,0
          </coordinates>
        </Point>
      </Placemark>
      <Placemark>
        <name>舟-37 燕石斛</name>
        <styleUrl>#icon-1899-0288D1-nodesc</styleUrl>
        <Point>
          <coordinates>
            121.509583,25.032774,0
          </coordinates>
        </Point>
      </Placemark>
      <Placemark>
        <name>舟-64 紫苞舌蘭</name>
        <styleUrl>#icon-1899-0288D1-nodesc</styleUrl>
        <Point>
          <coordinates>
            121.509506,25.032794,0
          </coordinates>
        </Point>
      </Placemark>
      <Placemark>
        <name>舟右-50 福木</name>
        <styleUrl>#icon-1899-0288D1-nodesc</styleUrl>
        <Point>
          <coordinates>
            121.510039,25.032631,0
          </coordinates>
        </Point>
      </Placemark>
      <Placemark>
        <name>舟右-45 刺杜密</name>
        <styleUrl>#icon-1899-0288D1-nodesc</styleUrl>
        <Point>
          <coordinates>
            121.509773,25.032436,0
          </coordinates>
        </Point>
      </Placemark>
      <Placemark>
        <name>舟-88 銀脈爵床</name>
        <styleUrl>#icon-1899-0288D1-nodesc</styleUrl>
        <Point>
          <coordinates>
            121.509734,25.032765,0
          </coordinates>
        </Point>
      </Placemark>
      <Placemark>
        <name>舟左-48 阿拉比卡咖啡</name>
        <styleUrl>#icon-1899-0288D1-nodesc</styleUrl>
        <Point>
          <coordinates>
            121.509286,25.032826,0
          </coordinates>
        </Point>
      </Placemark>
      <Placemark>
        <name>舟右-46 大花黃槐</name>
        <styleUrl>#icon-1899-0288D1-nodesc</styleUrl>
        <Point>
          <coordinates>
            121.5098089,25.0327105,0
          </coordinates>
        </Point>
      </Placemark>
      <Placemark>
        <name>舟-75 天宮石斛蘭</name>
        <styleUrl>#icon-1899-0288D1-nodesc</styleUrl>
        <Point>
          <coordinates>
            121.509734,25.032775,0
          </coordinates>
        </Point>
      </Placemark>
      <Placemark>
        <name>舟左-61 蝴蝶蘭</name>
        <styleUrl>#icon-1899-0288D1-nodesc</styleUrl>
        <Point>
          <coordinates>
            121.509255,25.032914,0
          </coordinates>
        </Point>
      </Placemark>
      <Placemark>
        <name>舟左-57 毬蘭</name>
        <styleUrl>#icon-1899-0288D1-nodesc</styleUrl>
        <Point>
          <coordinates>
            121.509322,25.032836,0
          </coordinates>
        </Point>
      </Placemark>
      <Placemark>
        <name>舟-79 檀香石斛白變種</name>
        <styleUrl>#icon-1899-0288D1-nodesc</styleUrl>
        <Point>
          <coordinates>
            121.509734,25.032786,0
          </coordinates>
        </Point>
      </Placemark>
      <Placemark>
        <name>舟左-01 兔尾草</name>
        <styleUrl>#icon-1899-0288D1-nodesc</styleUrl>
        <Point>
          <coordinates>
            121.509402,25.032758,0
          </coordinates>
        </Point>
      </Placemark>
      <Placemark>
        <name>舟左-01 #2 兔尾草</name>
        <styleUrl>#icon-1899-0288D1-nodesc</styleUrl>
        <Point>
          <coordinates>
            121.508933,25.032348,0
          </coordinates>
        </Point>
      </Placemark>
      <Placemark>
        <name>舟-50 對面花</name>
        <styleUrl>#icon-1899-0288D1-nodesc</styleUrl>
        <Point>
          <coordinates>
            121.509833,25.032585,0
          </coordinates>
        </Point>
      </Placemark>
      <Placemark>
        <name>舟右-47 彎花醉魚木</name>
        <styleUrl>#icon-1899-0288D1-nodesc</styleUrl>
        <Point>
          <coordinates>
            121.509633,25.032644,0
          </coordinates>
        </Point>
      </Placemark>
      <Placemark>
        <name>舟右-08 蒂牡花</name>
        <styleUrl>#icon-1899-0288D1-nodesc</styleUrl>
        <Point>
          <coordinates>
            121.509787,25.032741,0
          </coordinates>
        </Point>
      </Placemark>
      <Placemark>
        <name>舟右-55 雞爪樹</name>
        <styleUrl>#icon-1899-0288D1-nodesc</styleUrl>
        <Point>
          <coordinates>
            121.509878,25.032703,0
          </coordinates>
        </Point>
      </Placemark>
      <Placemark>
        <name>舟左-58 清水山石竹</name>
        <styleUrl>#icon-1899-0288D1-nodesc</styleUrl>
        <Point>
          <coordinates>
            121.509449,25.03279,0
          </coordinates>
        </Point>
      </Placemark>
      <Placemark>
        <name>舟右-53 錫蘭葉下珠</name>
        <styleUrl>#icon-1899-0288D1-nodesc</styleUrl>
        <Point>
          <coordinates>
            121.509795,25.032726,0
          </coordinates>
        </Point>
      </Placemark>
      <Placemark>
        <name>舟後-42 菱葉衛矛</name>
        <styleUrl>#icon-1899-0288D1-nodesc</styleUrl>
        <Point>
          <coordinates>
            121.509414,25.033087,0
          </coordinates>
        </Point>
      </Placemark>
      <Placemark>
        <name>舟左-51 三角葉西番蓮</name>
        <styleUrl>#icon-1899-0288D1-nodesc</styleUrl>
        <Point>
          <coordinates>
            121.509314,25.032812,0
          </coordinates>
        </Point>
      </Placemark>
      <Placemark>
        <name>舟-72 台灣崖爬藤</name>
        <styleUrl>#icon-1899-0288D1-nodesc</styleUrl>
        <Point>
          <coordinates>
            121.509695,25.032786,0
          </coordinates>
        </Point>
      </Placemark>
      <Placemark>
        <name>舟右-26 楓葉秋海棠</name>
        <styleUrl>#icon-1899-0288D1-nodesc</styleUrl>
        <Point>
          <coordinates>
            121.50993,25.032794,0
          </coordinates>
        </Point>
      </Placemark>
      <Placemark>
        <name>舟-66 觀果鳳梨</name>
        <styleUrl>#icon-1899-0288D1-nodesc</styleUrl>
        <Point>
          <coordinates>
            121.509576,25.03275,0
          </coordinates>
        </Point>
      </Placemark>
      <Placemark>
        <name>舟後-64 水石榕</name>
        <styleUrl>#icon-1899-0288D1-nodesc</styleUrl>
        <Point>
          <coordinates>
            121.509851,25.032986,0
          </coordinates>
        </Point>
      </Placemark>
      <Placemark>
        <name>舟後-35 武威山烏皮茶</name>
        <styleUrl>#icon-1899-0288D1-nodesc</styleUrl>
        <Point>
          <coordinates>
            121.509184,25.032982,0
          </coordinates>
        </Point>
      </Placemark>
      <Placemark>
        <name>舟右-48 港口馬兜鈴</name>
        <styleUrl>#icon-1899-0288D1-nodesc</styleUrl>
        <Point>
          <coordinates>
            121.509838,25.032748,0
          </coordinates>
        </Point>
      </Placemark>
      <Placemark>
        <name>舟後-72 香茅</name>
        <styleUrl>#icon-1899-0288D1-nodesc</styleUrl>
        <Point>
          <coordinates>
            121.509106,25.033068,0
          </coordinates>
        </Point>
      </Placemark>
      <Placemark>
        <name>舟-81 猴尾柱</name>
        <styleUrl>#icon-1899-0288D1-nodesc</styleUrl>
        <Point>
          <coordinates>
            121.509738,25.03278,0
          </coordinates>
        </Point>
      </Placemark>
      <Placemark>
        <name>舟後-73 高士佛赤楠</name>
        <styleUrl>#icon-1899-0288D1-nodesc</styleUrl>
        <Point>
          <coordinates>
            121.509273,25.033057,0
          </coordinates>
        </Point>
      </Placemark>
      <Placemark>
        <name>舟後-71 長腳羊耳蒜</name>
        <styleUrl>#icon-1899-0288D1-nodesc</styleUrl>
        <Point>
          <coordinates>
            121.509227,25.032944,0
          </coordinates>
        </Point>
      </Placemark>
      <Placemark>
        <name>舟後-67 蛋樹</name>
        <styleUrl>#icon-1899-0288D1-nodesc</styleUrl>
        <Point>
          <coordinates>
            121.509692,25.032941,0
          </coordinates>
        </Point>
      </Placemark>
      <Placemark>
        <name>舟-76 心葉毬蘭</name>
        <styleUrl>#icon-1899-0288D1-nodesc</styleUrl>
        <Point>
          <coordinates>
            121.509607,25.032773,0
          </coordinates>
        </Point>
      </Placemark>
      <Placemark>
        <name>舟-53 澤珍珠菜</name>
        <styleUrl>#icon-1899-0288D1-nodesc</styleUrl>
        <Point>
          <coordinates>
            121.511283,25.031723,0
          </coordinates>
        </Point>
      </Placemark>
      <Placemark>
        <name>舟右-13 馬醉草</name>
        <styleUrl>#icon-1899-0288D1-nodesc</styleUrl>
        <Point>
          <coordinates>
            121.509845,25.032697,0
          </coordinates>
        </Point>
      </Placemark>
      <Placemark>
        <name>舟右-56 台灣赤楠</name>
        <styleUrl>#icon-1899-0288D1-nodesc</styleUrl>
        <Point>
          <coordinates>
            121.509864,25.032644,0
          </coordinates>
        </Point>
      </Placemark>
      <Placemark>
        <name>舟左-64 馬鞍藤</name>
        <styleUrl>#icon-1899-0288D1-nodesc</styleUrl>
        <Point>
          <coordinates>
            121.509394,25.032905,0
          </coordinates>
        </Point>
      </Placemark>
      <Placemark>
        <name>舟-10 雲葉毬蘭</name>
        <styleUrl>#icon-1899-0288D1-nodesc</styleUrl>
        <Point>
          <coordinates>
            121.509726,25.032772,0
          </coordinates>
        </Point>
      </Placemark>
      <Placemark>
        <name>舟右-43 金粟蘭</name>
        <styleUrl>#icon-1899-0288D1-nodesc</styleUrl>
        <Point>
          <coordinates>
            121.509802,25.032646,0
          </coordinates>
        </Point>
      </Placemark>
      <Placemark>
        <name>舟-85 裡菫紫金牛</name>
        <styleUrl>#icon-1899-0288D1-nodesc</styleUrl>
        <Point>
          <coordinates>
            121.509732,25.032758,0
          </coordinates>
        </Point>
      </Placemark>
      <Placemark>
        <name>舟右-54 降真香</name>
        <styleUrl>#icon-1899-0288D1-nodesc</styleUrl>
        <Point>
          <coordinates>
            121.509807,25.032755,0
          </coordinates>
        </Point>
      </Placemark>
      <Placemark>
        <name>舟-59 白金羽花</name>
        <styleUrl>#icon-1899-0288D1-nodesc</styleUrl>
        <Point>
          <coordinates>
            121.509728,25.032814,0
          </coordinates>
        </Point>
      </Placemark>
      <Placemark>
        <name>舟-95 兜蘭</name>
        <styleUrl>#icon-1899-0288D1-nodesc</styleUrl>
        <Point>
          <coordinates>
            121.5092263,25.0329045,0
          </coordinates>
        </Point>
      </Placemark>
      <Placemark>
        <name>舟-112 雪花蘆薈</name>
        <styleUrl>#icon-1899-0288D1-nodesc</styleUrl>
        <Point>
          <coordinates>
            121.509582,25.032782,0
          </coordinates>
        </Point>
      </Placemark>
      <Placemark>
        <name>舟-83 紅蟬豆蘭</name>
        <styleUrl>#icon-1899-0288D1-nodesc</styleUrl>
        <Point>
          <coordinates>
            121.509188,25.032886,0
          </coordinates>
        </Point>
      </Placemark>
      <Placemark>
        <name>舟後-75 南洋含笑</name>
        <styleUrl>#icon-1899-0288D1-nodesc</styleUrl>
        <Point>
          <coordinates>
            121.509243,25.032976,0
          </coordinates>
        </Point>
      </Placemark>
      <Placemark>
        <name>舟-96 大吳風草</name>
        <styleUrl>#icon-1899-0288D1-nodesc</styleUrl>
        <Point>
          <coordinates>
            121.509202,25.032941,0
          </coordinates>
        </Point>
      </Placemark>
      <Placemark>
        <name>舟-104 磯松錦</name>
        <styleUrl>#icon-1899-0288D1-nodesc</styleUrl>
        <Point>
          <coordinates>
            121.50959,25.032782,0
          </coordinates>
        </Point>
      </Placemark>
      <Placemark>
        <name>舟右-58 紅燒賣毬蘭</name>
        <styleUrl>#icon-1899-0288D1-nodesc</styleUrl>
        <Point>
          <coordinates>
            121.509733,25.032781,0
          </coordinates>
        </Point>
      </Placemark>
      <Placemark>
        <name>舟後-76 山檳榔</name>
        <styleUrl>#icon-1899-0288D1-nodesc</styleUrl>
        <Point>
          <coordinates>
            121.509346,25.033024,0
          </coordinates>
        </Point>
      </Placemark>
      <Placemark>
        <name>舟-100 琉球八仙</name>
        <styleUrl>#icon-1899-0288D1-nodesc</styleUrl>
        <Point>
          <coordinates>
            121.509281,25.032944,0
          </coordinates>
        </Point>
      </Placemark>
      <Placemark>
        <name>舟-98 幹花爵床</name>
        <styleUrl>#icon-1899-0288D1-nodesc</styleUrl>
        <Point>
          <coordinates>
            121.50974,25.032793,0
          </coordinates>
        </Point>
      </Placemark>
      <Placemark>
        <name>舟-109 金草蘭</name>
        <styleUrl>#icon-1899-0288D1-nodesc</styleUrl>
        <Point>
          <coordinates>
            121.509652,25.032737,0
          </coordinates>
        </Point>
      </Placemark>
      <Placemark>
        <name>舟左-67 細莖石斛</name>
        <styleUrl>#icon-1899-0288D1-nodesc</styleUrl>
        <Point>
          <coordinates>
            121.509246,25.032916,0
          </coordinates>
        </Point>
      </Placemark>
      <Placemark>
        <name>舟-107 虎紋隔距蘭</name>
        <styleUrl>#icon-1899-0288D1-nodesc</styleUrl>
        <Point>
          <coordinates>
            121.509229,25.03292,0
          </coordinates>
        </Point>
      </Placemark>
      <Placemark>
        <name>舟-99 狹葉七葉一枝花</name>
        <styleUrl>#icon-1899-0288D1-nodesc</styleUrl>
        <Point>
          <coordinates>
            121.509685,25.032784,0
          </coordinates>
        </Point>
      </Placemark>
      <Placemark>
        <name>舟-111 鈴木氏油點草</name>
        <styleUrl>#icon-1899-0288D1-nodesc</styleUrl>
        <Point>
          <coordinates>
            121.509725,25.032792,0
          </coordinates>
        </Point>
      </Placemark>
      <Placemark>
        <name>舟後-80 馬尼拉麻蕉</name>
        <styleUrl>#icon-1899-0288D1-nodesc</styleUrl>
        <Point>
          <coordinates>
            121.509714,25.033131,0
          </coordinates>
        </Point>
      </Placemark>
      <Placemark>
        <name>舟後-81 麥門冬</name>
        <styleUrl>#icon-1899-0288D1-nodesc</styleUrl>
        <Point>
          <coordinates>
            121.50992,25.031468,0
          </coordinates>
        </Point>
      </Placemark>
      <Placemark>
        <name>雙-15 #2 海南紅豆</name>
        <styleUrl>#icon-1899-0288D1-nodesc</styleUrl>
        <Point>
          <coordinates>
            121.5097356,25.0330261,0
          </coordinates>
        </Point>
      </Placemark>
    </Folder>
    <Folder>
      <name>第3張 東側（337 點）</name>
      <Placemark>
        <name>荷-09 楓香</name>
        <styleUrl>#icon-1899-0288D1-nodesc</styleUrl>
        <Point>
          <coordinates>
            121.510504,25.032322,0
          </coordinates>
        </Point>
      </Placemark>
      <Placemark>
        <name>荷-21 圓葉節節菜</name>
        <styleUrl>#icon-1899-0288D1-nodesc</styleUrl>
        <Point>
          <coordinates>
            121.511257,25.031662,0
          </coordinates>
        </Point>
      </Placemark>
      <Placemark>
        <name>荷-26 細葉百合竹</name>
        <styleUrl>#icon-1899-0288D1-nodesc</styleUrl>
        <Point>
          <coordinates>
            121.510447,25.031647,0
          </coordinates>
        </Point>
      </Placemark>
      <Placemark>
        <name>荷-32 南澳杜鵑</name>
        <styleUrl>#icon-1899-0288D1-nodesc</styleUrl>
        <Point>
          <coordinates>
            121.51014,25.031474,0
          </coordinates>
        </Point>
      </Placemark>
      <Placemark>
        <name>荷-35 日本女貞</name>
        <styleUrl>#icon-1899-0288D1-nodesc</styleUrl>
        <Point>
          <coordinates>
            121.5105227,25.0322217,0
          </coordinates>
        </Point>
      </Placemark>
      <Placemark>
        <name>荷-37 水竹葉</name>
        <styleUrl>#icon-1899-0288D1-nodesc</styleUrl>
        <Point>
          <coordinates>
            121.511302,25.031672,0
          </coordinates>
        </Point>
      </Placemark>
      <Placemark>
        <name>荷-45 船子草</name>
        <styleUrl>#icon-1899-0288D1-nodesc</styleUrl>
        <Point>
          <coordinates>
            121.510548,25.032361,0
          </coordinates>
        </Point>
      </Placemark>
      <Placemark>
        <name>荷-48 蔓花生</name>
        <styleUrl>#icon-1899-0288D1-nodesc</styleUrl>
        <Point>
          <coordinates>
            121.511169,25.032232,0
          </coordinates>
        </Point>
      </Placemark>
      <Placemark>
        <name>荷-51 裂瓣朱槿</name>
        <styleUrl>#icon-1899-0288D1-nodesc</styleUrl>
        <Point>
          <coordinates>
            121.511284,25.031756,0
          </coordinates>
        </Point>
      </Placemark>
      <Placemark>
        <name>荷-52 阿里山燈心草</name>
        <styleUrl>#icon-1899-0288D1-nodesc</styleUrl>
        <Point>
          <coordinates>
            121.511308,25.03169,0
          </coordinates>
        </Point>
      </Placemark>
      <Placemark>
        <name>荷-56 小葉藜</name>
        <styleUrl>#icon-1899-0288D1-nodesc</styleUrl>
        <Point>
          <coordinates>
            121.511363,25.03168,0
          </coordinates>
        </Point>
      </Placemark>
      <Placemark>
        <name>荷-57 巴西鳶尾</name>
        <styleUrl>#icon-1899-0288D1-nodesc</styleUrl>
        <Point>
          <coordinates>
            121.511273,25.031772,0
          </coordinates>
        </Point>
      </Placemark>
      <Placemark>
        <name>荷-58 庭菖蒲</name>
        <styleUrl>#icon-1899-0288D1-nodesc</styleUrl>
        <Point>
          <coordinates>
            121.511751,25.032092,0
          </coordinates>
        </Point>
      </Placemark>
      <Placemark>
        <name>荷-59 廣東薔薇</name>
        <styleUrl>#icon-1899-0288D1-nodesc</styleUrl>
        <Point>
          <coordinates>
            121.511193,25.032176,0
          </coordinates>
        </Point>
      </Placemark>
      <Placemark>
        <name>荷-60 披針葉饅頭果</name>
        <styleUrl>#icon-1899-0288D1-nodesc</styleUrl>
        <Point>
          <coordinates>
            121.510941,25.0324399,0
          </coordinates>
        </Point>
      </Placemark>
      <Placemark>
        <name>荷-66 火炭母草</name>
        <styleUrl>#icon-1899-0288D1-nodesc</styleUrl>
        <Point>
          <coordinates>
            121.5111904,25.0323916,0
          </coordinates>
        </Point>
      </Placemark>
      <Placemark>
        <name>荷-67 窄葉澤瀉</name>
        <styleUrl>#icon-1899-0288D1-nodesc</styleUrl>
        <Point>
          <coordinates>
            121.511326,25.031689,0
          </coordinates>
        </Point>
      </Placemark>
      <Placemark>
        <name>荷-68 紫蘇草</name>
        <styleUrl>#icon-1899-0288D1-nodesc</styleUrl>
        <Point>
          <coordinates>
            121.511274,25.031694,0
          </coordinates>
        </Point>
      </Placemark>
      <Placemark>
        <name>荷-72 黃槿</name>
        <styleUrl>#icon-1899-0288D1-nodesc</styleUrl>
        <Point>
          <coordinates>
            121.511443,25.031976,0
          </coordinates>
        </Point>
      </Placemark>
      <Placemark>
        <name>荷-79 大高良薑</name>
        <styleUrl>#icon-1899-0288D1-nodesc</styleUrl>
        <Point>
          <coordinates>
            121.51128,25.032083,0
          </coordinates>
        </Point>
      </Placemark>
      <Placemark>
        <name>荷-84 火球花</name>
        <styleUrl>#icon-1899-0288D1-nodesc</styleUrl>
        <Point>
          <coordinates>
            121.510798,25.032363,0
          </coordinates>
        </Point>
      </Placemark>
      <Placemark>
        <name>荷-89 蘭花美人蕉</name>
        <styleUrl>#icon-1899-0288D1-nodesc</styleUrl>
        <Point>
          <coordinates>
            121.51129,25.03205,0
          </coordinates>
        </Point>
      </Placemark>
      <Placemark>
        <name>荷-90 野薑花</name>
        <styleUrl>#icon-1899-0288D1-nodesc</styleUrl>
        <Point>
          <coordinates>
            121.510787,25.032322,0
          </coordinates>
        </Point>
      </Placemark>
      <Placemark>
        <name>荷-94 黃果垂榕</name>
        <styleUrl>#icon-1899-0288D1-nodesc</styleUrl>
        <Point>
          <coordinates>
            121.510367,25.032085,0
          </coordinates>
        </Point>
      </Placemark>
      <Placemark>
        <name>荷-95 點頭飄拂草</name>
        <styleUrl>#icon-1899-0288D1-nodesc</styleUrl>
        <Point>
          <coordinates>
            121.511342,25.031688,0
          </coordinates>
        </Point>
      </Placemark>
      <Placemark>
        <name>荷-102 細葉麥門冬</name>
        <styleUrl>#icon-1899-0288D1-nodesc</styleUrl>
        <Point>
          <coordinates>
            121.510789,25.032444,0
          </coordinates>
        </Point>
      </Placemark>
      <Placemark>
        <name>荷-103 輪葉孿生花</name>
        <styleUrl>#icon-1899-0288D1-nodesc</styleUrl>
        <Point>
          <coordinates>
            121.5108398,25.0315642,0
          </coordinates>
        </Point>
      </Placemark>
      <Placemark>
        <name>荷-105 鴨舌草</name>
        <styleUrl>#icon-1899-0288D1-nodesc</styleUrl>
        <Point>
          <coordinates>
            121.510472,25.031812,0
          </coordinates>
        </Point>
      </Placemark>
      <Placemark>
        <name>荷-106 大萍</name>
        <styleUrl>#icon-1899-0288D1-nodesc</styleUrl>
        <Point>
          <coordinates>
            121.511255,25.032331,0
          </coordinates>
        </Point>
      </Placemark>
      <Placemark>
        <name>荷-107 心葉母草</name>
        <styleUrl>#icon-1899-0288D1-nodesc</styleUrl>
        <Point>
          <coordinates>
            121.511169,25.032149,0
          </coordinates>
        </Point>
      </Placemark>
      <Placemark>
        <name>荷-108 滿江紅</name>
        <styleUrl>#icon-1899-0288D1-nodesc</styleUrl>
        <Point>
          <coordinates>
            121.510571,25.032208,0
          </coordinates>
        </Point>
      </Placemark>
      <Placemark>
        <name>荷-109 澳洲鴨腳木</name>
        <styleUrl>#icon-1899-0288D1-nodesc</styleUrl>
        <Point>
          <coordinates>
            121.5109866,25.0323999,0
          </coordinates>
        </Point>
      </Placemark>
      <Placemark>
        <name>荷-111 藿香薊</name>
        <styleUrl>#icon-1899-0288D1-nodesc</styleUrl>
        <Point>
          <coordinates>
            121.5113,25.031659,0
          </coordinates>
        </Point>
      </Placemark>
      <Placemark>
        <name>荷-113 貓腥草</name>
        <styleUrl>#icon-1899-0288D1-nodesc</styleUrl>
        <Point>
          <coordinates>
            121.511199,25.031706,0
          </coordinates>
        </Point>
      </Placemark>
      <Placemark>
        <name>荷-114 金花石蒜</name>
        <styleUrl>#icon-1899-0288D1-nodesc</styleUrl>
        <Point>
          <coordinates>
            121.510534,25.03234,0
          </coordinates>
        </Point>
      </Placemark>
      <Placemark>
        <name>荷-115 土人參</name>
        <styleUrl>#icon-1899-0288D1-nodesc</styleUrl>
        <Point>
          <coordinates>
            121.5106736,25.0314635,0
          </coordinates>
        </Point>
      </Placemark>
      <Placemark>
        <name>荷-117 擬紫蘇草</name>
        <styleUrl>#icon-1899-0288D1-nodesc</styleUrl>
        <Point>
          <coordinates>
            121.511289,25.031693,0
          </coordinates>
        </Point>
      </Placemark>
      <Placemark>
        <name>荷-118 粗毛饑荒草</name>
        <styleUrl>#icon-1899-0288D1-nodesc</styleUrl>
        <Point>
          <coordinates>
            121.511275,25.031666,0
          </coordinates>
        </Point>
      </Placemark>
      <Placemark>
        <name>荷-120 南美朱槿</name>
        <styleUrl>#icon-1899-0288D1-nodesc</styleUrl>
        <Point>
          <coordinates>
            121.511311,25.031738,0
          </coordinates>
        </Point>
      </Placemark>
      <Placemark>
        <name>荷-121 小穀精草</name>
        <styleUrl>#icon-1899-0288D1-nodesc</styleUrl>
        <Point>
          <coordinates>
            121.511318,25.031664,0
          </coordinates>
        </Point>
      </Placemark>
      <Placemark>
        <name>荷-122 槐葉蘋</name>
        <styleUrl>#icon-1899-0288D1-nodesc</styleUrl>
        <Point>
          <coordinates>
            121.511296,25.031662,0
          </coordinates>
        </Point>
      </Placemark>
      <Placemark>
        <name>野-02 恆春楨楠</name>
        <styleUrl>#icon-1899-0288D1-nodesc</styleUrl>
        <Point>
          <coordinates>
            121.510466,25.032213,0
          </coordinates>
        </Point>
      </Placemark>
      <Placemark>
        <name>野-09 列當</name>
        <styleUrl>#icon-1899-0288D1-nodesc</styleUrl>
        <Point>
          <coordinates>
            121.510467,25.03213,0
          </coordinates>
        </Point>
      </Placemark>
      <Placemark>
        <name>野-18 翠蘆莉</name>
        <styleUrl>#icon-1899-0288D1-nodesc</styleUrl>
        <Point>
          <coordinates>
            121.510495,25.032206,0
          </coordinates>
        </Point>
      </Placemark>
      <Placemark>
        <name>野-19 脈耳草</name>
        <styleUrl>#icon-1899-0288D1-nodesc</styleUrl>
        <Point>
          <coordinates>
            121.510431,25.032155,0
          </coordinates>
        </Point>
      </Placemark>
      <Placemark>
        <name>野-20 點地梅</name>
        <styleUrl>#icon-1899-0288D1-nodesc</styleUrl>
        <Point>
          <coordinates>
            121.510455,25.032155,0
          </coordinates>
        </Point>
      </Placemark>
      <Placemark>
        <name>野-22 刺葉黃褥花</name>
        <styleUrl>#icon-1899-0288D1-nodesc</styleUrl>
        <Point>
          <coordinates>
            121.510494,25.032178,0
          </coordinates>
        </Point>
      </Placemark>
      <Placemark>
        <name>野-25 毛將軍</name>
        <styleUrl>#icon-1899-0288D1-nodesc</styleUrl>
        <Point>
          <coordinates>
            121.510476,25.032118,0
          </coordinates>
        </Point>
      </Placemark>
      <Placemark>
        <name>野-27 百金</name>
        <styleUrl>#icon-1899-0288D1-nodesc</styleUrl>
        <Point>
          <coordinates>
            121.510445,25.032099,0
          </coordinates>
        </Point>
      </Placemark>
      <Placemark>
        <name>野-31 天人菊</name>
        <styleUrl>#icon-1899-0288D1-nodesc</styleUrl>
        <Point>
          <coordinates>
            121.510456,25.032072,0
          </coordinates>
        </Point>
      </Placemark>
      <Placemark>
        <name>野-32 布列氏黃芩</name>
        <styleUrl>#icon-1899-0288D1-nodesc</styleUrl>
        <Point>
          <coordinates>
            121.510419,25.032071,0
          </coordinates>
        </Point>
      </Placemark>
      <Placemark>
        <name>野-34 百金花</name>
        <styleUrl>#icon-1899-0288D1-nodesc</styleUrl>
        <Point>
          <coordinates>
            121.510477,25.032106,0
          </coordinates>
        </Point>
      </Placemark>
      <Placemark>
        <name>野-36 陀螺紫菀</name>
        <styleUrl>#icon-1899-0288D1-nodesc</styleUrl>
        <Point>
          <coordinates>
            121.510395,25.03213,0
          </coordinates>
        </Point>
      </Placemark>
      <Placemark>
        <name>野-39 山葡萄</name>
        <styleUrl>#icon-1899-0288D1-nodesc</styleUrl>
        <Point>
          <coordinates>
            121.510415,25.032134,0
          </coordinates>
        </Point>
      </Placemark>
      <Placemark>
        <name>野-40 長萼野百合</name>
        <styleUrl>#icon-1899-0288D1-nodesc</styleUrl>
        <Point>
          <coordinates>
            121.510432,25.032128,0
          </coordinates>
        </Point>
      </Placemark>
      <Placemark>
        <name>野-41 囊穎草</name>
        <styleUrl>#icon-1899-0288D1-nodesc</styleUrl>
        <Point>
          <coordinates>
            121.51104,25.03252,0
          </coordinates>
        </Point>
      </Placemark>
      <Placemark>
        <name>野-42 土丁桂</name>
        <styleUrl>#icon-1899-0288D1-nodesc</styleUrl>
        <Point>
          <coordinates>
            121.510478,25.032144,0
          </coordinates>
        </Point>
      </Placemark>
      <Placemark>
        <name>野-43 基隆蠅子草</name>
        <styleUrl>#icon-1899-0288D1-nodesc</styleUrl>
        <Point>
          <coordinates>
            121.51041,25.032055,0
          </coordinates>
        </Point>
      </Placemark>
      <Placemark>
        <name>野-44 白花草</name>
        <styleUrl>#icon-1899-0288D1-nodesc</styleUrl>
        <Point>
          <coordinates>
            121.510433,25.032072,0
          </coordinates>
        </Point>
      </Placemark>
      <Placemark>
        <name>野-45 茵陳蒿</name>
        <styleUrl>#icon-1899-0288D1-nodesc</styleUrl>
        <Point>
          <coordinates>
            121.51047,25.032085,0
          </coordinates>
        </Point>
      </Placemark>
      <Placemark>
        <name>野-46 印尼珍珠茅</name>
        <styleUrl>#icon-1899-0288D1-nodesc</styleUrl>
        <Point>
          <coordinates>
            121.510442,25.032051,0
          </coordinates>
        </Point>
      </Placemark>
      <Placemark>
        <name>野-47 華薊</name>
        <styleUrl>#icon-1899-0288D1-nodesc</styleUrl>
        <Point>
          <coordinates>
            121.510463,25.032118,0
          </coordinates>
        </Point>
      </Placemark>
      <Placemark>
        <name>野-49 掃帚菊</name>
        <styleUrl>#icon-1899-0288D1-nodesc</styleUrl>
        <Point>
          <coordinates>
            121.510422,25.032103,0
          </coordinates>
        </Point>
      </Placemark>
      <Placemark>
        <name>佛-01 台灣穗花杉</name>
        <styleUrl>#icon-1899-0288D1-nodesc</styleUrl>
        <Point>
          <coordinates>
            121.510744,25.032941,0
          </coordinates>
        </Point>
      </Placemark>
      <Placemark>
        <name>佛-12 黃鵪菜</name>
        <styleUrl>#icon-1899-0288D1-nodesc</styleUrl>
        <Point>
          <coordinates>
            121.510599,25.032878,0
          </coordinates>
        </Point>
      </Placemark>
      <Placemark>
        <name>佛-32 第倫桃</name>
        <styleUrl>#icon-1899-0288D1-nodesc</styleUrl>
        <Point>
          <coordinates>
            121.510693,25.032506,0
          </coordinates>
        </Point>
      </Placemark>
      <Placemark>
        <name>佛-33 雞毛松</name>
        <styleUrl>#icon-1899-0288D1-nodesc</styleUrl>
        <Point>
          <coordinates>
            121.510639,25.033087,0
          </coordinates>
        </Point>
      </Placemark>
      <Placemark>
        <name>佛-34 優曇華</name>
        <styleUrl>#icon-1899-0288D1-nodesc</styleUrl>
        <Point>
          <coordinates>
            121.5109165,25.0325953,0
          </coordinates>
        </Point>
      </Placemark>
      <Placemark>
        <name>佛-35 棗子</name>
        <styleUrl>#icon-1899-0288D1-nodesc</styleUrl>
        <Point>
          <coordinates>
            121.510661,25.032666,0
          </coordinates>
        </Point>
      </Placemark>
      <Placemark>
        <name>名-02 南台冬青</name>
        <styleUrl>#icon-1899-0288D1-nodesc</styleUrl>
        <Point>
          <coordinates>
            121.510073,25.0331,0
          </coordinates>
        </Point>
      </Placemark>
      <Placemark>
        <name>名-06 日本花柏</name>
        <styleUrl>#icon-1899-0288D1-nodesc</styleUrl>
        <Point>
          <coordinates>
            121.510424,25.032955,0
          </coordinates>
        </Point>
      </Placemark>
      <Placemark>
        <name>名-09 亮葉南洋杉</name>
        <styleUrl>#icon-1899-0288D1-nodesc</styleUrl>
        <Point>
          <coordinates>
            121.510388,25.033,0
          </coordinates>
        </Point>
      </Placemark>
      <Placemark>
        <name>名-13 紅花野牽牛</name>
        <styleUrl>#icon-1899-0288D1-nodesc</styleUrl>
        <Point>
          <coordinates>
            121.509998,25.0325996,0
          </coordinates>
        </Point>
      </Placemark>
      <Placemark>
        <name>名-14 美葉蘇鐵</name>
        <styleUrl>#icon-1899-0288D1-nodesc</styleUrl>
        <Point>
          <coordinates>
            121.510307,25.033339,0
          </coordinates>
        </Point>
      </Placemark>
      <Placemark>
        <name>名-15 虎尾蘭</name>
        <styleUrl>#icon-1899-0288D1-nodesc</styleUrl>
        <Point>
          <coordinates>
            121.510128,25.0331148,0
          </coordinates>
        </Point>
      </Placemark>
      <Placemark>
        <name>名-16 冇樟</name>
        <styleUrl>#icon-1899-0288D1-nodesc</styleUrl>
        <Point>
          <coordinates>
            121.510102,25.032934,0
          </coordinates>
        </Point>
      </Placemark>
      <Placemark>
        <name>名-18 桃實百日青</name>
        <styleUrl>#icon-1899-0288D1-nodesc</styleUrl>
        <Point>
          <coordinates>
            121.510398,25.033264,0
          </coordinates>
        </Point>
      </Placemark>
      <Placemark>
        <name>名-20 福建柏</name>
        <styleUrl>#icon-1899-0288D1-nodesc</styleUrl>
        <Point>
          <coordinates>
            121.510283,25.033181,0
          </coordinates>
        </Point>
      </Placemark>
      <Placemark>
        <name>名-21 雀榕</name>
        <styleUrl>#icon-1899-0288D1-nodesc</styleUrl>
        <Point>
          <coordinates>
            121.510064,25.032887,0
          </coordinates>
        </Point>
      </Placemark>
      <Placemark>
        <name>名-26 直立鴨跖草</name>
        <styleUrl>#icon-1899-0288D1-nodesc</styleUrl>
        <Point>
          <coordinates>
            121.510106,25.032807,0
          </coordinates>
        </Point>
      </Placemark>
      <Placemark>
        <name>名-27 絨氈草</name>
        <styleUrl>#icon-1899-0288D1-nodesc</styleUrl>
        <Point>
          <coordinates>
            121.5098525,25.0327067,0
          </coordinates>
        </Point>
      </Placemark>
      <Placemark>
        <name>名-29 耬斗菜</name>
        <styleUrl>#icon-1899-0288D1-nodesc</styleUrl>
        <Point>
          <coordinates>
            121.50993,25.032765,0
          </coordinates>
        </Point>
      </Placemark>
      <Placemark>
        <name>名-33 虎紋鳳梨</name>
        <styleUrl>#icon-1899-0288D1-nodesc</styleUrl>
        <Point>
          <coordinates>
            121.5098604,25.0326895,0
          </coordinates>
        </Point>
      </Placemark>
      <Placemark>
        <name>名-35 銀波草</name>
        <styleUrl>#icon-1899-0288D1-nodesc</styleUrl>
        <Point>
          <coordinates>
            121.509909,25.032746,0
          </coordinates>
        </Point>
      </Placemark>
      <Placemark>
        <name>名-39 火柴棒鳳梨</name>
        <styleUrl>#icon-1899-0288D1-nodesc</styleUrl>
        <Point>
          <coordinates>
            121.509846,25.032658,0
          </coordinates>
        </Point>
      </Placemark>
      <Placemark>
        <name>名-40 爪狀苞舌蘭</name>
        <styleUrl>#icon-1899-0288D1-nodesc</styleUrl>
        <Point>
          <coordinates>
            121.509887,25.032764,0
          </coordinates>
        </Point>
      </Placemark>
      <Placemark>
        <name>名-41 紫鳳凰</name>
        <styleUrl>#icon-1899-0288D1-nodesc</styleUrl>
        <Point>
          <coordinates>
            121.509978,25.032594,0
          </coordinates>
        </Point>
      </Placemark>
      <Placemark>
        <name>名-42 羅漢松</name>
        <styleUrl>#icon-1899-0288D1-nodesc</styleUrl>
        <Point>
          <coordinates>
            121.510384,25.033131,0
          </coordinates>
        </Point>
      </Placemark>
      <Placemark>
        <name>名-46 大花秋海棠</name>
        <styleUrl>#icon-1899-0288D1-nodesc</styleUrl>
        <Point>
          <coordinates>
            121.509893,25.032835,0
          </coordinates>
        </Point>
      </Placemark>
      <Placemark>
        <name>名-47 捲葉鶯歌鳳梨</name>
        <styleUrl>#icon-1899-0288D1-nodesc</styleUrl>
        <Point>
          <coordinates>
            121.5098318,25.0326929,0
          </coordinates>
        </Point>
      </Placemark>
      <Placemark>
        <name>名-48 三蕊楠</name>
        <styleUrl>#icon-1899-0288D1-nodesc</styleUrl>
        <Point>
          <coordinates>
            121.510309,25.032779,0
          </coordinates>
        </Point>
      </Placemark>
      <Placemark>
        <name>名-49 肯氏南洋杉</name>
        <styleUrl>#icon-1899-0288D1-nodesc</styleUrl>
        <Point>
          <coordinates>
            121.510263,25.032939,0
          </coordinates>
        </Point>
      </Placemark>
      <Placemark>
        <name>名-50 金針花</name>
        <styleUrl>#icon-1899-0288D1-nodesc</styleUrl>
        <Point>
          <coordinates>
            121.510233,25.032773,0
          </coordinates>
        </Point>
      </Placemark>
      <Placemark>
        <name>名-53 情人粗肋草</name>
        <styleUrl>#icon-1899-0288D1-nodesc</styleUrl>
        <Point>
          <coordinates>
            121.509949,25.032822,0
          </coordinates>
        </Point>
      </Placemark>
      <Placemark>
        <name>名-54 數珠珊瑚</name>
        <styleUrl>#icon-1899-0288D1-nodesc</styleUrl>
        <Point>
          <coordinates>
            121.510248,25.033528,0
          </coordinates>
        </Point>
      </Placemark>
      <Placemark>
        <name>名-55 水黃皮</name>
        <styleUrl>#icon-1899-0288D1-nodesc</styleUrl>
        <Point>
          <coordinates>
            121.5101483,25.0333453,0
          </coordinates>
        </Point>
      </Placemark>
      <Placemark>
        <name>名-56 圓葉蒲葵</name>
        <styleUrl>#icon-1899-0288D1-nodesc</styleUrl>
        <Point>
          <coordinates>
            121.510259,25.033229,0
          </coordinates>
        </Point>
      </Placemark>
      <Placemark>
        <name>名-57 竹頭角木薑子</name>
        <styleUrl>#icon-1899-0288D1-nodesc</styleUrl>
        <Point>
          <coordinates>
            121.510192,25.032908,0
          </coordinates>
        </Point>
      </Placemark>
      <Placemark>
        <name>名-58 艾咪秋海棠</name>
        <styleUrl>#icon-1899-0288D1-nodesc</styleUrl>
        <Point>
          <coordinates>
            121.5099998,25.0328185,0
          </coordinates>
        </Point>
      </Placemark>
      <Placemark>
        <name>雙-11 鄧氏胡頹子</name>
        <styleUrl>#icon-1899-0288D1-nodesc</styleUrl>
        <Point>
          <coordinates>
            121.509985,25.031549,0
          </coordinates>
        </Point>
      </Placemark>
      <Placemark>
        <name>雙-14 單核星蘋果</name>
        <styleUrl>#icon-1899-0288D1-nodesc</styleUrl>
        <Point>
          <coordinates>
            121.510254,25.032082,0
          </coordinates>
        </Point>
      </Placemark>
      <Placemark>
        <name>雙-15 海南紅豆</name>
        <styleUrl>#icon-1899-0288D1-nodesc</styleUrl>
        <Point>
          <coordinates>
            121.509992,25.032119,0
          </coordinates>
        </Point>
      </Placemark>
      <Placemark>
        <name>雙-16 裡白巴豆</name>
        <styleUrl>#icon-1899-0288D1-nodesc</styleUrl>
        <Point>
          <coordinates>
            121.510076,25.032278,0
          </coordinates>
        </Point>
      </Placemark>
      <Placemark>
        <name>雙-21 槲樹</name>
        <styleUrl>#icon-1899-0288D1-nodesc</styleUrl>
        <Point>
          <coordinates>
            121.509775,25.032244,0
          </coordinates>
        </Point>
      </Placemark>
      <Placemark>
        <name>雙-26 竹柏</name>
        <styleUrl>#icon-1899-0288D1-nodesc</styleUrl>
        <Point>
          <coordinates>
            121.509991,25.032265,0
          </coordinates>
        </Point>
      </Placemark>
      <Placemark>
        <name>雙-27 長梗紫麻</name>
        <styleUrl>#icon-1899-0288D1-nodesc</styleUrl>
        <Point>
          <coordinates>
            121.510251,25.032356,0
          </coordinates>
        </Point>
      </Placemark>
      <Placemark>
        <name>雙-28 黃土樹</name>
        <styleUrl>#icon-1899-0288D1-nodesc</styleUrl>
        <Point>
          <coordinates>
            121.510039,25.03221,0
          </coordinates>
        </Point>
      </Placemark>
      <Placemark>
        <name>雙-30 冰淇淋豆</name>
        <styleUrl>#icon-1899-0288D1-nodesc</styleUrl>
        <Point>
          <coordinates>
            121.510043,25.032126,0
          </coordinates>
        </Point>
      </Placemark>
      <Placemark>
        <name>雙-31 刺軸櫚</name>
        <styleUrl>#icon-1899-0288D1-nodesc</styleUrl>
        <Point>
          <coordinates>
            121.509933,25.031594,0
          </coordinates>
        </Point>
      </Placemark>
      <Placemark>
        <name>雙-35 島榕</name>
        <styleUrl>#icon-1899-0288D1-nodesc</styleUrl>
        <Point>
          <coordinates>
            121.510226,25.032236,0
          </coordinates>
        </Point>
      </Placemark>
      <Placemark>
        <name>雙-37 稜果榕</name>
        <styleUrl>#icon-1899-0288D1-nodesc</styleUrl>
        <Point>
          <coordinates>
            121.50996,25.03234,0
          </coordinates>
        </Point>
      </Placemark>
      <Placemark>
        <name>雙-42 圓滑番荔枝</name>
        <styleUrl>#icon-1899-0288D1-nodesc</styleUrl>
        <Point>
          <coordinates>
            121.5097917,25.0321639,0
          </coordinates>
        </Point>
      </Placemark>
      <Placemark>
        <name>雙-47 福木</name>
        <styleUrl>#icon-1899-0288D1-nodesc</styleUrl>
        <Point>
          <coordinates>
            121.510017,25.031481,0
          </coordinates>
        </Point>
      </Placemark>
      <Placemark>
        <name>雙-50 朝鮮紫珠</name>
        <styleUrl>#icon-1899-0288D1-nodesc</styleUrl>
        <Point>
          <coordinates>
            121.5102064,25.0315756,0
          </coordinates>
        </Point>
      </Placemark>
      <Placemark>
        <name>雙-51 鈍葉緬梔</name>
        <styleUrl>#icon-1899-0288D1-nodesc</styleUrl>
        <Point>
          <coordinates>
            121.509889,25.031609,0
          </coordinates>
        </Point>
      </Placemark>
      <Placemark>
        <name>雙-52 台東漆</name>
        <styleUrl>#icon-1899-0288D1-nodesc</styleUrl>
        <Point>
          <coordinates>
            121.50996,25.031753,0
          </coordinates>
        </Point>
      </Placemark>
      <Placemark>
        <name>雙-53 錫蘭橄欖</name>
        <styleUrl>#icon-1899-0288D1-nodesc</styleUrl>
        <Point>
          <coordinates>
            121.510067,25.032367,0
          </coordinates>
        </Point>
      </Placemark>
      <Placemark>
        <name>雙-54 喜樹</name>
        <styleUrl>#icon-1899-0288D1-nodesc</styleUrl>
        <Point>
          <coordinates>
            121.509708,25.032205,0
          </coordinates>
        </Point>
      </Placemark>
      <Placemark>
        <name>雙-55 子彈石櫟</name>
        <styleUrl>#icon-1899-0288D1-nodesc</styleUrl>
        <Point>
          <coordinates>
            121.509725,25.032149,0
          </coordinates>
        </Point>
      </Placemark>
      <Placemark>
        <name>雙-57 小實孔雀豆</name>
        <styleUrl>#icon-1899-0288D1-nodesc</styleUrl>
        <Point>
          <coordinates>
            121.509923,25.031566,0
          </coordinates>
        </Point>
      </Placemark>
      <Placemark>
        <name>雙-58 後大埔石櫟</name>
        <styleUrl>#icon-1899-0288D1-nodesc</styleUrl>
        <Point>
          <coordinates>
            121.509718,25.03224,0
          </coordinates>
        </Point>
      </Placemark>
      <Placemark>
        <name>雙-59 郁李</name>
        <styleUrl>#icon-1899-0288D1-nodesc</styleUrl>
        <Point>
          <coordinates>
            121.5100952,25.0315309,0
          </coordinates>
        </Point>
      </Placemark>
      <Placemark>
        <name>雙-60 狹葉十大功勞</name>
        <styleUrl>#icon-1899-0288D1-nodesc</styleUrl>
        <Point>
          <coordinates>
            121.509676,25.032227,0
          </coordinates>
        </Point>
      </Placemark>
      <Placemark>
        <name>雙-63 黃金露花</name>
        <styleUrl>#icon-1899-0288D1-nodesc</styleUrl>
        <Point>
          <coordinates>
            121.509726,25.032103,0
          </coordinates>
        </Point>
      </Placemark>
      <Placemark>
        <name>雙-65 毛木耳</name>
        <styleUrl>#icon-1899-0288D1-nodesc</styleUrl>
        <Point>
          <coordinates>
            121.509842,25.031612,0
          </coordinates>
        </Point>
      </Placemark>
      <Placemark>
        <name>雙-66 牛膝</name>
        <styleUrl>#icon-1899-0288D1-nodesc</styleUrl>
        <Point>
          <coordinates>
            121.510016,25.032319,0
          </coordinates>
        </Point>
      </Placemark>
      <Placemark>
        <name>雙-67 洋紫荊</name>
        <styleUrl>#icon-1899-0288D1-nodesc</styleUrl>
        <Point>
          <coordinates>
            121.509897,25.032077,0
          </coordinates>
        </Point>
      </Placemark>
      <Placemark>
        <name>雙-68 浸水營石櫟</name>
        <styleUrl>#icon-1899-0288D1-nodesc</styleUrl>
        <Point>
          <coordinates>
            121.509829,25.032235,0
          </coordinates>
        </Point>
      </Placemark>
      <Placemark>
        <name>天-01 火鶴花</name>
        <styleUrl>#icon-1899-0288D1-nodesc</styleUrl>
        <Point>
          <coordinates>
            121.50973,25.031463,0
          </coordinates>
        </Point>
      </Placemark>
      <Placemark>
        <name>天-03 苦橙</name>
        <styleUrl>#icon-1899-0288D1-nodesc</styleUrl>
        <Point>
          <coordinates>
            121.509686,25.03143,0
          </coordinates>
        </Point>
      </Placemark>
      <Placemark>
        <name>天-04 合果芋</name>
        <styleUrl>#icon-1899-0288D1-nodesc</styleUrl>
        <Point>
          <coordinates>
            121.509919,25.03143,0
          </coordinates>
        </Point>
      </Placemark>
      <Placemark>
        <name>天-05 申跋</name>
        <styleUrl>#icon-1899-0288D1-nodesc</styleUrl>
        <Point>
          <coordinates>
            121.509966,25.031422,0
          </coordinates>
        </Point>
      </Placemark>
      <Placemark>
        <name>天-09 假玉簪</name>
        <styleUrl>#icon-1899-0288D1-nodesc</styleUrl>
        <Point>
          <coordinates>
            121.509606,25.0314521,0
          </coordinates>
        </Point>
      </Placemark>
      <Placemark>
        <name>天-14 雉尾花燭</name>
        <styleUrl>#icon-1899-0288D1-nodesc</styleUrl>
        <Point>
          <coordinates>
            121.509943,25.031458,0
          </coordinates>
        </Point>
      </Placemark>
      <Placemark>
        <name>天-16 白馬粗肋草</name>
        <styleUrl>#icon-1899-0288D1-nodesc</styleUrl>
        <Point>
          <coordinates>
            121.509846,25.031433,0
          </coordinates>
        </Point>
      </Placemark>
      <Placemark>
        <name>天-17 蘭嶼芋</name>
        <styleUrl>#icon-1899-0288D1-nodesc</styleUrl>
        <Point>
          <coordinates>
            121.509908,25.031467,0
          </coordinates>
        </Point>
      </Placemark>
      <Placemark>
        <name>天-18 龜背芋</name>
        <styleUrl>#icon-1899-0288D1-nodesc</styleUrl>
        <Point>
          <coordinates>
            121.509882,25.031469,0
          </coordinates>
        </Point>
      </Placemark>
      <Placemark>
        <name>天-19 洋洛葵</name>
        <styleUrl>#icon-1899-0288D1-nodesc</styleUrl>
        <Point>
          <coordinates>
            121.509726,25.031429,0
          </coordinates>
        </Point>
      </Placemark>
      <Placemark>
        <name>天-20 菲律賓扁葉芋</name>
        <styleUrl>#icon-1899-0288D1-nodesc</styleUrl>
        <Point>
          <coordinates>
            121.50977,25.031461,0
          </coordinates>
        </Point>
      </Placemark>
      <Placemark>
        <name>天-21 銀王粗肋草</name>
        <styleUrl>#icon-1899-0288D1-nodesc</styleUrl>
        <Point>
          <coordinates>
            121.5098003,25.0314344,0
          </coordinates>
        </Point>
      </Placemark>
      <Placemark>
        <name>天-22 竹節草</name>
        <styleUrl>#icon-1899-0288D1-nodesc</styleUrl>
        <Point>
          <coordinates>
            121.509678,25.031456,0
          </coordinates>
        </Point>
      </Placemark>
      <Placemark>
        <name>佛-06 琉球莢迷</name>
        <styleUrl>#icon-1899-0288D1-nodesc</styleUrl>
        <Point>
          <coordinates>
            121.510538,25.032959,0
          </coordinates>
        </Point>
      </Placemark>
      <Placemark>
        <name>佛-10 蒲瓜樹</name>
        <styleUrl>#icon-1899-0288D1-nodesc</styleUrl>
        <Point>
          <coordinates>
            121.51077,25.0330269,0
          </coordinates>
        </Point>
      </Placemark>
      <Placemark>
        <name>荷-18 金銀花</name>
        <styleUrl>#icon-1899-0288D1-nodesc</styleUrl>
        <Point>
          <coordinates>
            121.511232,25.031964,0
          </coordinates>
        </Point>
      </Placemark>
      <Placemark>
        <name>荷-05 山菊</name>
        <styleUrl>#icon-1899-0288D1-nodesc</styleUrl>
        <Point>
          <coordinates>
            121.510515,25.03231,0
          </coordinates>
        </Point>
      </Placemark>
      <Placemark>
        <name>荷-06 木芙蓉</name>
        <styleUrl>#icon-1899-0288D1-nodesc</styleUrl>
        <Point>
          <coordinates>
            121.510503,25.032065,0
          </coordinates>
        </Point>
      </Placemark>
      <Placemark>
        <name>荷-19 鐵冬青</name>
        <styleUrl>#icon-1899-0288D1-nodesc</styleUrl>
        <Point>
          <coordinates>
            121.510314,25.031839,0
          </coordinates>
        </Point>
      </Placemark>
      <Placemark>
        <name>荷-07 朱槿</name>
        <styleUrl>#icon-1899-0288D1-nodesc</styleUrl>
        <Point>
          <coordinates>
            121.510241,25.031561,0
          </coordinates>
        </Point>
      </Placemark>
      <Placemark>
        <name>荷-07 #2 朱槿</name>
        <styleUrl>#icon-1899-0288D1-nodesc</styleUrl>
        <Point>
          <coordinates>
            121.511198,25.03218,0
          </coordinates>
        </Point>
      </Placemark>
      <Placemark>
        <name>荷-08 桂葉黃梅</name>
        <styleUrl>#icon-1899-0288D1-nodesc</styleUrl>
        <Point>
          <coordinates>
            121.510218,25.031541,0
          </coordinates>
        </Point>
      </Placemark>
      <Placemark>
        <name>雙-01 大葉山楝</name>
        <styleUrl>#icon-1899-0288D1-nodesc</styleUrl>
        <Point>
          <coordinates>
            121.510155,25.032133,0
          </coordinates>
        </Point>
      </Placemark>
      <Placemark>
        <name>雙-10 象耳榕</name>
        <styleUrl>#icon-1899-0288D1-nodesc</styleUrl>
        <Point>
          <coordinates>
            121.510269,25.032228,0
          </coordinates>
        </Point>
      </Placemark>
      <Placemark>
        <name>野-04 紅果金粟蘭</name>
        <styleUrl>#icon-1899-0288D1-nodesc</styleUrl>
        <Point>
          <coordinates>
            121.510526,25.032402,0
          </coordinates>
        </Point>
      </Placemark>
      <Placemark>
        <name>荷-16 絲葉狸藻</name>
        <styleUrl>#icon-1899-0288D1-nodesc</styleUrl>
        <Point>
          <coordinates>
            121.510497,25.031946,0
          </coordinates>
        </Point>
      </Placemark>
      <Placemark>
        <name>雙-12 麥李</name>
        <styleUrl>#icon-1899-0288D1-nodesc</styleUrl>
        <Point>
          <coordinates>
            121.5101205,25.0315423,0
          </coordinates>
        </Point>
      </Placemark>
      <Placemark>
        <name>雙-07 火棘</name>
        <styleUrl>#icon-1899-0288D1-nodesc</styleUrl>
        <Point>
          <coordinates>
            121.510016,25.031508,0
          </coordinates>
        </Point>
      </Placemark>
      <Placemark>
        <name>雙-07 #2 火棘</name>
        <styleUrl>#icon-1899-0288D1-nodesc</styleUrl>
        <Point>
          <coordinates>
            121.509733,25.032676,0
          </coordinates>
        </Point>
      </Placemark>
      <Placemark>
        <name>雙-06 椬梧</name>
        <styleUrl>#icon-1899-0288D1-nodesc</styleUrl>
        <Point>
          <coordinates>
            121.509978,25.0315947,0
          </coordinates>
        </Point>
      </Placemark>
      <Placemark>
        <name>名-05 聖誕紅</name>
        <styleUrl>#icon-1899-0288D1-nodesc</styleUrl>
        <Point>
          <coordinates>
            121.51009,25.032656,0
          </coordinates>
        </Point>
      </Placemark>
      <Placemark>
        <name>佛-04 桂花</name>
        <styleUrl>#icon-1899-0288D1-nodesc</styleUrl>
        <Point>
          <coordinates>
            121.510657,25.032932,0
          </coordinates>
        </Point>
      </Placemark>
      <Placemark>
        <name>佛-11 蘭嶼山馬茶</name>
        <styleUrl>#icon-1899-0288D1-nodesc</styleUrl>
        <Point>
          <coordinates>
            121.510786,25.032519,0
          </coordinates>
        </Point>
      </Placemark>
      <Placemark>
        <name>名-03 大葉山欖</name>
        <styleUrl>#icon-1899-0288D1-nodesc</styleUrl>
        <Point>
          <coordinates>
            121.51039,25.033338,0
          </coordinates>
        </Point>
      </Placemark>
      <Placemark>
        <name>荷-13 爵床</name>
        <styleUrl>#icon-1899-0288D1-nodesc</styleUrl>
        <Point>
          <coordinates>
            121.511133,25.03224,0
          </coordinates>
        </Point>
      </Placemark>
      <Placemark>
        <name>荷-10 沼生金鈕釦</name>
        <styleUrl>#icon-1899-0288D1-nodesc</styleUrl>
        <Point>
          <coordinates>
            121.51116,25.032166,0
          </coordinates>
        </Point>
      </Placemark>
      <Placemark>
        <name>荷-17 金腰箭舅</name>
        <styleUrl>#icon-1899-0288D1-nodesc</styleUrl>
        <Point>
          <coordinates>
            121.511171,25.032144,0
          </coordinates>
        </Point>
      </Placemark>
      <Placemark>
        <name>荷-04 向天盞</name>
        <styleUrl>#icon-1899-0288D1-nodesc</styleUrl>
        <Point>
          <coordinates>
            121.511174,25.032128,0
          </coordinates>
        </Point>
      </Placemark>
      <Placemark>
        <name>荷-14 粉苞素馨</name>
        <styleUrl>#icon-1899-0288D1-nodesc</styleUrl>
        <Point>
          <coordinates>
            121.5112624,25.0319935,0
          </coordinates>
        </Point>
      </Placemark>
      <Placemark>
        <name>野-05 蘭嶼溲疏</name>
        <styleUrl>#icon-1899-0288D1-nodesc</styleUrl>
        <Point>
          <coordinates>
            121.5105055,25.0322812,0
          </coordinates>
        </Point>
      </Placemark>
      <Placemark>
        <name>野-01 巴陵石竹</name>
        <styleUrl>#icon-1899-0288D1-nodesc</styleUrl>
        <Point>
          <coordinates>
            121.510465,25.032167,0
          </coordinates>
        </Point>
      </Placemark>
      <Placemark>
        <name>野-03 斑葉日本衛矛</name>
        <styleUrl>#icon-1899-0288D1-nodesc</styleUrl>
        <Point>
          <coordinates>
            121.5104834,25.0322787,0
          </coordinates>
        </Point>
      </Placemark>
      <Placemark>
        <name>佛-07 翼柄第倫桃</name>
        <styleUrl>#icon-1899-0288D1-nodesc</styleUrl>
        <Point>
          <coordinates>
            121.5106372,25.0328742,0
          </coordinates>
        </Point>
      </Placemark>
      <Placemark>
        <name>佛-02 地果榕</name>
        <styleUrl>#icon-1899-0288D1-nodesc</styleUrl>
        <Point>
          <coordinates>
            121.510784,25.032792,0
          </coordinates>
        </Point>
      </Placemark>
      <Placemark>
        <name>荷-02 台灣山菊</name>
        <styleUrl>#icon-1899-0288D1-nodesc</styleUrl>
        <Point>
          <coordinates>
            121.510542,25.032343,0
          </coordinates>
        </Point>
      </Placemark>
      <Placemark>
        <name>名-07 蘭嶼山桂花</name>
        <styleUrl>#icon-1899-0288D1-nodesc</styleUrl>
        <Point>
          <coordinates>
            121.5101193,25.033079,0
          </coordinates>
        </Point>
      </Placemark>
      <Placemark>
        <name>名-04 大葉桂</name>
        <styleUrl>#icon-1899-0288D1-nodesc</styleUrl>
        <Point>
          <coordinates>
            121.510182,25.03326,0
          </coordinates>
        </Point>
      </Placemark>
      <Placemark>
        <name>雙-08 烏來杜鵑</name>
        <styleUrl>#icon-1899-0288D1-nodesc</styleUrl>
        <Point>
          <coordinates>
            121.510223,25.031606,0
          </coordinates>
        </Point>
      </Placemark>
      <Placemark>
        <name>雙-05 梅花</name>
        <styleUrl>#icon-1899-0288D1-nodesc</styleUrl>
        <Point>
          <coordinates>
            121.50993,25.031491,0
          </coordinates>
        </Point>
      </Placemark>
      <Placemark>
        <name>雙-03 山櫻花</name>
        <styleUrl>#icon-1899-0288D1-nodesc</styleUrl>
        <Point>
          <coordinates>
            121.508341,25.032636,0
          </coordinates>
        </Point>
      </Placemark>
      <Placemark>
        <name>雙-03 #2 山櫻花</name>
        <styleUrl>#icon-1899-0288D1-nodesc</styleUrl>
        <Point>
          <coordinates>
            121.5100017,25.0317614,0
          </coordinates>
        </Point>
      </Placemark>
      <Placemark>
        <name>佛-03 小菫菜</name>
        <styleUrl>#icon-1899-0288D1-nodesc</styleUrl>
        <Point>
          <coordinates>
            121.50854,25.033172,0
          </coordinates>
        </Point>
      </Placemark>
      <Placemark>
        <name>荷-20 光臘樹</name>
        <styleUrl>#icon-1899-0288D1-nodesc</styleUrl>
        <Point>
          <coordinates>
            121.51037,25.031775,0
          </coordinates>
        </Point>
      </Placemark>
      <Placemark>
        <name>佛-05 烏心石</name>
        <styleUrl>#icon-1899-0288D1-nodesc</styleUrl>
        <Point>
          <coordinates>
            121.511225,25.032505,0
          </coordinates>
        </Point>
      </Placemark>
      <Placemark>
        <name>荷-27 蜘蛛抱蛋</name>
        <styleUrl>#icon-1899-0288D1-nodesc</styleUrl>
        <Point>
          <coordinates>
            121.5114939,25.0320174,0
          </coordinates>
        </Point>
      </Placemark>
      <Placemark>
        <name>雙-17 魯花樹</name>
        <styleUrl>#icon-1899-0288D1-nodesc</styleUrl>
        <Point>
          <coordinates>
            121.510343,25.031734,0
          </coordinates>
        </Point>
      </Placemark>
      <Placemark>
        <name>天-02 #2 亞馬遜百合</name>
        <styleUrl>#icon-1899-0288D1-nodesc</styleUrl>
        <Point>
          <coordinates>
            121.510425,25.032168,0
          </coordinates>
        </Point>
      </Placemark>
      <Placemark>
        <name>名-11 台灣油杉</name>
        <styleUrl>#icon-1899-0288D1-nodesc</styleUrl>
        <Point>
          <coordinates>
            121.5098764,25.0331188,0
          </coordinates>
        </Point>
      </Placemark>
      <Placemark>
        <name>佛-15 美人蕉</name>
        <styleUrl>#icon-1899-0288D1-nodesc</styleUrl>
        <Point>
          <coordinates>
            121.509086,25.033081,0
          </coordinates>
        </Point>
      </Placemark>
      <Placemark>
        <name>佛-15 #2 美人蕉</name>
        <styleUrl>#icon-1899-0288D1-nodesc</styleUrl>
        <Point>
          <coordinates>
            121.5106973,25.0328451,0
          </coordinates>
        </Point>
      </Placemark>
      <Placemark>
        <name>荷-24 #2 枯里珍</name>
        <styleUrl>#icon-1899-0288D1-nodesc</styleUrl>
        <Point>
          <coordinates>
            121.5112188,25.032424,0
          </coordinates>
        </Point>
      </Placemark>
      <Placemark>
        <name>佛-08 華八仙</name>
        <styleUrl>#icon-1899-0288D1-nodesc</styleUrl>
        <Point>
          <coordinates>
            121.510659,25.032615,0
          </coordinates>
        </Point>
      </Placemark>
      <Placemark>
        <name>佛-09 蒲桃</name>
        <styleUrl>#icon-1899-0288D1-nodesc</styleUrl>
        <Point>
          <coordinates>
            121.51051,25.032655,0
          </coordinates>
        </Point>
      </Placemark>
      <Placemark>
        <name>佛-09 #2 蒲桃</name>
        <styleUrl>#icon-1899-0288D1-nodesc</styleUrl>
        <Point>
          <coordinates>
            121.510795,25.032728,0
          </coordinates>
        </Point>
      </Placemark>
      <Placemark>
        <name>佛-13 呂宋莢迷</name>
        <styleUrl>#icon-1899-0288D1-nodesc</styleUrl>
        <Point>
          <coordinates>
            121.510572,25.032722,0
          </coordinates>
        </Point>
      </Placemark>
      <Placemark>
        <name>荷-23 #2 杜鵑花</name>
        <styleUrl>#icon-1899-0288D1-nodesc</styleUrl>
        <Point>
          <coordinates>
            121.509844,25.031497,0
          </coordinates>
        </Point>
      </Placemark>
      <Placemark>
        <name>雙-09 石斑木</name>
        <styleUrl>#icon-1899-0288D1-nodesc</styleUrl>
        <Point>
          <coordinates>
            121.50994,25.03161,0
          </coordinates>
        </Point>
      </Placemark>
      <Placemark>
        <name>雙-09 #2 石斑木</name>
        <styleUrl>#icon-1899-0288D1-nodesc</styleUrl>
        <Point>
          <coordinates>
            121.510529,25.032394,0
          </coordinates>
        </Point>
      </Placemark>
      <Placemark>
        <name>雙-13 印度鳳果</name>
        <styleUrl>#icon-1899-0288D1-nodesc</styleUrl>
        <Point>
          <coordinates>
            121.509818,25.031972,0
          </coordinates>
        </Point>
      </Placemark>
      <Placemark>
        <name>野-06 基隆筷子芥</name>
        <styleUrl>#icon-1899-0288D1-nodesc</styleUrl>
        <Point>
          <coordinates>
            121.510469,25.03218,0
          </coordinates>
        </Point>
      </Placemark>
      <Placemark>
        <name>野-07 胡椒木</name>
        <styleUrl>#icon-1899-0288D1-nodesc</styleUrl>
        <Point>
          <coordinates>
            121.510512,25.032377,0
          </coordinates>
        </Point>
      </Placemark>
      <Placemark>
        <name>野-15 番杏</name>
        <styleUrl>#icon-1899-0288D1-nodesc</styleUrl>
        <Point>
          <coordinates>
            121.510473,25.032174,0
          </coordinates>
        </Point>
      </Placemark>
      <Placemark>
        <name>荷-49 藍花藤</name>
        <styleUrl>#icon-1899-0288D1-nodesc</styleUrl>
        <Point>
          <coordinates>
            121.511223,25.031792,0
          </coordinates>
        </Point>
      </Placemark>
      <Placemark>
        <name>野-14 毛茛</name>
        <styleUrl>#icon-1899-0288D1-nodesc</styleUrl>
        <Point>
          <coordinates>
            121.510458,25.032118,0
          </coordinates>
        </Point>
      </Placemark>
      <Placemark>
        <name>荷-29 雲南黃馨</name>
        <styleUrl>#icon-1899-0288D1-nodesc</styleUrl>
        <Point>
          <coordinates>
            121.511239,25.031821,0
          </coordinates>
        </Point>
      </Placemark>
      <Placemark>
        <name>荷-42 矮水竹葉</name>
        <styleUrl>#icon-1899-0288D1-nodesc</styleUrl>
        <Point>
          <coordinates>
            121.5112657,25.0316876,0
          </coordinates>
        </Point>
      </Placemark>
      <Placemark>
        <name>佛-19 栓皮櫟</name>
        <styleUrl>#icon-1899-0288D1-nodesc</styleUrl>
        <Point>
          <coordinates>
            121.5098993,25.0324179,0
          </coordinates>
        </Point>
      </Placemark>
      <Placemark>
        <name>荷-54 龍舌蘭</name>
        <styleUrl>#icon-1899-0288D1-nodesc</styleUrl>
        <Point>
          <coordinates>
            121.510448,25.031762,0
          </coordinates>
        </Point>
      </Placemark>
      <Placemark>
        <name>荷-30 青龍鳶尾</name>
        <styleUrl>#icon-1899-0288D1-nodesc</styleUrl>
        <Point>
          <coordinates>
            121.511212,25.032208,0
          </coordinates>
        </Point>
      </Placemark>
      <Placemark>
        <name>佛-22 附地菜</name>
        <styleUrl>#icon-1899-0288D1-nodesc</styleUrl>
        <Point>
          <coordinates>
            121.510602,25.032894,0
          </coordinates>
        </Point>
      </Placemark>
      <Placemark>
        <name>雙-20 密梭倫榕</name>
        <styleUrl>#icon-1899-0288D1-nodesc</styleUrl>
        <Point>
          <coordinates>
            121.510115,25.032248,0
          </coordinates>
        </Point>
      </Placemark>
      <Placemark>
        <name>荷-46 船子草</name>
        <styleUrl>#icon-1899-0288D1-nodesc</styleUrl>
        <Point>
          <coordinates>
            121.510542,25.032371,0
          </coordinates>
        </Point>
      </Placemark>
      <Placemark>
        <name>佛-17 地湧金蓮</name>
        <styleUrl>#icon-1899-0288D1-nodesc</styleUrl>
        <Point>
          <coordinates>
            121.510687,25.032763,0
          </coordinates>
        </Point>
      </Placemark>
      <Placemark>
        <name>佛-14 寶冠木</name>
        <styleUrl>#icon-1899-0288D1-nodesc</styleUrl>
        <Point>
          <coordinates>
            121.510612,25.032708,0
          </coordinates>
        </Point>
      </Placemark>
      <Placemark>
        <name>雙-24 澳洲胡桃</name>
        <styleUrl>#icon-1899-0288D1-nodesc</styleUrl>
        <Point>
          <coordinates>
            121.510015,25.032028,0
          </coordinates>
        </Point>
      </Placemark>
      <Placemark>
        <name>佛-23 香水檸檬</name>
        <styleUrl>#icon-1899-0288D1-nodesc</styleUrl>
        <Point>
          <coordinates>
            121.510972,25.032517,0
          </coordinates>
        </Point>
      </Placemark>
      <Placemark>
        <name>佛-21 苦楝</name>
        <styleUrl>#icon-1899-0288D1-nodesc</styleUrl>
        <Point>
          <coordinates>
            121.510706,25.032688,0
          </coordinates>
        </Point>
      </Placemark>
      <Placemark>
        <name>雙-23 波羅密</name>
        <styleUrl>#icon-1899-0288D1-nodesc</styleUrl>
        <Point>
          <coordinates>
            121.5098145,25.0320324,0
          </coordinates>
        </Point>
      </Placemark>
      <Placemark>
        <name>名-19 番木瓜</name>
        <styleUrl>#icon-1899-0288D1-nodesc</styleUrl>
        <Point>
          <coordinates>
            121.509911,25.033063,0
          </coordinates>
        </Point>
      </Placemark>
      <Placemark>
        <name>天-06 雉尾花燭</name>
        <styleUrl>#icon-1899-0288D1-nodesc</styleUrl>
        <Point>
          <coordinates>
            121.509926,25.031434,0
          </coordinates>
        </Point>
      </Placemark>
      <Placemark>
        <name>荷-39 田代氏石斑木</name>
        <styleUrl>#icon-1899-0288D1-nodesc</styleUrl>
        <Point>
          <coordinates>
            121.510523,25.032334,0
          </coordinates>
        </Point>
      </Placemark>
      <Placemark>
        <name>佛-20 芳香萬壽菊</name>
        <styleUrl>#icon-1899-0288D1-nodesc</styleUrl>
        <Point>
          <coordinates>
            121.51062,25.032754,0
          </coordinates>
        </Point>
      </Placemark>
      <Placemark>
        <name>野-17 細葉蘭花參</name>
        <styleUrl>#icon-1899-0288D1-nodesc</styleUrl>
        <Point>
          <coordinates>
            121.510468,25.032161,0
          </coordinates>
        </Point>
      </Placemark>
      <Placemark>
        <name>荷-33 塊莖小野芝麻</name>
        <styleUrl>#icon-1899-0288D1-nodesc</styleUrl>
        <Point>
          <coordinates>
            121.510444,25.032138,0
          </coordinates>
        </Point>
      </Placemark>
      <Placemark>
        <name>佛-16 #2 台灣附地草</name>
        <styleUrl>#icon-1899-0288D1-nodesc</styleUrl>
        <Point>
          <coordinates>
            121.510571,25.032779,0
          </coordinates>
        </Point>
      </Placemark>
      <Placemark>
        <name>野-13 早田氏爵床</name>
        <styleUrl>#icon-1899-0288D1-nodesc</styleUrl>
        <Point>
          <coordinates>
            121.510491,25.032201,0
          </coordinates>
        </Point>
      </Placemark>
      <Placemark>
        <name>荷-55 龍船花</name>
        <styleUrl>#icon-1899-0288D1-nodesc</styleUrl>
        <Point>
          <coordinates>
            121.510408,25.031643,0
          </coordinates>
        </Point>
      </Placemark>
      <Placemark>
        <name>荷-34 射干</name>
        <styleUrl>#icon-1899-0288D1-nodesc</styleUrl>
        <Point>
          <coordinates>
            121.510225,25.032765,0
          </coordinates>
        </Point>
      </Placemark>
      <Placemark>
        <name>雙-25 無憂樹</name>
        <styleUrl>#icon-1899-0288D1-nodesc</styleUrl>
        <Point>
          <coordinates>
            121.510086,25.032324,0
          </coordinates>
        </Point>
      </Placemark>
      <Placemark>
        <name>荷-40 白樹仔</name>
        <styleUrl>#icon-1899-0288D1-nodesc</styleUrl>
        <Point>
          <coordinates>
            121.509604,25.032604,0
          </coordinates>
        </Point>
      </Placemark>
      <Placemark>
        <name>荷-40 #2 白樹仔</name>
        <styleUrl>#icon-1899-0288D1-nodesc</styleUrl>
        <Point>
          <coordinates>
            121.5110324,25.0325787,0
          </coordinates>
        </Point>
      </Placemark>
      <Placemark>
        <name>荷-40 #4 白樹仔</name>
        <styleUrl>#icon-1899-0288D1-nodesc</styleUrl>
        <Point>
          <coordinates>
            121.5097793,25.0321227,0
          </coordinates>
        </Point>
      </Placemark>
      <Placemark>
        <name>野-16 矮筋骨草</name>
        <styleUrl>#icon-1899-0288D1-nodesc</styleUrl>
        <Point>
          <coordinates>
            121.510482,25.032162,0
          </coordinates>
        </Point>
      </Placemark>
      <Placemark>
        <name>野-11 小毛茛</name>
        <styleUrl>#icon-1899-0288D1-nodesc</styleUrl>
        <Point>
          <coordinates>
            121.51048,25.03215,0
          </coordinates>
        </Point>
      </Placemark>
      <Placemark>
        <name>荷-47 荷花</name>
        <styleUrl>#icon-1899-0288D1-nodesc</styleUrl>
        <Point>
          <coordinates>
            121.510843,25.031986,0
          </coordinates>
        </Point>
      </Placemark>
      <Placemark>
        <name>雙-18 中國無憂樹</name>
        <styleUrl>#icon-1899-0288D1-nodesc</styleUrl>
        <Point>
          <coordinates>
            121.510157,25.032278,0
          </coordinates>
        </Point>
      </Placemark>
      <Placemark>
        <name>野-08 一枝黃花</name>
        <styleUrl>#icon-1899-0288D1-nodesc</styleUrl>
        <Point>
          <coordinates>
            121.510479,25.032176,0
          </coordinates>
        </Point>
      </Placemark>
      <Placemark>
        <name>名-10 側柏</name>
        <styleUrl>#icon-1899-0288D1-nodesc</styleUrl>
        <Point>
          <coordinates>
            121.510489,25.032294,0
          </coordinates>
        </Point>
      </Placemark>
      <Placemark>
        <name>荷-38 水豬母乳</name>
        <styleUrl>#icon-1899-0288D1-nodesc</styleUrl>
        <Point>
          <coordinates>
            121.5113,25.031673,0
          </coordinates>
        </Point>
      </Placemark>
      <Placemark>
        <name>野-10 密花黃菫</name>
        <styleUrl>#icon-1899-0288D1-nodesc</styleUrl>
        <Point>
          <coordinates>
            121.510464,25.032162,0
          </coordinates>
        </Point>
      </Placemark>
      <Placemark>
        <name>雙-19 大風子</name>
        <styleUrl>#icon-1899-0288D1-nodesc</styleUrl>
        <Point>
          <coordinates>
            121.50969,25.031504,0
          </coordinates>
        </Point>
      </Placemark>
      <Placemark>
        <name>荷-36 水竹芋</name>
        <styleUrl>#icon-1899-0288D1-nodesc</styleUrl>
        <Point>
          <coordinates>
            121.511284,25.0319258,0
          </coordinates>
        </Point>
      </Placemark>
      <Placemark>
        <name>佛-18 彎子木</name>
        <styleUrl>#icon-1899-0288D1-nodesc</styleUrl>
        <Point>
          <coordinates>
            121.510744,25.033146,0
          </coordinates>
        </Point>
      </Placemark>
      <Placemark>
        <name>佛-26 囊葉榕</name>
        <styleUrl>#icon-1899-0288D1-nodesc</styleUrl>
        <Point>
          <coordinates>
            121.510611,25.032772,0
          </coordinates>
        </Point>
      </Placemark>
      <Placemark>
        <name>野-23 刺葉黃褥花</name>
        <styleUrl>#icon-1899-0288D1-nodesc</styleUrl>
        <Point>
          <coordinates>
            121.5105037,25.0322565,0
          </coordinates>
        </Point>
      </Placemark>
      <Placemark>
        <name>荷-03 台灣金絲桃</name>
        <styleUrl>#icon-1899-0288D1-nodesc</styleUrl>
        <Point>
          <coordinates>
            121.510457,25.031616,0
          </coordinates>
        </Point>
      </Placemark>
      <Placemark>
        <name>荷-03 #3 台灣金絲桃</name>
        <styleUrl>#icon-1899-0288D1-nodesc</styleUrl>
        <Point>
          <coordinates>
            121.511295,25.03175,0
          </coordinates>
        </Point>
      </Placemark>
      <Placemark>
        <name>名-24 台灣絡石</name>
        <styleUrl>#icon-1899-0288D1-nodesc</styleUrl>
        <Point>
          <coordinates>
            121.5100573,25.0328233,0
          </coordinates>
        </Point>
      </Placemark>
      <Placemark>
        <name>雙-04 山黃梔</name>
        <styleUrl>#icon-1899-0288D1-nodesc</styleUrl>
        <Point>
          <coordinates>
            121.510664,25.032572,0
          </coordinates>
        </Point>
      </Placemark>
      <Placemark>
        <name>荷-50 蘭嶼秋海棠</name>
        <styleUrl>#icon-1899-0288D1-nodesc</styleUrl>
        <Point>
          <coordinates>
            121.510532,25.032362,0
          </coordinates>
        </Point>
      </Placemark>
      <Placemark>
        <name>佛-27 筆柿</name>
        <styleUrl>#icon-1899-0288D1-nodesc</styleUrl>
        <Point>
          <coordinates>
            121.510986,25.032688,0
          </coordinates>
        </Point>
      </Placemark>
      <Placemark>
        <name>天-08 蝙蝠花</name>
        <styleUrl>#icon-1899-0288D1-nodesc</styleUrl>
        <Point>
          <coordinates>
            121.5099627,25.0314534,0
          </coordinates>
        </Point>
      </Placemark>
      <Placemark>
        <name>名-31 蘭嶼福木</name>
        <styleUrl>#icon-1899-0288D1-nodesc</styleUrl>
        <Point>
          <coordinates>
            121.510165,25.033017,0
          </coordinates>
        </Point>
      </Placemark>
      <Placemark>
        <name>雙-29 黑星櫻</name>
        <styleUrl>#icon-1899-0288D1-nodesc</styleUrl>
        <Point>
          <coordinates>
            121.509863,25.031745,0
          </coordinates>
        </Point>
      </Placemark>
      <Placemark>
        <name>荷-41 睡蓮</name>
        <styleUrl>#icon-1899-0288D1-nodesc</styleUrl>
        <Point>
          <coordinates>
            121.510545,25.032189,0
          </coordinates>
        </Point>
      </Placemark>
      <Placemark>
        <name>雙-33 厚葉石斑木</name>
        <styleUrl>#icon-1899-0288D1-nodesc</styleUrl>
        <Point>
          <coordinates>
            121.509992,25.031505,0
          </coordinates>
        </Point>
      </Placemark>
      <Placemark>
        <name>雙-22 樟樹</name>
        <styleUrl>#icon-1899-0288D1-nodesc</styleUrl>
        <Point>
          <coordinates>
            121.508894,25.032902,0
          </coordinates>
        </Point>
      </Placemark>
      <Placemark>
        <name>荷-43 紅果金粟蘭</name>
        <styleUrl>#icon-1899-0288D1-nodesc</styleUrl>
        <Point>
          <coordinates>
            121.51091,25.032483,0
          </coordinates>
        </Point>
      </Placemark>
      <Placemark>
        <name>荷-43 #2 紅果金粟蘭</name>
        <styleUrl>#icon-1899-0288D1-nodesc</styleUrl>
        <Point>
          <coordinates>
            121.510532,25.03234,0
          </coordinates>
        </Point>
      </Placemark>
      <Placemark>
        <name>野-24 小花倒提壺</name>
        <styleUrl>#icon-1899-0288D1-nodesc</styleUrl>
        <Point>
          <coordinates>
            121.510453,25.032138,0
          </coordinates>
        </Point>
      </Placemark>
      <Placemark>
        <name>荷-70 蘭嶼紫金牛</name>
        <styleUrl>#icon-1899-0288D1-nodesc</styleUrl>
        <Point>
          <coordinates>
            121.510349,25.031618,0
          </coordinates>
        </Point>
      </Placemark>
      <Placemark>
        <name>荷-69 茉莉花</name>
        <styleUrl>#icon-1899-0288D1-nodesc</styleUrl>
        <Point>
          <coordinates>
            121.511114,25.03237,0
          </coordinates>
        </Point>
      </Placemark>
      <Placemark>
        <name>名-30 蔓綠絨</name>
        <styleUrl>#icon-1899-0288D1-nodesc</styleUrl>
        <Point>
          <coordinates>
            121.509774,25.031445,0
          </coordinates>
        </Point>
      </Placemark>
      <Placemark>
        <name>名-22 克菲亞草</name>
        <styleUrl>#icon-1899-0288D1-nodesc</styleUrl>
        <Point>
          <coordinates>
            121.510598,25.032788,0
          </coordinates>
        </Point>
      </Placemark>
      <Placemark>
        <name>荷-62 梭魚草</name>
        <styleUrl>#icon-1899-0288D1-nodesc</styleUrl>
        <Point>
          <coordinates>
            121.5112895,25.0319604,0
          </coordinates>
        </Point>
      </Placemark>
      <Placemark>
        <name>名-32 蘭嶼胡桐</name>
        <styleUrl>#icon-1899-0288D1-nodesc</styleUrl>
        <Point>
          <coordinates>
            121.510151,25.032965,0
          </coordinates>
        </Point>
      </Placemark>
      <Placemark>
        <name>雙-32 印度榆</name>
        <styleUrl>#icon-1899-0288D1-nodesc</styleUrl>
        <Point>
          <coordinates>
            121.510296,25.032001,0
          </coordinates>
        </Point>
      </Placemark>
      <Placemark>
        <name>野-21 冇骨消</name>
        <styleUrl>#icon-1899-0288D1-nodesc</styleUrl>
        <Point>
          <coordinates>
            121.509111,25.033131,0
          </coordinates>
        </Point>
      </Placemark>
      <Placemark>
        <name>野-21 #2 冇骨消</name>
        <styleUrl>#icon-1899-0288D1-nodesc</styleUrl>
        <Point>
          <coordinates>
            121.510373,25.032032,0
          </coordinates>
        </Point>
      </Placemark>
      <Placemark>
        <name>野-26 毛胡枝子</name>
        <styleUrl>#icon-1899-0288D1-nodesc</styleUrl>
        <Point>
          <coordinates>
            121.510462,25.032168,0
          </coordinates>
        </Point>
      </Placemark>
      <Placemark>
        <name>荷-64 樹蘭</name>
        <styleUrl>#icon-1899-0288D1-nodesc</styleUrl>
        <Point>
          <coordinates>
            121.51055,25.03225,0
          </coordinates>
        </Point>
      </Placemark>
      <Placemark>
        <name>雙-38 金平氏冬青</name>
        <styleUrl>#icon-1899-0288D1-nodesc</styleUrl>
        <Point>
          <coordinates>
            121.510209,25.032095,0
          </coordinates>
        </Point>
      </Placemark>
      <Placemark>
        <name>名-43 金葉木</name>
        <styleUrl>#icon-1899-0288D1-nodesc</styleUrl>
        <Point>
          <coordinates>
            121.510013,25.033099,0
          </coordinates>
        </Point>
      </Placemark>
      <Placemark>
        <name>野-28 粗莖麝香百合</name>
        <styleUrl>#icon-1899-0288D1-nodesc</styleUrl>
        <Point>
          <coordinates>
            121.510456,25.032182,0
          </coordinates>
        </Point>
      </Placemark>
      <Placemark>
        <name>雙-36 柿葉茶茱萸</name>
        <styleUrl>#icon-1899-0288D1-nodesc</styleUrl>
        <Point>
          <coordinates>
            121.5101134,25.0318625,0
          </coordinates>
        </Point>
      </Placemark>
      <Placemark>
        <name>名-23 加羅林魚木</name>
        <styleUrl>#icon-1899-0288D1-nodesc</styleUrl>
        <Point>
          <coordinates>
            121.510158,25.03287,0
          </coordinates>
        </Point>
      </Placemark>
      <Placemark>
        <name>野-30 南台灣黃芩</name>
        <styleUrl>#icon-1899-0288D1-nodesc</styleUrl>
        <Point>
          <coordinates>
            121.510445,25.032117,0
          </coordinates>
        </Point>
      </Placemark>
      <Placemark>
        <name>佛-28 紫茉莉</name>
        <styleUrl>#icon-1899-0288D1-nodesc</styleUrl>
        <Point>
          <coordinates>
            121.5106814,25.0327067,0
          </coordinates>
        </Point>
      </Placemark>
      <Placemark>
        <name>荷-93 馬達加斯加巨水芋</name>
        <styleUrl>#icon-1899-0288D1-nodesc</styleUrl>
        <Point>
          <coordinates>
            121.511369,25.031788,0
          </coordinates>
        </Point>
      </Placemark>
      <Placemark>
        <name>名-28 絨葉小鳳梨</name>
        <styleUrl>#icon-1899-0288D1-nodesc</styleUrl>
        <Point>
          <coordinates>
            121.5098399,25.0325846,0
          </coordinates>
        </Point>
      </Placemark>
      <Placemark>
        <name>雙-34 台灣石楠</name>
        <styleUrl>#icon-1899-0288D1-nodesc</styleUrl>
        <Point>
          <coordinates>
            121.50988,25.03186,0
          </coordinates>
        </Point>
      </Placemark>
      <Placemark>
        <name>野-29 元寶草</name>
        <styleUrl>#icon-1899-0288D1-nodesc</styleUrl>
        <Point>
          <coordinates>
            121.510424,25.032184,0
          </coordinates>
        </Point>
      </Placemark>
      <Placemark>
        <name>荷-91 錐頭麻</name>
        <styleUrl>#icon-1899-0288D1-nodesc</styleUrl>
        <Point>
          <coordinates>
            121.510274,25.031583,0
          </coordinates>
        </Point>
      </Placemark>
      <Placemark>
        <name>佛-29 酸藤</name>
        <styleUrl>#icon-1899-0288D1-nodesc</styleUrl>
        <Point>
          <coordinates>
            121.5104953,25.0326268,0
          </coordinates>
        </Point>
      </Placemark>
      <Placemark>
        <name>佛-24 黃花曼陀羅</name>
        <styleUrl>#icon-1899-0288D1-nodesc</styleUrl>
        <Point>
          <coordinates>
            121.510553,25.032491,0
          </coordinates>
        </Point>
      </Placemark>
      <Placemark>
        <name>荷-65 武竹</name>
        <styleUrl>#icon-1899-0288D1-nodesc</styleUrl>
        <Point>
          <coordinates>
            121.51127,25.031769,0
          </coordinates>
        </Point>
      </Placemark>
      <Placemark>
        <name>荷-92 雙花金絲桃</name>
        <styleUrl>#icon-1899-0288D1-nodesc</styleUrl>
        <Point>
          <coordinates>
            121.510381,25.031694,0
          </coordinates>
        </Point>
      </Placemark>
      <Placemark>
        <name>荷-77 台灣糯米條</name>
        <styleUrl>#icon-1899-0288D1-nodesc</styleUrl>
        <Point>
          <coordinates>
            121.5097649,25.0328806,0
          </coordinates>
        </Point>
      </Placemark>
      <Placemark>
        <name>雙-39 鷹爪花</name>
        <styleUrl>#icon-1899-0288D1-nodesc</styleUrl>
        <Point>
          <coordinates>
            121.509829,25.032187,0
          </coordinates>
        </Point>
      </Placemark>
      <Placemark>
        <name>荷-74 光冠水菊</name>
        <styleUrl>#icon-1899-0288D1-nodesc</styleUrl>
        <Point>
          <coordinates>
            121.511238,25.032157,0
          </coordinates>
        </Point>
      </Placemark>
      <Placemark>
        <name>名-45 鵝掌藤</name>
        <styleUrl>#icon-1899-0288D1-nodesc</styleUrl>
        <Point>
          <coordinates>
            121.510036,25.033141,0
          </coordinates>
        </Point>
      </Placemark>
      <Placemark>
        <name>荷-61 接骨木</name>
        <styleUrl>#icon-1899-0288D1-nodesc</styleUrl>
        <Point>
          <coordinates>
            121.510313,25.031589,0
          </coordinates>
        </Point>
      </Placemark>
      <Placemark>
        <name>名-08 黑星紫金牛</name>
        <styleUrl>#icon-1899-0288D1-nodesc</styleUrl>
        <Point>
          <coordinates>
            121.509374,25.032838,0
          </coordinates>
        </Point>
      </Placemark>
      <Placemark>
        <name>荷-80 布袋蓮</name>
        <styleUrl>#icon-1899-0288D1-nodesc</styleUrl>
        <Point>
          <coordinates>
            121.509369,25.032899,0
          </coordinates>
        </Point>
      </Placemark>
      <Placemark>
        <name>荷-87 葉氏坡油甘</name>
        <styleUrl>#icon-1899-0288D1-nodesc</styleUrl>
        <Point>
          <coordinates>
            121.511303,25.031699,0
          </coordinates>
        </Point>
      </Placemark>
      <Placemark>
        <name>佛-25 南天竹</name>
        <styleUrl>#icon-1899-0288D1-nodesc</styleUrl>
        <Point>
          <coordinates>
            121.511023,25.032521,0
          </coordinates>
        </Point>
      </Placemark>
      <Placemark>
        <name>荷-75 凌霄花</name>
        <styleUrl>#icon-1899-0288D1-nodesc</styleUrl>
        <Point>
          <coordinates>
            121.511238,25.032059,0
          </coordinates>
        </Point>
      </Placemark>
      <Placemark>
        <name>天-10 羽裂蔓綠絨</name>
        <styleUrl>#icon-1899-0288D1-nodesc</styleUrl>
        <Point>
          <coordinates>
            121.5098171,25.0314564,0
          </coordinates>
        </Point>
      </Placemark>
      <Placemark>
        <name>雙-46 澳洲大葉榕</name>
        <styleUrl>#icon-1899-0288D1-nodesc</styleUrl>
        <Point>
          <coordinates>
            121.510141,25.032186,0
          </coordinates>
        </Point>
      </Placemark>
      <Placemark>
        <name>荷-78 地筍</name>
        <styleUrl>#icon-1899-0288D1-nodesc</styleUrl>
        <Point>
          <coordinates>
            121.508753,25.033139,0
          </coordinates>
        </Point>
      </Placemark>
      <Placemark>
        <name>荷-78 #2 地筍</name>
        <styleUrl>#icon-1899-0288D1-nodesc</styleUrl>
        <Point>
          <coordinates>
            121.511339,25.031682,0
          </coordinates>
        </Point>
      </Placemark>
      <Placemark>
        <name>荷-88 蘭嶼肉豆蔻</name>
        <styleUrl>#icon-1899-0288D1-nodesc</styleUrl>
        <Point>
          <coordinates>
            121.51029,25.031898,0
          </coordinates>
        </Point>
      </Placemark>
      <Placemark>
        <name>荷-88 #2 蘭嶼肉豆蔻</name>
        <styleUrl>#icon-1899-0288D1-nodesc</styleUrl>
        <Point>
          <coordinates>
            121.5101214,25.0315844,0
          </coordinates>
        </Point>
      </Placemark>
      <Placemark>
        <name>野-35 錦葉遍地金</name>
        <styleUrl>#icon-1899-0288D1-nodesc</styleUrl>
        <Point>
          <coordinates>
            121.510462,25.032088,0
          </coordinates>
        </Point>
      </Placemark>
      <Placemark>
        <name>雙-43 大葉桃花心木</name>
        <styleUrl>#icon-1899-0288D1-nodesc</styleUrl>
        <Point>
          <coordinates>
            121.509951,25.031964,0
          </coordinates>
        </Point>
      </Placemark>
      <Placemark>
        <name>荷-83 木槿</name>
        <styleUrl>#icon-1899-0288D1-nodesc</styleUrl>
        <Point>
          <coordinates>
            121.51042,25.031744,0
          </coordinates>
        </Point>
      </Placemark>
      <Placemark>
        <name>荷-63 楓楊</name>
        <styleUrl>#icon-1899-0288D1-nodesc</styleUrl>
        <Point>
          <coordinates>
            121.5105216,25.0321775,0
          </coordinates>
        </Point>
      </Placemark>
      <Placemark>
        <name>雙-41 台東龍眼</name>
        <styleUrl>#icon-1899-0288D1-nodesc</styleUrl>
        <Point>
          <coordinates>
            121.51008,25.032152,0
          </coordinates>
        </Point>
      </Placemark>
      <Placemark>
        <name>野-33 日本前胡</name>
        <styleUrl>#icon-1899-0288D1-nodesc</styleUrl>
        <Point>
          <coordinates>
            121.51047,25.032112,0
          </coordinates>
        </Point>
      </Placemark>
      <Placemark>
        <name>荷-85 端紅鳳梨</name>
        <styleUrl>#icon-1899-0288D1-nodesc</styleUrl>
        <Point>
          <coordinates>
            121.511089,25.032404,0
          </coordinates>
        </Point>
      </Placemark>
      <Placemark>
        <name>名-44 金鳥赫蕉</name>
        <styleUrl>#icon-1899-0288D1-nodesc</styleUrl>
        <Point>
          <coordinates>
            121.5100764,25.0332798,0
          </coordinates>
        </Point>
      </Placemark>
      <Placemark>
        <name>荷-81 拔蕉</name>
        <styleUrl>#icon-1899-0288D1-nodesc</styleUrl>
        <Point>
          <coordinates>
            121.511248,25.032118,0
          </coordinates>
        </Point>
      </Placemark>
      <Placemark>
        <name>荷-73 使君子</name>
        <styleUrl>#icon-1899-0288D1-nodesc</styleUrl>
        <Point>
          <coordinates>
            121.511211,25.03188,0
          </coordinates>
        </Point>
      </Placemark>
      <Placemark>
        <name>荷-82 斑點薹</name>
        <styleUrl>#icon-1899-0288D1-nodesc</styleUrl>
        <Point>
          <coordinates>
            121.511273,25.031723,0
          </coordinates>
        </Point>
      </Placemark>
      <Placemark>
        <name>天-12 魚木</name>
        <styleUrl>#icon-1899-0288D1-nodesc</styleUrl>
        <Point>
          <coordinates>
            121.51038,25.031533,0
          </coordinates>
        </Point>
      </Placemark>
      <Placemark>
        <name>荷-76 南洋杉</name>
        <styleUrl>#icon-1899-0288D1-nodesc</styleUrl>
        <Point>
          <coordinates>
            121.510426,25.031536,0
          </coordinates>
        </Point>
      </Placemark>
      <Placemark>
        <name>荷-25 紅膠木</name>
        <styleUrl>#icon-1899-0288D1-nodesc</styleUrl>
        <Point>
          <coordinates>
            121.5116,25.031917,0
          </coordinates>
        </Point>
      </Placemark>
      <Placemark>
        <name>荷-86 肯氏蒲桃</name>
        <styleUrl>#icon-1899-0288D1-nodesc</styleUrl>
        <Point>
          <coordinates>
            121.5114857,25.0323566,0
          </coordinates>
        </Point>
      </Placemark>
      <Placemark>
        <name>佛-30 夜合花</name>
        <styleUrl>#icon-1899-0288D1-nodesc</styleUrl>
        <Point>
          <coordinates>
            121.5104903,25.0329545,0
          </coordinates>
        </Point>
      </Placemark>
      <Placemark>
        <name>名-37 大紅秋海棠</name>
        <styleUrl>#icon-1899-0288D1-nodesc</styleUrl>
        <Point>
          <coordinates>
            121.510429,25.032991,0
          </coordinates>
        </Point>
      </Placemark>
      <Placemark>
        <name>雙-45 春不老</name>
        <styleUrl>#icon-1899-0288D1-nodesc</styleUrl>
        <Point>
          <coordinates>
            121.509951,25.031515,0
          </coordinates>
        </Point>
      </Placemark>
      <Placemark>
        <name>雙-02 山刺番荔枝</name>
        <styleUrl>#icon-1899-0288D1-nodesc</styleUrl>
        <Point>
          <coordinates>
            121.509842,25.031628,0
          </coordinates>
        </Point>
      </Placemark>
      <Placemark>
        <name>雙-49 扇椰子</name>
        <styleUrl>#icon-1899-0288D1-nodesc</styleUrl>
        <Point>
          <coordinates>
            121.509906,25.031656,0
          </coordinates>
        </Point>
      </Placemark>
      <Placemark>
        <name>荷-99 水翁</name>
        <styleUrl>#icon-1899-0288D1-nodesc</styleUrl>
        <Point>
          <coordinates>
            121.510332,25.031591,0
          </coordinates>
        </Point>
      </Placemark>
      <Placemark>
        <name>荷-98 斑葉沿階草</name>
        <styleUrl>#icon-1899-0288D1-nodesc</styleUrl>
        <Point>
          <coordinates>
            121.510522,25.032335,0
          </coordinates>
        </Point>
      </Placemark>
      <Placemark>
        <name>天-11 阿勃勒</name>
        <styleUrl>#icon-1899-0288D1-nodesc</styleUrl>
        <Point>
          <coordinates>
            121.5099265,25.0314151,0
          </coordinates>
        </Point>
      </Placemark>
      <Placemark>
        <name>名-38 彩葉鳳梨</name>
        <styleUrl>#icon-1899-0288D1-nodesc</styleUrl>
        <Point>
          <coordinates>
            121.5098268,25.0326508,0
          </coordinates>
        </Point>
      </Placemark>
      <Placemark>
        <name>名-36 含羞草</name>
        <styleUrl>#icon-1899-0288D1-nodesc</styleUrl>
        <Point>
          <coordinates>
            121.510474,25.033005,0
          </coordinates>
        </Point>
      </Placemark>
      <Placemark>
        <name>荷-97 寶塔龍船花</name>
        <styleUrl>#icon-1899-0288D1-nodesc</styleUrl>
        <Point>
          <coordinates>
            121.510387,25.031637,0
          </coordinates>
        </Point>
      </Placemark>
      <Placemark>
        <name>野-38 風輪菜</name>
        <styleUrl>#icon-1899-0288D1-nodesc</styleUrl>
        <Point>
          <coordinates>
            121.510457,25.032165,0
          </coordinates>
        </Point>
      </Placemark>
      <Placemark>
        <name>天-13 盾柱木</name>
        <styleUrl>#icon-1899-0288D1-nodesc</styleUrl>
        <Point>
          <coordinates>
            121.509766,25.031514,0
          </coordinates>
        </Point>
      </Placemark>
      <Placemark>
        <name>荷-96 垂花水竹芋</name>
        <styleUrl>#icon-1899-0288D1-nodesc</styleUrl>
        <Point>
          <coordinates>
            121.511324,25.031995,0
          </coordinates>
        </Point>
      </Placemark>
      <Placemark>
        <name>名-12 矮仙丹</name>
        <styleUrl>#icon-1899-0288D1-nodesc</styleUrl>
        <Point>
          <coordinates>
            121.509247,25.03285,0
          </coordinates>
        </Point>
      </Placemark>
      <Placemark>
        <name>野-37 雙花蟛蜞菊</name>
        <styleUrl>#icon-1899-0288D1-nodesc</styleUrl>
        <Point>
          <coordinates>
            121.510449,25.032155,0
          </coordinates>
        </Point>
      </Placemark>
      <Placemark>
        <name>荷-101 火筒樹</name>
        <styleUrl>#icon-1899-0288D1-nodesc</styleUrl>
        <Point>
          <coordinates>
            121.510266,25.031554,0
          </coordinates>
        </Point>
      </Placemark>
      <Placemark>
        <name>荷-77 ＃2 台灣糯米條</name>
        <styleUrl>#icon-1899-0288D1-nodesc</styleUrl>
        <Point>
          <coordinates>
            121.5102948,25.0316044,0
          </coordinates>
        </Point>
      </Placemark>
      <Placemark>
        <name>舟右-28 #2 重瓣麻球</name>
        <styleUrl>#icon-1899-0288D1-nodesc</styleUrl>
        <Point>
          <coordinates>
            121.5099649,25.0317077,0
          </coordinates>
        </Point>
      </Placemark>
      <Placemark>
        <name>舟右-55 #2 雞爪樹</name>
        <styleUrl>#icon-1899-0288D1-nodesc</styleUrl>
        <Point>
          <coordinates>
            121.5097637,25.0321585,0
          </coordinates>
        </Point>
      </Placemark>
      <Placemark>
        <name>肉-56 #2 血桐</name>
        <styleUrl>#icon-1899-0288D1-nodesc</styleUrl>
        <Point>
          <coordinates>
            121.5101433,25.0333858,0
          </coordinates>
        </Point>
      </Placemark>
      <Placemark>
        <name>澳-45 #2 樹杞</name>
        <styleUrl>#icon-1899-0288D1-nodesc</styleUrl>
        <Point>
          <coordinates>
            121.511585,25.0323444,0
          </coordinates>
        </Point>
      </Placemark>
      <Placemark>
        <name>野-52 細枝水合歡</name>
        <styleUrl>#icon-1899-0288D1-nodesc</styleUrl>
        <Point>
          <coordinates>
            121.510464,25.0321307,0
          </coordinates>
        </Point>
      </Placemark>
      <Placemark>
        <name>地-28 玉蘭花</name>
        <styleUrl>#icon-1899-0288D1-nodesc</styleUrl>
        <Point>
          <coordinates>
            121.5104504,25.0329119,0
          </coordinates>
        </Point>
      </Placemark>
      <Placemark>
        <name>雙-04 #05 山黃梔</name>
        <styleUrl>#icon-1899-0288D1-nodesc</styleUrl>
        <Point>
          <coordinates>
            121.5103471,25.032822,0
          </coordinates>
        </Point>
      </Placemark>
    </Folder>
    <Folder>
      <name>第2張 西北（300 點）</name>
      <Placemark>
        <name>肉-09 海岸擬茀蕨</name>
        <styleUrl>#icon-1899-0288D1-nodesc</styleUrl>
        <Point>
          <coordinates>
            121.508266,25.032942,0
          </coordinates>
        </Point>
      </Placemark>
      <Placemark>
        <name>肉-21 朴樹</name>
        <styleUrl>#icon-1899-0288D1-nodesc</styleUrl>
        <Point>
          <coordinates>
            121.50841,25.033179,0
          </coordinates>
        </Point>
      </Placemark>
      <Placemark>
        <name>肉-25 紫玉露</name>
        <styleUrl>#icon-1899-0288D1-nodesc</styleUrl>
        <Point>
          <coordinates>
            121.508259,25.03306,0
          </coordinates>
        </Point>
      </Placemark>
      <Placemark>
        <name>肉-27 阿寒湖</name>
        <styleUrl>#icon-1899-0288D1-nodesc</styleUrl>
        <Point>
          <coordinates>
            121.508321,25.0331,0
          </coordinates>
        </Point>
      </Placemark>
      <Placemark>
        <name>肉-29 哨兵花</name>
        <styleUrl>#icon-1899-0288D1-nodesc</styleUrl>
        <Point>
          <coordinates>
            121.508323,25.033072,0
          </coordinates>
        </Point>
      </Placemark>
      <Placemark>
        <name>肉-31 大黑天</name>
        <styleUrl>#icon-1899-0288D1-nodesc</styleUrl>
        <Point>
          <coordinates>
            121.508263,25.033106,0
          </coordinates>
        </Point>
      </Placemark>
      <Placemark>
        <name>肉-35 風鈴木</name>
        <styleUrl>#icon-1899-0288D1-nodesc</styleUrl>
        <Point>
          <coordinates>
            121.508477,25.033139,0
          </coordinates>
        </Point>
      </Placemark>
      <Placemark>
        <name>肉-38 過長沙</name>
        <styleUrl>#icon-1899-0288D1-nodesc</styleUrl>
        <Point>
          <coordinates>
            121.508669,25.03304,0
          </coordinates>
        </Point>
      </Placemark>
      <Placemark>
        <name>肉-43 孤挺花</name>
        <styleUrl>#icon-1899-0288D1-nodesc</styleUrl>
        <Point>
          <coordinates>
            121.508334,25.033029,0
          </coordinates>
        </Point>
      </Placemark>
      <Placemark>
        <name>肉-44 山黃麻</name>
        <styleUrl>#icon-1899-0288D1-nodesc</styleUrl>
        <Point>
          <coordinates>
            121.508786,25.033113,0
          </coordinates>
        </Point>
      </Placemark>
      <Placemark>
        <name>肉-47 毛球馬齒莧</name>
        <styleUrl>#icon-1899-0288D1-nodesc</styleUrl>
        <Point>
          <coordinates>
            121.508314,25.033055,0
          </coordinates>
        </Point>
      </Placemark>
      <Placemark>
        <name>肉-49 珊瑚油桐</name>
        <styleUrl>#icon-1899-0288D1-nodesc</styleUrl>
        <Point>
          <coordinates>
            121.508287,25.033121,0
          </coordinates>
        </Point>
      </Placemark>
      <Placemark>
        <name>肉-52 翠冠玉</name>
        <styleUrl>#icon-1899-0288D1-nodesc</styleUrl>
        <Point>
          <coordinates>
            121.508282,25.033045,0
          </coordinates>
        </Point>
      </Placemark>
      <Placemark>
        <name>肉-53 翠晃冠</name>
        <styleUrl>#icon-1899-0288D1-nodesc</styleUrl>
        <Point>
          <coordinates>
            121.508272,25.033052,0
          </coordinates>
        </Point>
      </Placemark>
      <Placemark>
        <name>肉-54 老翁龍舌蘭</name>
        <styleUrl>#icon-1899-0288D1-nodesc</styleUrl>
        <Point>
          <coordinates>
            121.508714,25.033127,0
          </coordinates>
        </Point>
      </Placemark>
      <Placemark>
        <name>肉-58 雲南石梓</name>
        <styleUrl>#icon-1899-0288D1-nodesc</styleUrl>
        <Point>
          <coordinates>
            121.50852,25.033272,0
          </coordinates>
        </Point>
      </Placemark>
      <Placemark>
        <name>肉-59 半邊蓮</name>
        <styleUrl>#icon-1899-0288D1-nodesc</styleUrl>
        <Point>
          <coordinates>
            121.508446,25.033017,0
          </coordinates>
        </Point>
      </Placemark>
      <Placemark>
        <name>肉-62 天王丸</name>
        <styleUrl>#icon-1899-0288D1-nodesc</styleUrl>
        <Point>
          <coordinates>
            121.508277,25.033085,0
          </coordinates>
        </Point>
      </Placemark>
      <Placemark>
        <name>肉-63 毛馬齒莧</name>
        <styleUrl>#icon-1899-0288D1-nodesc</styleUrl>
        <Point>
          <coordinates>
            121.508343,25.03307,0
          </coordinates>
        </Point>
      </Placemark>
      <Placemark>
        <name>肉-64 瓊麻</name>
        <styleUrl>#icon-1899-0288D1-nodesc</styleUrl>
        <Point>
          <coordinates>
            121.508544,25.033024,0
          </coordinates>
        </Point>
      </Placemark>
      <Placemark>
        <name>肉-65 紅刺露兜樹</name>
        <styleUrl>#icon-1899-0288D1-nodesc</styleUrl>
        <Point>
          <coordinates>
            121.508486,25.033026,0
          </coordinates>
        </Point>
      </Placemark>
      <Placemark>
        <name>肉-66 緋花玉</name>
        <styleUrl>#icon-1899-0288D1-nodesc</styleUrl>
        <Point>
          <coordinates>
            121.508286,25.033086,0
          </coordinates>
        </Point>
      </Placemark>
      <Placemark>
        <name>肉-67 草海桐</name>
        <styleUrl>#icon-1899-0288D1-nodesc</styleUrl>
        <Point>
          <coordinates>
            121.5083548,25.0330372,0
          </coordinates>
        </Point>
      </Placemark>
      <Placemark>
        <name>肉-69 野慈姑</name>
        <styleUrl>#icon-1899-0288D1-nodesc</styleUrl>
        <Point>
          <coordinates>
            121.508694,25.033034,0
          </coordinates>
        </Point>
      </Placemark>
      <Placemark>
        <name>肉-74 孔雀丸</name>
        <styleUrl>#icon-1899-0288D1-nodesc</styleUrl>
        <Point>
          <coordinates>
            121.508294,25.033073,0
          </coordinates>
        </Point>
      </Placemark>
      <Placemark>
        <name>肉-75 斑葉蘆薈</name>
        <styleUrl>#icon-1899-0288D1-nodesc</styleUrl>
        <Point>
          <coordinates>
            121.508511,25.033046,0
          </coordinates>
        </Point>
      </Placemark>
      <Placemark>
        <name>肉-76 田蔥</name>
        <styleUrl>#icon-1899-0288D1-nodesc</styleUrl>
        <Point>
          <coordinates>
            121.508762,25.033134,0
          </coordinates>
        </Point>
      </Placemark>
      <Placemark>
        <name>肉-77 白斑玉露</name>
        <styleUrl>#icon-1899-0288D1-nodesc</styleUrl>
        <Point>
          <coordinates>
            121.508293,25.03305,0
          </coordinates>
        </Point>
      </Placemark>
      <Placemark>
        <name>肉-78 糯米糰</name>
        <styleUrl>#icon-1899-0288D1-nodesc</styleUrl>
        <Point>
          <coordinates>
            121.508701,25.033015,0
          </coordinates>
        </Point>
      </Placemark>
      <Placemark>
        <name>肉-80 絨傘水牛角</name>
        <styleUrl>#icon-1899-0288D1-nodesc</styleUrl>
        <Point>
          <coordinates>
            121.508251,25.033093,0
          </coordinates>
        </Point>
      </Placemark>
      <Placemark>
        <name>肉-81 絲葦</name>
        <styleUrl>#icon-1899-0288D1-nodesc</styleUrl>
        <Point>
          <coordinates>
            121.508306,25.033122,0
          </coordinates>
        </Point>
      </Placemark>
      <Placemark>
        <name>肉-82 耳葉刺蕊草</name>
        <styleUrl>#icon-1899-0288D1-nodesc</styleUrl>
        <Point>
          <coordinates>
            121.508717,25.033066,0
          </coordinates>
        </Point>
      </Placemark>
      <Placemark>
        <name>肉-83 邱比特</name>
        <styleUrl>#icon-1899-0288D1-nodesc</styleUrl>
        <Point>
          <coordinates>
            121.508324,25.033126,0
          </coordinates>
        </Point>
      </Placemark>
      <Placemark>
        <name>肉-86 龍角</name>
        <styleUrl>#icon-1899-0288D1-nodesc</styleUrl>
        <Point>
          <coordinates>
            121.508297,25.033108,0
          </coordinates>
        </Point>
      </Placemark>
      <Placemark>
        <name>肉-87 一點紅</name>
        <styleUrl>#icon-1899-0288D1-nodesc</styleUrl>
        <Point>
          <coordinates>
            121.508237,25.033081,0
          </coordinates>
        </Point>
      </Placemark>
      <Placemark>
        <name>肉-88 大花魔星花</name>
        <styleUrl>#icon-1899-0288D1-nodesc</styleUrl>
        <Point>
          <coordinates>
            121.508247,25.03312,0
          </coordinates>
        </Point>
      </Placemark>
      <Placemark>
        <name>肉-90 熊貓仙丹花</name>
        <styleUrl>#icon-1899-0288D1-nodesc</styleUrl>
        <Point>
          <coordinates>
            121.508464,25.032979,0
          </coordinates>
        </Point>
      </Placemark>
      <Placemark>
        <name>肉-91 珊瑚鳳梨</name>
        <styleUrl>#icon-1899-0288D1-nodesc</styleUrl>
        <Point>
          <coordinates>
            121.508445,25.033052,0
          </coordinates>
        </Point>
      </Placemark>
      <Placemark>
        <name>肉-92 錦盃閣</name>
        <styleUrl>#icon-1899-0288D1-nodesc</styleUrl>
        <Point>
          <coordinates>
            121.508304,25.033153,0
          </coordinates>
        </Point>
      </Placemark>
      <Placemark>
        <name>肉-93 刺葉王蘭</name>
        <styleUrl>#icon-1899-0288D1-nodesc</styleUrl>
        <Point>
          <coordinates>
            121.508521,25.033017,0
          </coordinates>
        </Point>
      </Placemark>
      <Placemark>
        <name>肉-94 大葉田香草</name>
        <styleUrl>#icon-1899-0288D1-nodesc</styleUrl>
        <Point>
          <coordinates>
            121.508499,25.032986,0
          </coordinates>
        </Point>
      </Placemark>
      <Placemark>
        <name>肉-95 大鄧伯花</name>
        <styleUrl>#icon-1899-0288D1-nodesc</styleUrl>
        <Point>
          <coordinates>
            121.508212,25.032938,0
          </coordinates>
        </Point>
      </Placemark>
      <Placemark>
        <name>肉-96 紅龍角</name>
        <styleUrl>#icon-1899-0288D1-nodesc</styleUrl>
        <Point>
          <coordinates>
            121.508299,25.033159,0
          </coordinates>
        </Point>
      </Placemark>
      <Placemark>
        <name>肉-97 武藏野</name>
        <styleUrl>#icon-1899-0288D1-nodesc</styleUrl>
        <Point>
          <coordinates>
            121.508286,25.033155,0
          </coordinates>
        </Point>
      </Placemark>
      <Placemark>
        <name>肉-98 紅花石蒜</name>
        <styleUrl>#icon-1899-0288D1-nodesc</styleUrl>
        <Point>
          <coordinates>
            121.5085587,25.0330948,0
          </coordinates>
        </Point>
      </Placemark>
      <Placemark>
        <name>肉-99 縞馬</name>
        <styleUrl>#icon-1899-0288D1-nodesc</styleUrl>
        <Point>
          <coordinates>
            121.508264,25.033137,0
          </coordinates>
        </Point>
      </Placemark>
      <Placemark>
        <name>肉-100 山葛</name>
        <styleUrl>#icon-1899-0288D1-nodesc</styleUrl>
        <Point>
          <coordinates>
            121.508531,25.0332339,0
          </coordinates>
        </Point>
      </Placemark>
      <Placemark>
        <name>肉-101 月桃</name>
        <styleUrl>#icon-1899-0288D1-nodesc</styleUrl>
        <Point>
          <coordinates>
            121.508478,25.033164,0
          </coordinates>
        </Point>
      </Placemark>
      <Placemark>
        <name>肉-104 蔓蘘荷</name>
        <styleUrl>#icon-1899-0288D1-nodesc</styleUrl>
        <Point>
          <coordinates>
            121.508427,25.033006,0
          </coordinates>
        </Point>
      </Placemark>
      <Placemark>
        <name>肉-105 雪絹</name>
        <styleUrl>#icon-1899-0288D1-nodesc</styleUrl>
        <Point>
          <coordinates>
            121.508262,25.033089,0
          </coordinates>
        </Point>
      </Placemark>
      <Placemark>
        <name>肉-106 香水毬蘭</name>
        <styleUrl>#icon-1899-0288D1-nodesc</styleUrl>
        <Point>
          <coordinates>
            121.50834,25.033135,0
          </coordinates>
        </Point>
      </Placemark>
      <Placemark>
        <name>肉-107 曇花</name>
        <styleUrl>#icon-1899-0288D1-nodesc</styleUrl>
        <Point>
          <coordinates>
            121.508341,25.033108,0
          </coordinates>
        </Point>
      </Placemark>
      <Placemark>
        <name>肉-108 水蓑衣</name>
        <styleUrl>#icon-1899-0288D1-nodesc</styleUrl>
        <Point>
          <coordinates>
            121.508455,25.033016,0
          </coordinates>
        </Point>
      </Placemark>
      <Placemark>
        <name>肉-109 鐘樓閣</name>
        <styleUrl>#icon-1899-0288D1-nodesc</styleUrl>
        <Point>
          <coordinates>
            121.508295,25.033042,0
          </coordinates>
        </Point>
      </Placemark>
      <Placemark>
        <name>肉-110 德雷</name>
        <styleUrl>#icon-1899-0288D1-nodesc</styleUrl>
        <Point>
          <coordinates>
            121.508267,25.033039,0
          </coordinates>
        </Point>
      </Placemark>
      <Placemark>
        <name>肉-111 無刺麒麟花</name>
        <styleUrl>#icon-1899-0288D1-nodesc</styleUrl>
        <Point>
          <coordinates>
            121.508246,25.033049,0
          </coordinates>
        </Point>
      </Placemark>
      <Placemark>
        <name>蜜-06 瓜葉馬兜鈴</name>
        <styleUrl>#icon-1899-0288D1-nodesc</styleUrl>
        <Point>
          <coordinates>
            121.508874,25.032768,0
          </coordinates>
        </Point>
      </Placemark>
      <Placemark>
        <name>蜜-07 異葉馬兜鈴</name>
        <styleUrl>#icon-1899-0288D1-nodesc</styleUrl>
        <Point>
          <coordinates>
            121.508916,25.032788,0
          </coordinates>
        </Point>
      </Placemark>
      <Placemark>
        <name>蜜-25 台灣百合</name>
        <styleUrl>#icon-1899-0288D1-nodesc</styleUrl>
        <Point>
          <coordinates>
            121.508923,25.032758,0
          </coordinates>
        </Point>
      </Placemark>
      <Placemark>
        <name>蜜-28 安石榴</name>
        <styleUrl>#icon-1899-0288D1-nodesc</styleUrl>
        <Point>
          <coordinates>
            121.508885,25.03279,0
          </coordinates>
        </Point>
      </Placemark>
      <Placemark>
        <name>蜜-31 白苦柱</name>
        <styleUrl>#icon-1899-0288D1-nodesc</styleUrl>
        <Point>
          <coordinates>
            121.508938,25.032908,0
          </coordinates>
        </Point>
      </Placemark>
      <Placemark>
        <name>蜜-32 羊蹄</name>
        <styleUrl>#icon-1899-0288D1-nodesc</styleUrl>
        <Point>
          <coordinates>
            121.50901,25.032904,0
          </coordinates>
        </Point>
      </Placemark>
      <Placemark>
        <name>蜜-35 半果樹</name>
        <styleUrl>#icon-1899-0288D1-nodesc</styleUrl>
        <Point>
          <coordinates>
            121.508874,25.032678,0
          </coordinates>
        </Point>
      </Placemark>
      <Placemark>
        <name>蜜-36 巨花馬兜鈴</name>
        <styleUrl>#icon-1899-0288D1-nodesc</styleUrl>
        <Point>
          <coordinates>
            121.508982,25.032793,0
          </coordinates>
        </Point>
      </Placemark>
      <Placemark>
        <name>蜜-37 木胡瓜</name>
        <styleUrl>#icon-1899-0288D1-nodesc</styleUrl>
        <Point>
          <coordinates>
            121.50901,25.033016,0
          </coordinates>
        </Point>
      </Placemark>
      <Placemark>
        <name>蜜-39 琉球野薔薇</name>
        <styleUrl>#icon-1899-0288D1-nodesc</styleUrl>
        <Point>
          <coordinates>
            121.508938,25.032885,0
          </coordinates>
        </Point>
      </Placemark>
      <Placemark>
        <name>蜜-42 高士佛澤蘭</name>
        <styleUrl>#icon-1899-0288D1-nodesc</styleUrl>
        <Point>
          <coordinates>
            121.508893,25.032812,0
          </coordinates>
        </Point>
      </Placemark>
      <Placemark>
        <name>蜜-44 瓊崖海棠</name>
        <styleUrl>#icon-1899-0288D1-nodesc</styleUrl>
        <Point>
          <coordinates>
            121.50883,25.032962,0
          </coordinates>
        </Point>
      </Placemark>
      <Placemark>
        <name>蜜-45 蝙蝠葉西番蓮</name>
        <styleUrl>#icon-1899-0288D1-nodesc</styleUrl>
        <Point>
          <coordinates>
            121.508956,25.032746,0
          </coordinates>
        </Point>
      </Placemark>
      <Placemark>
        <name>蜜-46 鵝鑾鼻鐵線蓮</name>
        <styleUrl>#icon-1899-0288D1-nodesc</styleUrl>
        <Point>
          <coordinates>
            121.508962,25.032876,0
          </coordinates>
        </Point>
      </Placemark>
      <Placemark>
        <name>蜜-47 平伏莖白花菜</name>
        <styleUrl>#icon-1899-0288D1-nodesc</styleUrl>
        <Point>
          <coordinates>
            121.508859,25.03274,0
          </coordinates>
        </Point>
      </Placemark>
      <Placemark>
        <name>蜜-48 小葉桑</name>
        <styleUrl>#icon-1899-0288D1-nodesc</styleUrl>
        <Point>
          <coordinates>
            121.509092,25.033093,0
          </coordinates>
        </Point>
      </Placemark>
      <Placemark>
        <name>蜜-49 散穗弓果黍</name>
        <styleUrl>#icon-1899-0288D1-nodesc</styleUrl>
        <Point>
          <coordinates>
            121.508974,25.033032,0
          </coordinates>
        </Point>
      </Placemark>
      <Placemark>
        <name>蜜-50 龍骨瓣莕菜</name>
        <styleUrl>#icon-1899-0288D1-nodesc</styleUrl>
        <Point>
          <coordinates>
            121.508924,25.032981,0
          </coordinates>
        </Point>
      </Placemark>
      <Placemark>
        <name>蜜-51 三葉五加</name>
        <styleUrl>#icon-1899-0288D1-nodesc</styleUrl>
        <Point>
          <coordinates>
            121.508982,25.032878,0
          </coordinates>
        </Point>
      </Placemark>
      <Placemark>
        <name>蜜-53 馬蜂橙</name>
        <styleUrl>#icon-1899-0288D1-nodesc</styleUrl>
        <Point>
          <coordinates>
            121.509016,25.033069,0
          </coordinates>
        </Point>
      </Placemark>
      <Placemark>
        <name>蕨-10 構樹</name>
        <styleUrl>#icon-1899-0288D1-nodesc</styleUrl>
        <Point>
          <coordinates>
            121.508516,25.032909,0
          </coordinates>
        </Point>
      </Placemark>
      <Placemark>
        <name>蕨-11 珠芽狗脊蕨</name>
        <styleUrl>#icon-1899-0288D1-nodesc</styleUrl>
        <Point>
          <coordinates>
            121.508242,25.032925,0
          </coordinates>
        </Point>
      </Placemark>
      <Placemark>
        <name>蕨-12 石斛蘭</name>
        <styleUrl>#icon-1899-0288D1-nodesc</styleUrl>
        <Point>
          <coordinates>
            121.508433,25.032783,0
          </coordinates>
        </Point>
      </Placemark>
      <Placemark>
        <name>蕨-18 蟠龍石斛蘭</name>
        <styleUrl>#icon-1899-0288D1-nodesc</styleUrl>
        <Point>
          <coordinates>
            121.508457,25.032786,0
          </coordinates>
        </Point>
      </Placemark>
      <Placemark>
        <name>蕨-19 蟠龍石斛蘭</name>
        <styleUrl>#icon-1899-0288D1-nodesc</styleUrl>
        <Point>
          <coordinates>
            121.508563,25.032795,0
          </coordinates>
        </Point>
      </Placemark>
      <Placemark>
        <name>蕨-20 豬毛草</name>
        <styleUrl>#icon-1899-0288D1-nodesc</styleUrl>
        <Point>
          <coordinates>
            121.508454,25.032942,0
          </coordinates>
        </Point>
      </Placemark>
      <Placemark>
        <name>蕨-23 風藤</name>
        <styleUrl>#icon-1899-0288D1-nodesc</styleUrl>
        <Point>
          <coordinates>
            121.508411,25.032739,0
          </coordinates>
        </Point>
      </Placemark>
      <Placemark>
        <name>蕨-24 黃花夾竹桃</name>
        <styleUrl>#icon-1899-0288D1-nodesc</styleUrl>
        <Point>
          <coordinates>
            121.508364,25.032817,0
          </coordinates>
        </Point>
      </Placemark>
      <Placemark>
        <name>蕨-28 涼喉茶</name>
        <styleUrl>#icon-1899-0288D1-nodesc</styleUrl>
        <Point>
          <coordinates>
            121.508413,25.032804,0
          </coordinates>
        </Point>
      </Placemark>
      <Placemark>
        <name>蕨-31 連珠蕨</name>
        <styleUrl>#icon-1899-0288D1-nodesc</styleUrl>
        <Point>
          <coordinates>
            121.5085401,25.0328705,0
          </coordinates>
        </Point>
      </Placemark>
      <Placemark>
        <name>蕨-38 石栗</name>
        <styleUrl>#icon-1899-0288D1-nodesc</styleUrl>
        <Point>
          <coordinates>
            121.508364,25.032781,0
          </coordinates>
        </Point>
      </Placemark>
      <Placemark>
        <name>蕨-44 田字草</name>
        <styleUrl>#icon-1899-0288D1-nodesc</styleUrl>
        <Point>
          <coordinates>
            121.50837,25.032883,0
          </coordinates>
        </Point>
      </Placemark>
      <Placemark>
        <name>蕨-46 針房藤</name>
        <styleUrl>#icon-1899-0288D1-nodesc</styleUrl>
        <Point>
          <coordinates>
            121.5085618,25.0328954,0
          </coordinates>
        </Point>
      </Placemark>
      <Placemark>
        <name>蕨-47 白斑水鴨腳</name>
        <styleUrl>#icon-1899-0288D1-nodesc</styleUrl>
        <Point>
          <coordinates>
            121.508544,25.032793,0
          </coordinates>
        </Point>
      </Placemark>
      <Placemark>
        <name>蕨-48 過溝菜蕨</name>
        <styleUrl>#icon-1899-0288D1-nodesc</styleUrl>
        <Point>
          <coordinates>
            121.508761,25.032946,0
          </coordinates>
        </Point>
      </Placemark>
      <Placemark>
        <name>蕨-49 水蕨</name>
        <styleUrl>#icon-1899-0288D1-nodesc</styleUrl>
        <Point>
          <coordinates>
            121.508678,25.03303,0
          </coordinates>
        </Point>
      </Placemark>
      <Placemark>
        <name>蕨-52 鹵蕨</name>
        <styleUrl>#icon-1899-0288D1-nodesc</styleUrl>
        <Point>
          <coordinates>
            121.508384,25.032889,0
          </coordinates>
        </Point>
      </Placemark>
      <Placemark>
        <name>蕨-53 鹿角蕨</name>
        <styleUrl>#icon-1899-0288D1-nodesc</styleUrl>
        <Point>
          <coordinates>
            121.5086824,25.0328577,0
          </coordinates>
        </Point>
      </Placemark>
      <Placemark>
        <name>蕨-54 尖葉鹵蕨</name>
        <styleUrl>#icon-1899-0288D1-nodesc</styleUrl>
        <Point>
          <coordinates>
            121.508888,25.032972,0
          </coordinates>
        </Point>
      </Placemark>
      <Placemark>
        <name>蕨-55 蘇鐵蕨</name>
        <styleUrl>#icon-1899-0288D1-nodesc</styleUrl>
        <Point>
          <coordinates>
            121.508542,25.032954,0
          </coordinates>
        </Point>
      </Placemark>
      <Placemark>
        <name>澳-11 細葉桉</name>
        <styleUrl>#icon-1899-0288D1-nodesc</styleUrl>
        <Point>
          <coordinates>
            121.5081205,25.0322495,0
          </coordinates>
        </Point>
      </Placemark>
      <Placemark>
        <name>澳-15 地蠶</name>
        <styleUrl>#icon-1899-0288D1-nodesc</styleUrl>
        <Point>
          <coordinates>
            121.5080456,25.0322182,0
          </coordinates>
        </Point>
      </Placemark>
      <Placemark>
        <name>澳-19 狹瓣華八仙</name>
        <styleUrl>#icon-1899-0288D1-nodesc</styleUrl>
        <Point>
          <coordinates>
            121.508596,25.032679,0
          </coordinates>
        </Point>
      </Placemark>
      <Placemark>
        <name>澳-22 野鴉椿</name>
        <styleUrl>#icon-1899-0288D1-nodesc</styleUrl>
        <Point>
          <coordinates>
            121.5080633,25.0322585,0
          </coordinates>
        </Point>
      </Placemark>
      <Placemark>
        <name>澳-24 麗鶯鳳梨</name>
        <styleUrl>#icon-1899-0288D1-nodesc</styleUrl>
        <Point>
          <coordinates>
            121.508068,25.032949,0
          </coordinates>
        </Point>
      </Placemark>
      <Placemark>
        <name>澳-27 廣東萬年青</name>
        <styleUrl>#icon-1899-0288D1-nodesc</styleUrl>
        <Point>
          <coordinates>
            121.508086,25.032512,0
          </coordinates>
        </Point>
      </Placemark>
      <Placemark>
        <name>澳-34 黃福欖</name>
        <styleUrl>#icon-1899-0288D1-nodesc</styleUrl>
        <Point>
          <coordinates>
            121.508283,25.03272,0
          </coordinates>
        </Point>
      </Placemark>
      <Placemark>
        <name>澳-36 山欖</name>
        <styleUrl>#icon-1899-0288D1-nodesc</styleUrl>
        <Point>
          <coordinates>
            121.508186,25.03223,0
          </coordinates>
        </Point>
      </Placemark>
      <Placemark>
        <name>澳-39 蘭嶼野櫻花</name>
        <styleUrl>#icon-1899-0288D1-nodesc</styleUrl>
        <Point>
          <coordinates>
            121.507988,25.032765,0
          </coordinates>
        </Point>
      </Placemark>
      <Placemark>
        <name>澳-42 大花紫薇</name>
        <styleUrl>#icon-1899-0288D1-nodesc</styleUrl>
        <Point>
          <coordinates>
            121.508213,25.032803,0
          </coordinates>
        </Point>
      </Placemark>
      <Placemark>
        <name>澳-43 小葉赤楠</name>
        <styleUrl>#icon-1899-0288D1-nodesc</styleUrl>
        <Point>
          <coordinates>
            121.5082556,25.0322392,0
          </coordinates>
        </Point>
      </Placemark>
      <Placemark>
        <name>澳-44 巒大雀梅藤</name>
        <styleUrl>#icon-1899-0288D1-nodesc</styleUrl>
        <Point>
          <coordinates>
            121.508445,25.032522,0
          </coordinates>
        </Point>
      </Placemark>
      <Placemark>
        <name>澳-46 穗花棋盤腳</name>
        <styleUrl>#icon-1899-0288D1-nodesc</styleUrl>
        <Point>
          <coordinates>
            121.508485,25.032677,0
          </coordinates>
        </Point>
      </Placemark>
      <Placemark>
        <name>澳-47 蘭嶼木藍</name>
        <styleUrl>#icon-1899-0288D1-nodesc</styleUrl>
        <Point>
          <coordinates>
            121.508034,25.032713,0
          </coordinates>
        </Point>
      </Placemark>
      <Placemark>
        <name>澳-48 小葉樫木</name>
        <styleUrl>#icon-1899-0288D1-nodesc</styleUrl>
        <Point>
          <coordinates>
            121.5080704,25.0323288,0
          </coordinates>
        </Point>
      </Placemark>
      <Placemark>
        <name>澳-49 檸檬桉</name>
        <styleUrl>#icon-1899-0288D1-nodesc</styleUrl>
        <Point>
          <coordinates>
            121.508341,25.032323,0
          </coordinates>
        </Point>
      </Placemark>
      <Placemark>
        <name>澳-51 托列里桉</name>
        <styleUrl>#icon-1899-0288D1-nodesc</styleUrl>
        <Point>
          <coordinates>
            121.5080992,25.0322609,0
          </coordinates>
        </Point>
      </Placemark>
      <Placemark>
        <name>澳-52 彩虹桉</name>
        <styleUrl>#icon-1899-0288D1-nodesc</styleUrl>
        <Point>
          <coordinates>
            121.508055,25.0326139,0
          </coordinates>
        </Point>
      </Placemark>
      <Placemark>
        <name>澳-53 複羽葉欒樹</name>
        <styleUrl>#icon-1899-0288D1-nodesc</styleUrl>
        <Point>
          <coordinates>
            121.508426,25.032378,0
          </coordinates>
        </Point>
      </Placemark>
      <Placemark>
        <name>澳-54 長穗木</name>
        <styleUrl>#icon-1899-0288D1-nodesc</styleUrl>
        <Point>
          <coordinates>
            121.508218,25.032465,0
          </coordinates>
        </Point>
      </Placemark>
      <Placemark>
        <name>澳-57 朱蕉</name>
        <styleUrl>#icon-1899-0288D1-nodesc</styleUrl>
        <Point>
          <coordinates>
            121.5080606,25.0322039,0
          </coordinates>
        </Point>
      </Placemark>
      <Placemark>
        <name>肖-12 筆筒樹</name>
        <styleUrl>#icon-1899-0288D1-nodesc</styleUrl>
        <Point>
          <coordinates>
            121.508927,25.032404,0
          </coordinates>
        </Point>
      </Placemark>
      <Placemark>
        <name>肖-16 黃花鼠尾草</name>
        <styleUrl>#icon-1899-0288D1-nodesc</styleUrl>
        <Point>
          <coordinates>
            121.508873,25.032289,0
          </coordinates>
        </Point>
      </Placemark>
      <Placemark>
        <name>肖-18 天胡荽</name>
        <styleUrl>#icon-1899-0288D1-nodesc</styleUrl>
        <Point>
          <coordinates>
            121.508838,25.032417,0
          </coordinates>
        </Point>
      </Placemark>
      <Placemark>
        <name>肖-21 牛樟</name>
        <styleUrl>#icon-1899-0288D1-nodesc</styleUrl>
        <Point>
          <coordinates>
            121.508934,25.03233,0
          </coordinates>
        </Point>
      </Placemark>
      <Placemark>
        <name>肖-25 馬蹄金</name>
        <styleUrl>#icon-1899-0288D1-nodesc</styleUrl>
        <Point>
          <coordinates>
            121.508843,25.032455,0
          </coordinates>
        </Point>
      </Placemark>
      <Placemark>
        <name>肖-26 四葉蘿芙木</name>
        <styleUrl>#icon-1899-0288D1-nodesc</styleUrl>
        <Point>
          <coordinates>
            121.508918,25.032443,0
          </coordinates>
        </Point>
      </Placemark>
      <Placemark>
        <name>肖-27 瓶爾小草</name>
        <styleUrl>#icon-1899-0288D1-nodesc</styleUrl>
        <Point>
          <coordinates>
            121.5088673,25.0323298,0
          </coordinates>
        </Point>
      </Placemark>
      <Placemark>
        <name>肖-28 羊奶埔</name>
        <styleUrl>#icon-1899-0288D1-nodesc</styleUrl>
        <Point>
          <coordinates>
            121.5089316,25.0325148,0
          </coordinates>
        </Point>
      </Placemark>
      <Placemark>
        <name>肖-32 台灣狗娃花</name>
        <styleUrl>#icon-1899-0288D1-nodesc</styleUrl>
        <Point>
          <coordinates>
            121.508817,25.032539,0
          </coordinates>
        </Point>
      </Placemark>
      <Placemark>
        <name>肖-36 牛筋草</name>
        <styleUrl>#icon-1899-0288D1-nodesc</styleUrl>
        <Point>
          <coordinates>
            121.508951,25.032312,0
          </coordinates>
        </Point>
      </Placemark>
      <Placemark>
        <name>肖-41 雞蛋花</name>
        <styleUrl>#icon-1899-0288D1-nodesc</styleUrl>
        <Point>
          <coordinates>
            121.5088919,25.0324697,0
          </coordinates>
        </Point>
      </Placemark>
      <Placemark>
        <name>肖-42 香椿</name>
        <styleUrl>#icon-1899-0288D1-nodesc</styleUrl>
        <Point>
          <coordinates>
            121.508955,25.032425,0
          </coordinates>
        </Point>
      </Placemark>
      <Placemark>
        <name>肖-44 蒼耳</name>
        <styleUrl>#icon-1899-0288D1-nodesc</styleUrl>
        <Point>
          <coordinates>
            121.5088903,25.0324391,0
          </coordinates>
        </Point>
      </Placemark>
      <Placemark>
        <name>肖-45 馬蘭</name>
        <styleUrl>#icon-1899-0288D1-nodesc</styleUrl>
        <Point>
          <coordinates>
            121.508816,25.032449,0
          </coordinates>
        </Point>
      </Placemark>
      <Placemark>
        <name>肖-46 龍牙草</name>
        <styleUrl>#icon-1899-0288D1-nodesc</styleUrl>
        <Point>
          <coordinates>
            121.508855,25.032378,0
          </coordinates>
        </Point>
      </Placemark>
      <Placemark>
        <name>肖-48 水同木</name>
        <styleUrl>#icon-1899-0288D1-nodesc</styleUrl>
        <Point>
          <coordinates>
            121.5088739,25.0326168,0
          </coordinates>
        </Point>
      </Placemark>
      <Placemark>
        <name>肖-49 牛奶榕</name>
        <styleUrl>#icon-1899-0288D1-nodesc</styleUrl>
        <Point>
          <coordinates>
            121.508938,25.032292,0
          </coordinates>
        </Point>
      </Placemark>
      <Placemark>
        <name>肖-50 白千層</name>
        <styleUrl>#icon-1899-0288D1-nodesc</styleUrl>
        <Point>
          <coordinates>
            121.50894,25.032446,0
          </coordinates>
        </Point>
      </Placemark>
      <Placemark>
        <name>肖-51 刺茄</name>
        <styleUrl>#icon-1899-0288D1-nodesc</styleUrl>
        <Point>
          <coordinates>
            121.508841,25.032287,0
          </coordinates>
        </Point>
      </Placemark>
      <Placemark>
        <name>肖-52 老虎心</name>
        <styleUrl>#icon-1899-0288D1-nodesc</styleUrl>
        <Point>
          <coordinates>
            121.5088354,25.0323357,0
          </coordinates>
        </Point>
      </Placemark>
      <Placemark>
        <name>肖-53 榔榆</name>
        <styleUrl>#icon-1899-0288D1-nodesc</styleUrl>
        <Point>
          <coordinates>
            121.508963,25.032395,0
          </coordinates>
        </Point>
      </Placemark>
      <Placemark>
        <name>肖-54 盤龍木</name>
        <styleUrl>#icon-1899-0288D1-nodesc</styleUrl>
        <Point>
          <coordinates>
            121.508842,25.03239,0
          </coordinates>
        </Point>
      </Placemark>
      <Placemark>
        <name>肖-55 紫莖牛膝</name>
        <styleUrl>#icon-1899-0288D1-nodesc</styleUrl>
        <Point>
          <coordinates>
            121.5089462,25.0322571,0
          </coordinates>
        </Point>
      </Placemark>
      <Placemark>
        <name>肖-56 華蔓首烏</name>
        <styleUrl>#icon-1899-0288D1-nodesc</styleUrl>
        <Point>
          <coordinates>
            121.508842,25.032356,0
          </coordinates>
        </Point>
      </Placemark>
      <Placemark>
        <name>肖-58 匍匐微耳草</name>
        <styleUrl>#icon-1899-0288D1-nodesc</styleUrl>
        <Point>
          <coordinates>
            121.508924,25.032308,0
          </coordinates>
        </Point>
      </Placemark>
      <Placemark>
        <name>肖-59 鼠尾粟</name>
        <styleUrl>#icon-1899-0288D1-nodesc</styleUrl>
        <Point>
          <coordinates>
            121.508848,25.032306,0
          </coordinates>
        </Point>
      </Placemark>
      <Placemark>
        <name>肖-08 鳳梨鼠尾草</name>
        <styleUrl>#icon-1899-0288D1-nodesc</styleUrl>
        <Point>
          <coordinates>
            121.508888,25.032275,0
          </coordinates>
        </Point>
      </Placemark>
      <Placemark>
        <name>澳-03 草野氏冬青</name>
        <styleUrl>#icon-1899-0288D1-nodesc</styleUrl>
        <Point>
          <coordinates>
            121.5084177,25.0324748,0
          </coordinates>
        </Point>
      </Placemark>
      <Placemark>
        <name>蜜-05 日本衛矛</name>
        <styleUrl>#icon-1899-0288D1-nodesc</styleUrl>
        <Point>
          <coordinates>
            121.508869,25.032759,0
          </coordinates>
        </Point>
      </Placemark>
      <Placemark>
        <name>蜜-02 南越馬兜鈴</name>
        <styleUrl>#icon-1899-0288D1-nodesc</styleUrl>
        <Point>
          <coordinates>
            121.508838,25.032755,0
          </coordinates>
        </Point>
      </Placemark>
      <Placemark>
        <name>蜜-04 大果胡頹子</name>
        <styleUrl>#icon-1899-0288D1-nodesc</styleUrl>
        <Point>
          <coordinates>
            121.509009,25.033007,0
          </coordinates>
        </Point>
      </Placemark>
      <Placemark>
        <name>肉-13 霸王鞭</name>
        <styleUrl>#icon-1899-0288D1-nodesc</styleUrl>
        <Point>
          <coordinates>
            121.508666,25.033148,0
          </coordinates>
        </Point>
      </Placemark>
      <Placemark>
        <name>蕨-03 珊瑚樹</name>
        <styleUrl>#icon-1899-0288D1-nodesc</styleUrl>
        <Point>
          <coordinates>
            121.508234,25.032879,0
          </coordinates>
        </Point>
      </Placemark>
      <Placemark>
        <name>肉-12 #2 錦鹿丹</name>
        <styleUrl>#icon-1899-0288D1-nodesc</styleUrl>
        <Point>
          <coordinates>
            121.508314,25.033047,0
          </coordinates>
        </Point>
      </Placemark>
      <Placemark>
        <name>肖-03 桃葉珊瑚</name>
        <styleUrl>#icon-1899-0288D1-nodesc</styleUrl>
        <Point>
          <coordinates>
            121.508812,25.0323785,0
          </coordinates>
        </Point>
      </Placemark>
      <Placemark>
        <name>肖-05 蛇莓</name>
        <styleUrl>#icon-1899-0288D1-nodesc</styleUrl>
        <Point>
          <coordinates>
            121.508915,25.032349,0
          </coordinates>
        </Point>
      </Placemark>
      <Placemark>
        <name>肖-07 馬利筋</name>
        <styleUrl>#icon-1899-0288D1-nodesc</styleUrl>
        <Point>
          <coordinates>
            121.508845,25.03239,0
          </coordinates>
        </Point>
      </Placemark>
      <Placemark>
        <name>澳-08 黃金蒲桃</name>
        <styleUrl>#icon-1899-0288D1-nodesc</styleUrl>
        <Point>
          <coordinates>
            121.5082096,25.032133,0
          </coordinates>
        </Point>
      </Placemark>
      <Placemark>
        <name>澳-07 蘭嶼胡頹子</name>
        <styleUrl>#icon-1899-0288D1-nodesc</styleUrl>
        <Point>
          <coordinates>
            121.50822,25.032762,0
          </coordinates>
        </Point>
      </Placemark>
      <Placemark>
        <name>肉-04 圓葉母草</name>
        <styleUrl>#icon-1899-0288D1-nodesc</styleUrl>
        <Point>
          <coordinates>
            121.508574,25.033016,0
          </coordinates>
        </Point>
      </Placemark>
      <Placemark>
        <name>蜜-12 雨傘仔</name>
        <styleUrl>#icon-1899-0288D1-nodesc</styleUrl>
        <Point>
          <coordinates>
            121.50881,25.032924,0
          </coordinates>
        </Point>
      </Placemark>
      <Placemark>
        <name>蜜-12 #2 雨傘仔</name>
        <styleUrl>#icon-1899-0288D1-nodesc</styleUrl>
        <Point>
          <coordinates>
            121.510709,25.032472,0
          </coordinates>
        </Point>
      </Placemark>
      <Placemark>
        <name>肉-03 台灣油點草</name>
        <styleUrl>#icon-1899-0288D1-nodesc</styleUrl>
        <Point>
          <coordinates>
            121.508617,25.033004,0
          </coordinates>
        </Point>
      </Placemark>
      <Placemark>
        <name>肉-10 粉黃纓絨花</name>
        <styleUrl>#icon-1899-0288D1-nodesc</styleUrl>
        <Point>
          <coordinates>
            121.508696,25.033038,0
          </coordinates>
        </Point>
      </Placemark>
      <Placemark>
        <name>肉-08 水丁香</name>
        <styleUrl>#icon-1899-0288D1-nodesc</styleUrl>
        <Point>
          <coordinates>
            121.508934,25.032996,0
          </coordinates>
        </Point>
      </Placemark>
      <Placemark>
        <name>澳-02 美麗刺桐</name>
        <styleUrl>#icon-1899-0288D1-nodesc</styleUrl>
        <Point>
          <coordinates>
            121.508096,25.032932,0
          </coordinates>
        </Point>
      </Placemark>
      <Placemark>
        <name>澳-01 含笑</name>
        <styleUrl>#icon-1899-0288D1-nodesc</styleUrl>
        <Point>
          <coordinates>
            121.508076,25.032726,0
          </coordinates>
        </Point>
      </Placemark>
      <Placemark>
        <name>蕨-01 #2 台灣野牡丹藤</name>
        <styleUrl>#icon-1899-0288D1-nodesc</styleUrl>
        <Point>
          <coordinates>
            121.508219,25.032915,0
          </coordinates>
        </Point>
      </Placemark>
      <Placemark>
        <name>澳-04 菲律賓胡頹子</name>
        <styleUrl>#icon-1899-0288D1-nodesc</styleUrl>
        <Point>
          <coordinates>
            121.50814,25.032756,0
          </coordinates>
        </Point>
      </Placemark>
      <Placemark>
        <name>蜜-08 笑靨花</name>
        <styleUrl>#icon-1899-0288D1-nodesc</styleUrl>
        <Point>
          <coordinates>
            121.50877,25.033055,0
          </coordinates>
        </Point>
      </Placemark>
      <Placemark>
        <name>肉-01 三角霸王鞭</name>
        <styleUrl>#icon-1899-0288D1-nodesc</styleUrl>
        <Point>
          <coordinates>
            121.508612,25.033134,0
          </coordinates>
        </Point>
      </Placemark>
      <Placemark>
        <name>蕨-02 油點木</name>
        <styleUrl>#icon-1899-0288D1-nodesc</styleUrl>
        <Point>
          <coordinates>
            121.508552,25.032947,0
          </coordinates>
        </Point>
      </Placemark>
      <Placemark>
        <name>蕨-02 #2 油點木</name>
        <styleUrl>#icon-1899-0288D1-nodesc</styleUrl>
        <Point>
          <coordinates>
            121.508496,25.032794,0
          </coordinates>
        </Point>
      </Placemark>
      <Placemark>
        <name>肉-14 食用蠟燭木</name>
        <styleUrl>#icon-1899-0288D1-nodesc</styleUrl>
        <Point>
          <coordinates>
            121.508805,25.033123,0
          </coordinates>
        </Point>
      </Placemark>
      <Placemark>
        <name>蜜-03 厚皮香</name>
        <styleUrl>#icon-1899-0288D1-nodesc</styleUrl>
        <Point>
          <coordinates>
            121.508832,25.032731,0
          </coordinates>
        </Point>
      </Placemark>
      <Placemark>
        <name>蜜-03 #2 厚皮香</name>
        <styleUrl>#icon-1899-0288D1-nodesc</styleUrl>
        <Point>
          <coordinates>
            121.508511,25.032964,0
          </coordinates>
        </Point>
      </Placemark>
      <Placemark>
        <name>蕨-04 長筒莢迷</name>
        <styleUrl>#icon-1899-0288D1-nodesc</styleUrl>
        <Point>
          <coordinates>
            121.508377,25.032733,0
          </coordinates>
        </Point>
      </Placemark>
      <Placemark>
        <name>肉-07 松葉蕨</name>
        <styleUrl>#icon-1899-0288D1-nodesc</styleUrl>
        <Point>
          <coordinates>
            121.508674,25.032939,0
          </coordinates>
        </Point>
      </Placemark>
      <Placemark>
        <name>肉-06 天蓬草</name>
        <styleUrl>#icon-1899-0288D1-nodesc</styleUrl>
        <Point>
          <coordinates>
            121.508636,25.033024,0
          </coordinates>
        </Point>
      </Placemark>
      <Placemark>
        <name>肉-02 兔兒菜</name>
        <styleUrl>#icon-1899-0288D1-nodesc</styleUrl>
        <Point>
          <coordinates>
            121.508663,25.03303,0
          </coordinates>
        </Point>
      </Placemark>
      <Placemark>
        <name>肉-28 麒麟花</name>
        <styleUrl>#icon-1899-0288D1-nodesc</styleUrl>
        <Point>
          <coordinates>
            121.508411,25.033132,0
          </coordinates>
        </Point>
      </Placemark>
      <Placemark>
        <name>澳-06 藤胡頹子</name>
        <styleUrl>#icon-1899-0288D1-nodesc</styleUrl>
        <Point>
          <coordinates>
            121.508092,25.032874,0
          </coordinates>
        </Point>
      </Placemark>
      <Placemark>
        <name>澳-05 蓬萊胡頹子</name>
        <styleUrl>#icon-1899-0288D1-nodesc</styleUrl>
        <Point>
          <coordinates>
            121.508161,25.032863,0
          </coordinates>
        </Point>
      </Placemark>
      <Placemark>
        <name>澳-10 台灣胡頹子</name>
        <styleUrl>#icon-1899-0288D1-nodesc</styleUrl>
        <Point>
          <coordinates>
            121.508186,25.032796,0
          </coordinates>
        </Point>
      </Placemark>
      <Placemark>
        <name>肉-19 斑葉紅筆鳳梨</name>
        <styleUrl>#icon-1899-0288D1-nodesc</styleUrl>
        <Point>
          <coordinates>
            121.509828,25.03261,0
          </coordinates>
        </Point>
      </Placemark>
      <Placemark>
        <name>蜜-15 小桑樹</name>
        <styleUrl>#icon-1899-0288D1-nodesc</styleUrl>
        <Point>
          <coordinates>
            121.50913,25.032978,0
          </coordinates>
        </Point>
      </Placemark>
      <Placemark>
        <name>肉-26 翼莖水芹菜</name>
        <styleUrl>#icon-1899-0288D1-nodesc</styleUrl>
        <Point>
          <coordinates>
            121.508619,25.033015,0
          </coordinates>
        </Point>
      </Placemark>
      <Placemark>
        <name>肉-16 內苳子</name>
        <styleUrl>#icon-1899-0288D1-nodesc</styleUrl>
        <Point>
          <coordinates>
            121.508645,25.033229,0
          </coordinates>
        </Point>
      </Placemark>
      <Placemark>
        <name>肉-16 #2 內苳子</name>
        <styleUrl>#icon-1899-0288D1-nodesc</styleUrl>
        <Point>
          <coordinates>
            121.5099823,25.0317253,0
          </coordinates>
        </Point>
      </Placemark>
      <Placemark>
        <name>肉-22 水柳</name>
        <styleUrl>#icon-1899-0288D1-nodesc</styleUrl>
        <Point>
          <coordinates>
            121.508486,25.03304,0
          </coordinates>
        </Point>
      </Placemark>
      <Placemark>
        <name>肉-22 #2 水柳</name>
        <styleUrl>#icon-1899-0288D1-nodesc</styleUrl>
        <Point>
          <coordinates>
            121.511336,25.0322,0
          </coordinates>
        </Point>
      </Placemark>
      <Placemark>
        <name>肉-22 #3 水柳</name>
        <styleUrl>#icon-1899-0288D1-nodesc</styleUrl>
        <Point>
          <coordinates>
            121.510601,25.032262,0
          </coordinates>
        </Point>
      </Placemark>
      <Placemark>
        <name>蜜-11 虎葛</name>
        <styleUrl>#icon-1899-0288D1-nodesc</styleUrl>
        <Point>
          <coordinates>
            121.508949,25.032787,0
          </coordinates>
        </Point>
      </Placemark>
      <Placemark>
        <name>澳-14 金黃百合竹</name>
        <styleUrl>#icon-1899-0288D1-nodesc</styleUrl>
        <Point>
          <coordinates>
            121.5081505,25.0320889,0
          </coordinates>
        </Point>
      </Placemark>
      <Placemark>
        <name>肖-14 雞母珠</name>
        <styleUrl>#icon-1899-0288D1-nodesc</styleUrl>
        <Point>
          <coordinates>
            121.508907,25.032387,0
          </coordinates>
        </Point>
      </Placemark>
      <Placemark>
        <name>澳-13 軟毛柿</name>
        <styleUrl>#icon-1899-0288D1-nodesc</styleUrl>
        <Point>
          <coordinates>
            121.508259,25.032348,0
          </coordinates>
        </Point>
      </Placemark>
      <Placemark>
        <name>肉-15 三尖葉西番蓮</name>
        <styleUrl>#icon-1899-0288D1-nodesc</styleUrl>
        <Point>
          <coordinates>
            121.508253,25.032992,0
          </coordinates>
        </Point>
      </Placemark>
      <Placemark>
        <name>肉-15 #2 三尖葉西番蓮</name>
        <styleUrl>#icon-1899-0288D1-nodesc</styleUrl>
        <Point>
          <coordinates>
            121.508912,25.032831,0
          </coordinates>
        </Point>
      </Placemark>
      <Placemark>
        <name>蕨-06 番仔林投</name>
        <styleUrl>#icon-1899-0288D1-nodesc</styleUrl>
        <Point>
          <coordinates>
            121.508562,25.0328221,0
          </coordinates>
        </Point>
      </Placemark>
      <Placemark>
        <name>肉-18 台灣水韭</name>
        <styleUrl>#icon-1899-0288D1-nodesc</styleUrl>
        <Point>
          <coordinates>
            121.508454,25.032946,0
          </coordinates>
        </Point>
      </Placemark>
      <Placemark>
        <name>蜜-20 龍骨瓣莕菜</name>
        <styleUrl>#icon-1899-0288D1-nodesc</styleUrl>
        <Point>
          <coordinates>
            121.510445,25.031803,0
          </coordinates>
        </Point>
      </Placemark>
      <Placemark>
        <name>澳-09 串錢柳</name>
        <styleUrl>#icon-1899-0288D1-nodesc</styleUrl>
        <Point>
          <coordinates>
            121.5089647,25.0323533,0
          </coordinates>
        </Point>
      </Placemark>
      <Placemark>
        <name>澳-09 #2 串錢柳</name>
        <styleUrl>#icon-1899-0288D1-nodesc</styleUrl>
        <Point>
          <coordinates>
            121.508007,25.032722,0
          </coordinates>
        </Point>
      </Placemark>
      <Placemark>
        <name>肖-11 環翅馬齒莧</name>
        <styleUrl>#icon-1899-0288D1-nodesc</styleUrl>
        <Point>
          <coordinates>
            121.5088185,25.0324098,0
          </coordinates>
        </Point>
      </Placemark>
      <Placemark>
        <name>蜜-18 煙斗馬兜鈴</name>
        <styleUrl>#icon-1899-0288D1-nodesc</styleUrl>
        <Point>
          <coordinates>
            121.508835,25.032794,0
          </coordinates>
        </Point>
      </Placemark>
      <Placemark>
        <name>蜜-14 密花苧麻</name>
        <styleUrl>#icon-1899-0288D1-nodesc</styleUrl>
        <Point>
          <coordinates>
            121.508941,25.032912,0
          </coordinates>
        </Point>
      </Placemark>
      <Placemark>
        <name>肉-23 牛軛草</name>
        <styleUrl>#icon-1899-0288D1-nodesc</styleUrl>
        <Point>
          <coordinates>
            121.511126,25.032266,0
          </coordinates>
        </Point>
      </Placemark>
      <Placemark>
        <name>蜜-17 澤假藿香薊</name>
        <styleUrl>#icon-1899-0288D1-nodesc</styleUrl>
        <Point>
          <coordinates>
            121.508919,25.03293,0
          </coordinates>
        </Point>
      </Placemark>
      <Placemark>
        <name>肉-24 猿戀葦</name>
        <styleUrl>#icon-1899-0288D1-nodesc</styleUrl>
        <Point>
          <coordinates>
            121.508362,25.033133,0
          </coordinates>
        </Point>
      </Placemark>
      <Placemark>
        <name>肉-17 卡州滿江紅</name>
        <styleUrl>#icon-1899-0288D1-nodesc</styleUrl>
        <Point>
          <coordinates>
            121.508438,25.032932,0
          </coordinates>
        </Point>
      </Placemark>
      <Placemark>
        <name>肉-11 金剛纂</name>
        <styleUrl>#icon-1899-0288D1-nodesc</styleUrl>
        <Point>
          <coordinates>
            121.50874,25.033162,0
          </coordinates>
        </Point>
      </Placemark>
      <Placemark>
        <name>肖-22 狗骨仔</name>
        <styleUrl>#icon-1899-0288D1-nodesc</styleUrl>
        <Point>
          <coordinates>
            121.508829,25.032475,0
          </coordinates>
        </Point>
      </Placemark>
      <Placemark>
        <name>蜜-19 阿拉伯婆婆納</name>
        <styleUrl>#icon-1899-0288D1-nodesc</styleUrl>
        <Point>
          <coordinates>
            121.508842,25.032841,0
          </coordinates>
        </Point>
      </Placemark>
      <Placemark>
        <name>肉-40 長序木通</name>
        <styleUrl>#icon-1899-0288D1-nodesc</styleUrl>
        <Point>
          <coordinates>
            121.508102,25.032986,0
          </coordinates>
        </Point>
      </Placemark>
      <Placemark>
        <name>肖-13 豬殃殃</name>
        <styleUrl>#icon-1899-0288D1-nodesc</styleUrl>
        <Point>
          <coordinates>
            121.5088917,25.0325528,0
          </coordinates>
        </Point>
      </Placemark>
      <Placemark>
        <name>蜜-23 洋紅風鈴木</name>
        <styleUrl>#icon-1899-0288D1-nodesc</styleUrl>
        <Point>
          <coordinates>
            121.508943,25.033108,0
          </coordinates>
        </Point>
      </Placemark>
      <Placemark>
        <name>蜜-16 李花</name>
        <styleUrl>#icon-1899-0288D1-nodesc</styleUrl>
        <Point>
          <coordinates>
            121.508895,25.032979,0
          </coordinates>
        </Point>
      </Placemark>
      <Placemark>
        <name>肖-17 南國小薊</name>
        <styleUrl>#icon-1899-0288D1-nodesc</styleUrl>
        <Point>
          <coordinates>
            121.5089051,25.032499,0
          </coordinates>
        </Point>
      </Placemark>
      <Placemark>
        <name>蜜-21 單子蒲桃</name>
        <styleUrl>#icon-1899-0288D1-nodesc</styleUrl>
        <Point>
          <coordinates>
            121.508913,25.032777,0
          </coordinates>
        </Point>
      </Placemark>
      <Placemark>
        <name>蕨-13 紫珠</name>
        <styleUrl>#icon-1899-0288D1-nodesc</styleUrl>
        <Point>
          <coordinates>
            121.50877,25.032933,0
          </coordinates>
        </Point>
      </Placemark>
      <Placemark>
        <name>蕨-13 #2 紫珠</name>
        <styleUrl>#icon-1899-0288D1-nodesc</styleUrl>
        <Point>
          <coordinates>
            121.509249,25.032863,0
          </coordinates>
        </Point>
      </Placemark>
      <Placemark>
        <name>肉-36 細葉彈簧草</name>
        <styleUrl>#icon-1899-0288D1-nodesc</styleUrl>
        <Point>
          <coordinates>
            121.508351,25.03307,0
          </coordinates>
        </Point>
      </Placemark>
      <Placemark>
        <name>肉-39 野慈姑</name>
        <styleUrl>#icon-1899-0288D1-nodesc</styleUrl>
        <Point>
          <coordinates>
            121.508662,25.033031,0
          </coordinates>
        </Point>
      </Placemark>
      <Placemark>
        <name>肖-01 台灣蛇莓</name>
        <styleUrl>#icon-1899-0288D1-nodesc</styleUrl>
        <Point>
          <coordinates>
            121.508923,25.032359,0
          </coordinates>
        </Point>
      </Placemark>
      <Placemark>
        <name>肉-34 毛女貞</name>
        <styleUrl>#icon-1899-0288D1-nodesc</styleUrl>
        <Point>
          <coordinates>
            121.508671,25.033015,0
          </coordinates>
        </Point>
      </Placemark>
      <Placemark>
        <name>肖-19 奧氏虎皮楠</name>
        <styleUrl>#icon-1899-0288D1-nodesc</styleUrl>
        <Point>
          <coordinates>
            121.5088705,25.0323205,0
          </coordinates>
        </Point>
      </Placemark>
      <Placemark>
        <name>肖-20 山豬肉</name>
        <styleUrl>#icon-1899-0288D1-nodesc</styleUrl>
        <Point>
          <coordinates>
            121.5088652,25.0325847,0
          </coordinates>
        </Point>
      </Placemark>
      <Placemark>
        <name>澳-23 鸚鵡鳳梨</name>
        <styleUrl>#icon-1899-0288D1-nodesc</styleUrl>
        <Point>
          <coordinates>
            121.50808,25.032941,0
          </coordinates>
        </Point>
      </Placemark>
      <Placemark>
        <name>肉-30 垂柳</name>
        <styleUrl>#icon-1899-0288D1-nodesc</styleUrl>
        <Point>
          <coordinates>
            121.508741,25.033099,0
          </coordinates>
        </Point>
      </Placemark>
      <Placemark>
        <name>肉-33 小刺桐</name>
        <styleUrl>#icon-1899-0288D1-nodesc</styleUrl>
        <Point>
          <coordinates>
            121.508537,25.033191,0
          </coordinates>
        </Point>
      </Placemark>
      <Placemark>
        <name>澳-21 菱葉柿</name>
        <styleUrl>#icon-1899-0288D1-nodesc</styleUrl>
        <Point>
          <coordinates>
            121.508374,25.032429,0
          </coordinates>
        </Point>
      </Placemark>
      <Placemark>
        <name>澳-16 柚子</name>
        <styleUrl>#icon-1899-0288D1-nodesc</styleUrl>
        <Point>
          <coordinates>
            121.508072,25.032563,0
          </coordinates>
        </Point>
      </Placemark>
      <Placemark>
        <name>肖-24 鋭葉牽牛</name>
        <styleUrl>#icon-1899-0288D1-nodesc</styleUrl>
        <Point>
          <coordinates>
            121.508971,25.033059,0
          </coordinates>
        </Point>
      </Placemark>
      <Placemark>
        <name>澳-20 百部</name>
        <styleUrl>#icon-1899-0288D1-nodesc</styleUrl>
        <Point>
          <coordinates>
            121.50824,25.032148,0
          </coordinates>
        </Point>
      </Placemark>
      <Placemark>
        <name>澳-18 燈稱花</name>
        <styleUrl>#icon-1899-0288D1-nodesc</styleUrl>
        <Point>
          <coordinates>
            121.5108227,25.0324928,0
          </coordinates>
        </Point>
      </Placemark>
      <Placemark>
        <name>蕨-21 豹紋蘭</name>
        <styleUrl>#icon-1899-0288D1-nodesc</styleUrl>
        <Point>
          <coordinates>
            121.50861,25.032852,0
          </coordinates>
        </Point>
      </Placemark>
      <Placemark>
        <name>蜜-13 黃楊</name>
        <styleUrl>#icon-1899-0288D1-nodesc</styleUrl>
        <Point>
          <coordinates>
            121.508872,25.032841,0
          </coordinates>
        </Point>
      </Placemark>
      <Placemark>
        <name>蕨-05 台灣山桂花</name>
        <styleUrl>#icon-1899-0288D1-nodesc</styleUrl>
        <Point>
          <coordinates>
            121.508502,25.032729,0
          </coordinates>
        </Point>
      </Placemark>
      <Placemark>
        <name>肉-42 大葉穀精草</name>
        <styleUrl>#icon-1899-0288D1-nodesc</styleUrl>
        <Point>
          <coordinates>
            121.508669,25.03305,0
          </coordinates>
        </Point>
      </Placemark>
      <Placemark>
        <name>肉-51 細葉零餘子</name>
        <styleUrl>#icon-1899-0288D1-nodesc</styleUrl>
        <Point>
          <coordinates>
            121.508688,25.033041,0
          </coordinates>
        </Point>
      </Placemark>
      <Placemark>
        <name>澳-33 長紅木</name>
        <styleUrl>#icon-1899-0288D1-nodesc</styleUrl>
        <Point>
          <coordinates>
            121.508023,25.0322839,0
          </coordinates>
        </Point>
      </Placemark>
      <Placemark>
        <name>蜜-29 小金櫻</name>
        <styleUrl>#icon-1899-0288D1-nodesc</styleUrl>
        <Point>
          <coordinates>
            121.508988,25.032859,0
          </coordinates>
        </Point>
      </Placemark>
      <Placemark>
        <name>肉-37 蘭嶼血藤</name>
        <styleUrl>#icon-1899-0288D1-nodesc</styleUrl>
        <Point>
          <coordinates>
            121.508278,25.0330181,0
          </coordinates>
        </Point>
      </Placemark>
      <Placemark>
        <name>肉-56 血桐</name>
        <styleUrl>#icon-1899-0288D1-nodesc</styleUrl>
        <Point>
          <coordinates>
            121.5084696,25.0332395,0
          </coordinates>
        </Point>
      </Placemark>
      <Placemark>
        <name>肉-46 摺墨</name>
        <styleUrl>#icon-1899-0288D1-nodesc</styleUrl>
        <Point>
          <coordinates>
            121.508316,25.033091,0
          </coordinates>
        </Point>
      </Placemark>
      <Placemark>
        <name>肖-30 龍眼</name>
        <styleUrl>#icon-1899-0288D1-nodesc</styleUrl>
        <Point>
          <coordinates>
            121.5088275,25.032376,0
          </coordinates>
        </Point>
      </Placemark>
      <Placemark>
        <name>蕨-22 錫蘭饅頭果</name>
        <styleUrl>#icon-1899-0288D1-nodesc</styleUrl>
        <Point>
          <coordinates>
            121.5105,25.0325936,0
          </coordinates>
        </Point>
      </Placemark>
      <Placemark>
        <name>蜜-24 三儉草</name>
        <styleUrl>#icon-1899-0288D1-nodesc</styleUrl>
        <Point>
          <coordinates>
            121.508932,25.032986,0
          </coordinates>
        </Point>
      </Placemark>
      <Placemark>
        <name>肉-32 天藍苜蓿</name>
        <styleUrl>#icon-1899-0288D1-nodesc</styleUrl>
        <Point>
          <coordinates>
            121.508588,25.033016,0
          </coordinates>
        </Point>
      </Placemark>
      <Placemark>
        <name>肉-50 石龍芮</name>
        <styleUrl>#icon-1899-0288D1-nodesc</styleUrl>
        <Point>
          <coordinates>
            121.508505,25.033002,0
          </coordinates>
        </Point>
      </Placemark>
      <Placemark>
        <name>澳-28 楓港柿</name>
        <styleUrl>#icon-1899-0288D1-nodesc</styleUrl>
        <Point>
          <coordinates>
            121.5097345,25.0322995,0
          </coordinates>
        </Point>
      </Placemark>
      <Placemark>
        <name>肉-45 恰帕斯龍舌蘭</name>
        <styleUrl>#icon-1899-0288D1-nodesc</styleUrl>
        <Point>
          <coordinates>
            121.5087,25.033124,0
          </coordinates>
        </Point>
      </Placemark>
      <Placemark>
        <name>肖-06 雞冠刺桐</name>
        <styleUrl>#icon-1899-0288D1-nodesc</styleUrl>
        <Point>
          <coordinates>
            121.5089016,25.0324655,0
          </coordinates>
        </Point>
      </Placemark>
      <Placemark>
        <name>澳-29 橢圓葉赤楠</name>
        <styleUrl>#icon-1899-0288D1-nodesc</styleUrl>
        <Point>
          <coordinates>
            121.508156,25.032946,0
          </coordinates>
        </Point>
      </Placemark>
      <Placemark>
        <name>蜜-30 琉球野薔薇</name>
        <styleUrl>#icon-1899-0288D1-nodesc</styleUrl>
        <Point>
          <coordinates>
            121.508936,25.032872,0
          </coordinates>
        </Point>
      </Placemark>
      <Placemark>
        <name>肉-48 玉翁</name>
        <styleUrl>#icon-1899-0288D1-nodesc</styleUrl>
        <Point>
          <coordinates>
            121.508337,25.033109,0
          </coordinates>
        </Point>
      </Placemark>
      <Placemark>
        <name>肉-41 厚葉鳳梨</name>
        <styleUrl>#icon-1899-0288D1-nodesc</styleUrl>
        <Point>
          <coordinates>
            121.508376,25.033044,0
          </coordinates>
        </Point>
      </Placemark>
      <Placemark>
        <name>肖-38 鼠刺</name>
        <styleUrl>#icon-1899-0288D1-nodesc</styleUrl>
        <Point>
          <coordinates>
            121.508858,25.032286,0
          </coordinates>
        </Point>
      </Placemark>
      <Placemark>
        <name>澳-26 小葉樹杞</name>
        <styleUrl>#icon-1899-0288D1-nodesc</styleUrl>
        <Point>
          <coordinates>
            121.50823,25.032492,0
          </coordinates>
        </Point>
      </Placemark>
      <Placemark>
        <name>蕨-17 粗齒革葉紫萁</name>
        <styleUrl>#icon-1899-0288D1-nodesc</styleUrl>
        <Point>
          <coordinates>
            121.508289,25.032785,0
          </coordinates>
        </Point>
      </Placemark>
      <Placemark>
        <name>澳-32 蓮霧</name>
        <styleUrl>#icon-1899-0288D1-nodesc</styleUrl>
        <Point>
          <coordinates>
            121.5081951,25.0326359,0
          </coordinates>
        </Point>
      </Placemark>
      <Placemark>
        <name>肖-35 毛柿</name>
        <styleUrl>#icon-1899-0288D1-nodesc</styleUrl>
        <Point>
          <coordinates>
            121.5100737,25.0318872,0
          </coordinates>
        </Point>
      </Placemark>
      <Placemark>
        <name>蕨-25 天料木</name>
        <styleUrl>#icon-1899-0288D1-nodesc</styleUrl>
        <Point>
          <coordinates>
            121.508428,25.032863,0
          </coordinates>
        </Point>
      </Placemark>
      <Placemark>
        <name>蜜-27 大莞草</name>
        <styleUrl>#icon-1899-0288D1-nodesc</styleUrl>
        <Point>
          <coordinates>
            121.508935,25.032946,0
          </coordinates>
        </Point>
      </Placemark>
      <Placemark>
        <name>肉-57 金武扇仙人掌</name>
        <styleUrl>#icon-1899-0288D1-nodesc</styleUrl>
        <Point>
          <coordinates>
            121.508396,25.03307,0
          </coordinates>
        </Point>
      </Placemark>
      <Placemark>
        <name>肉-60 單刺仙人掌</name>
        <styleUrl>#icon-1899-0288D1-nodesc</styleUrl>
        <Point>
          <coordinates>
            121.508508,25.033171,0
          </coordinates>
        </Point>
      </Placemark>
      <Placemark>
        <name>肖-10 台灣馬醉木</name>
        <styleUrl>#icon-1899-0288D1-nodesc</styleUrl>
        <Point>
          <coordinates>
            121.5088529,25.032442,0
          </coordinates>
        </Point>
      </Placemark>
      <Placemark>
        <name>蜜-40 福木</name>
        <styleUrl>#icon-1899-0288D1-nodesc</styleUrl>
        <Point>
          <coordinates>
            121.508771,25.032716,0
          </coordinates>
        </Point>
      </Placemark>
      <Placemark>
        <name>肉-68 蠅翼草</name>
        <styleUrl>#icon-1899-0288D1-nodesc</styleUrl>
        <Point>
          <coordinates>
            121.508611,25.033022,0
          </coordinates>
        </Point>
      </Placemark>
      <Placemark>
        <name>澳-40 黛粉葉</name>
        <styleUrl>#icon-1899-0288D1-nodesc</styleUrl>
        <Point>
          <coordinates>
            121.5080737,25.0322256,0
          </coordinates>
        </Point>
      </Placemark>
      <Placemark>
        <name>蕨-14 大葉春不老</name>
        <styleUrl>#icon-1899-0288D1-nodesc</styleUrl>
        <Point>
          <coordinates>
            121.508681,25.032801,0
          </coordinates>
        </Point>
      </Placemark>
      <Placemark>
        <name>蜜-41 華他卡藤</name>
        <styleUrl>#icon-1899-0288D1-nodesc</styleUrl>
        <Point>
          <coordinates>
            121.508974,25.032872,0
          </coordinates>
        </Point>
      </Placemark>
      <Placemark>
        <name>肖-37 馬茶花</name>
        <styleUrl>#icon-1899-0288D1-nodesc</styleUrl>
        <Point>
          <coordinates>
            121.510988,25.032522,0
          </coordinates>
        </Point>
      </Placemark>
      <Placemark>
        <name>肖-02 咬人狗</name>
        <styleUrl>#icon-1899-0288D1-nodesc</styleUrl>
        <Point>
          <coordinates>
            121.508832,25.032498,0
          </coordinates>
        </Point>
      </Placemark>
      <Placemark>
        <name>澳-37 楊桃</name>
        <styleUrl>#icon-1899-0288D1-nodesc</styleUrl>
        <Point>
          <coordinates>
            121.508116,25.032588,0
          </coordinates>
        </Point>
      </Placemark>
      <Placemark>
        <name>澳-35 呂宋毛蕊木</name>
        <styleUrl>#icon-1899-0288D1-nodesc</styleUrl>
        <Point>
          <coordinates>
            121.508076,25.032753,0
          </coordinates>
        </Point>
      </Placemark>
      <Placemark>
        <name>肖-15 高士佛紫金牛</name>
        <styleUrl>#icon-1899-0288D1-nodesc</styleUrl>
        <Point>
          <coordinates>
            121.5093643,25.032857,0
          </coordinates>
        </Point>
      </Placemark>
      <Placemark>
        <name>肉-71 風箱樹</name>
        <styleUrl>#icon-1899-0288D1-nodesc</styleUrl>
        <Point>
          <coordinates>
            121.508507,25.032976,0
          </coordinates>
        </Point>
      </Placemark>
      <Placemark>
        <name>肖-29 苞花蔓</name>
        <styleUrl>#icon-1899-0288D1-nodesc</styleUrl>
        <Point>
          <coordinates>
            121.5088754,25.0325524,0
          </coordinates>
        </Point>
      </Placemark>
      <Placemark>
        <name>肉-72 龍王丸</name>
        <styleUrl>#icon-1899-0288D1-nodesc</styleUrl>
        <Point>
          <coordinates>
            121.508329,25.033083,0
          </coordinates>
        </Point>
      </Placemark>
      <Placemark>
        <name>肉-70 非洲霸王樹</name>
        <styleUrl>#icon-1899-0288D1-nodesc</styleUrl>
        <Point>
          <coordinates>
            121.508365,25.033102,0
          </coordinates>
        </Point>
      </Placemark>
      <Placemark>
        <name>蕨-29 芒萁</name>
        <styleUrl>#icon-1899-0288D1-nodesc</styleUrl>
        <Point>
          <coordinates>
            121.508654,25.032925,0
          </coordinates>
        </Point>
      </Placemark>
      <Placemark>
        <name>澳-30 直幹相思樹</name>
        <styleUrl>#icon-1899-0288D1-nodesc</styleUrl>
        <Point>
          <coordinates>
            121.50801,25.03294,0
          </coordinates>
        </Point>
      </Placemark>
      <Placemark>
        <name>蕨-27 旱田草</name>
        <styleUrl>#icon-1899-0288D1-nodesc</styleUrl>
        <Point>
          <coordinates>
            121.508937,25.03237,0
          </coordinates>
        </Point>
      </Placemark>
      <Placemark>
        <name>蜜-38 森氏紅淡比</name>
        <styleUrl>#icon-1899-0288D1-nodesc</styleUrl>
        <Point>
          <coordinates>
            121.508829,25.032839,0
          </coordinates>
        </Point>
      </Placemark>
      <Placemark>
        <name>肖-34 山豬枷</name>
        <styleUrl>#icon-1899-0288D1-nodesc</styleUrl>
        <Point>
          <coordinates>
            121.5088846,25.0325113,0
          </coordinates>
        </Point>
      </Placemark>
      <Placemark>
        <name>肖-40 羽葉兔尾草</name>
        <styleUrl>#icon-1899-0288D1-nodesc</styleUrl>
        <Point>
          <coordinates>
            121.508916,25.032322,0
          </coordinates>
        </Point>
      </Placemark>
      <Placemark>
        <name>肖-39 欖仁</name>
        <styleUrl>#icon-1899-0288D1-nodesc</styleUrl>
        <Point>
          <coordinates>
            121.50873,25.032595,0
          </coordinates>
        </Point>
      </Placemark>
      <Placemark>
        <name>肖-33 四葉蘿芙木</name>
        <styleUrl>#icon-1899-0288D1-nodesc</styleUrl>
        <Point>
          <coordinates>
            121.508937,25.03237,0
          </coordinates>
        </Point>
      </Placemark>
      <Placemark>
        <name>澳-41 串鼻龍</name>
        <styleUrl>#icon-1899-0288D1-nodesc</styleUrl>
        <Point>
          <coordinates>
            121.508244,25.032183,0
          </coordinates>
        </Point>
      </Placemark>
      <Placemark>
        <name>蜜-26 咖哩樹</name>
        <styleUrl>#icon-1899-0288D1-nodesc</styleUrl>
        <Point>
          <coordinates>
            121.508994,25.033023,0
          </coordinates>
        </Point>
      </Placemark>
      <Placemark>
        <name>肉-85 黃荊</name>
        <styleUrl>#icon-1899-0288D1-nodesc</styleUrl>
        <Point>
          <coordinates>
            121.508753,25.033039,0
          </coordinates>
        </Point>
      </Placemark>
      <Placemark>
        <name>蕨-34 大對葉榕</name>
        <styleUrl>#icon-1899-0288D1-nodesc</styleUrl>
        <Point>
          <coordinates>
            121.508622,25.032743,0
          </coordinates>
        </Point>
      </Placemark>
      <Placemark>
        <name>肖-31 匍匐半插花</name>
        <styleUrl>#icon-1899-0288D1-nodesc</styleUrl>
        <Point>
          <coordinates>
            121.508935,25.032226,0
          </coordinates>
        </Point>
      </Placemark>
      <Placemark>
        <name>蜜-43 文殊蘭</name>
        <styleUrl>#icon-1899-0288D1-nodesc</styleUrl>
        <Point>
          <coordinates>
            121.509092,25.032966,0
          </coordinates>
        </Point>
      </Placemark>
      <Placemark>
        <name>肉-84 金棒王蘭</name>
        <styleUrl>#icon-1899-0288D1-nodesc</styleUrl>
        <Point>
          <coordinates>
            121.508549,25.033042,0
          </coordinates>
        </Point>
      </Placemark>
      <Placemark>
        <name>肉-79 紅筆鳳梨</name>
        <styleUrl>#icon-1899-0288D1-nodesc</styleUrl>
        <Point>
          <coordinates>
            121.508425,25.033096,0
          </coordinates>
        </Point>
      </Placemark>
      <Placemark>
        <name>蕨-33 坪林秋海棠</name>
        <styleUrl>#icon-1899-0288D1-nodesc</styleUrl>
        <Point>
          <coordinates>
            121.508454,25.032864,0
          </coordinates>
        </Point>
      </Placemark>
      <Placemark>
        <name>肉-95 #2 大鄧伯花</name>
        <styleUrl>#icon-1899-0288D1-nodesc</styleUrl>
        <Point>
          <coordinates>
            121.5087877,25.0325875,0
          </coordinates>
        </Point>
      </Placemark>
      <Placemark>
        <name>蕨-30 菲律賓火筒樹</name>
        <styleUrl>#icon-1899-0288D1-nodesc</styleUrl>
        <Point>
          <coordinates>
            121.508421,25.032715,0
          </coordinates>
        </Point>
      </Placemark>
      <Placemark>
        <name>澳-45 樹杞</name>
        <styleUrl>#icon-1899-0288D1-nodesc</styleUrl>
        <Point>
          <coordinates>
            121.5084086,25.0323196,0
          </coordinates>
        </Point>
      </Placemark>
      <Placemark>
        <name>蜜-10 細纍子草</name>
        <styleUrl>#icon-1899-0288D1-nodesc</styleUrl>
        <Point>
          <coordinates>
            121.511148,25.032193,0
          </coordinates>
        </Point>
      </Placemark>
      <Placemark>
        <name>舟後-49 #2 大花赤楠</name>
        <styleUrl>#icon-1899-0288D1-nodesc</styleUrl>
        <Point>
          <coordinates>
            121.5083046,25.0327576,0
          </coordinates>
        </Point>
      </Placemark>
      <Placemark>
        <name>名-44 #2 金鳥赫蕉</name>
        <styleUrl>#icon-1899-0288D1-nodesc</styleUrl>
        <Point>
          <coordinates>
            121.5081946,25.0320795,0
          </coordinates>
        </Point>
      </Placemark>
      <Placemark>
        <name>雙-06 #2 椬梧</name>
        <styleUrl>#icon-1899-0288D1-nodesc</styleUrl>
        <Point>
          <coordinates>
            121.5080458,25.0329143,0
          </coordinates>
        </Point>
      </Placemark>
    </Folder>
    <Folder>
      <name>第4張 南側（417 點）</name>
      <Placemark>
        <name>薑-02 高良薑</name>
        <styleUrl>#icon-1899-0288D1-nodesc</styleUrl>
        <Point>
          <coordinates>
            121.50909,25.031576,0
          </coordinates>
        </Point>
      </Placemark>
      <Placemark>
        <name>薑-03 刺孔雀椰子</name>
        <styleUrl>#icon-1899-0288D1-nodesc</styleUrl>
        <Point>
          <coordinates>
            121.50902,25.031455,0
          </coordinates>
        </Point>
      </Placemark>
      <Placemark>
        <name>薑-06 叢立孔雀椰子</name>
        <styleUrl>#icon-1899-0288D1-nodesc</styleUrl>
        <Point>
          <coordinates>
            121.509113,25.031463,0
          </coordinates>
        </Point>
      </Placemark>
      <Placemark>
        <name>薑-10 斑葉豹紋竹芋</name>
        <styleUrl>#icon-1899-0288D1-nodesc</styleUrl>
        <Point>
          <coordinates>
            121.5092004,25.0313425,0
          </coordinates>
        </Point>
      </Placemark>
      <Placemark>
        <name>薑-14 紅焰蕉</name>
        <styleUrl>#icon-1899-0288D1-nodesc</styleUrl>
        <Point>
          <coordinates>
            121.509274,25.031596,0
          </coordinates>
        </Point>
      </Placemark>
      <Placemark>
        <name>薑-17 阿斯普倫閉鞘薑</name>
        <styleUrl>#icon-1899-0288D1-nodesc</styleUrl>
        <Point>
          <coordinates>
            121.5092571,25.0314651,0
          </coordinates>
        </Point>
      </Placemark>
      <Placemark>
        <name>薑-21 土田七</name>
        <styleUrl>#icon-1899-0288D1-nodesc</styleUrl>
        <Point>
          <coordinates>
            121.509234,25.031405,0
          </coordinates>
        </Point>
      </Placemark>
      <Placemark>
        <name>薑-24 山月桃</name>
        <styleUrl>#icon-1899-0288D1-nodesc</styleUrl>
        <Point>
          <coordinates>
            121.50914,25.031379,0
          </coordinates>
        </Point>
      </Placemark>
      <Placemark>
        <name>薑-27 普吉之吻閉鞘薑</name>
        <styleUrl>#icon-1899-0288D1-nodesc</styleUrl>
        <Point>
          <coordinates>
            121.508961,25.031358,0
          </coordinates>
        </Point>
      </Placemark>
      <Placemark>
        <name>薑-36 莪朮</name>
        <styleUrl>#icon-1899-0288D1-nodesc</styleUrl>
        <Point>
          <coordinates>
            121.509342,25.031442,0
          </coordinates>
        </Point>
      </Placemark>
      <Placemark>
        <name>薑-42 阿里山月桃</name>
        <styleUrl>#icon-1899-0288D1-nodesc</styleUrl>
        <Point>
          <coordinates>
            121.5089928,25.0313925,0
          </coordinates>
        </Point>
      </Placemark>
      <Placemark>
        <name>薑-44 塔蓬貝克閉鞘薑</name>
        <styleUrl>#icon-1899-0288D1-nodesc</styleUrl>
        <Point>
          <coordinates>
            121.509042,25.031416,0
          </coordinates>
        </Point>
      </Placemark>
      <Placemark>
        <name>薑-51 彩繪閉鞘薑</name>
        <styleUrl>#icon-1899-0288D1-nodesc</styleUrl>
        <Point>
          <coordinates>
            121.509256,25.031287,0
          </coordinates>
        </Point>
      </Placemark>
      <Placemark>
        <name>薑-58 百子蓮</name>
        <styleUrl>#icon-1899-0288D1-nodesc</styleUrl>
        <Point>
          <coordinates>
            121.509446,25.031385,0
          </coordinates>
        </Point>
      </Placemark>
      <Placemark>
        <name>薑-59 砂仁</name>
        <styleUrl>#icon-1899-0288D1-nodesc</styleUrl>
        <Point>
          <coordinates>
            121.508992,25.031474,0
          </coordinates>
        </Point>
      </Placemark>
      <Placemark>
        <name>薑-69 大葉孔雀薑</name>
        <styleUrl>#icon-1899-0288D1-nodesc</styleUrl>
        <Point>
          <coordinates>
            121.509155,25.03146,0
          </coordinates>
        </Point>
      </Placemark>
      <Placemark>
        <name>薑-71 紅薑花</name>
        <styleUrl>#icon-1899-0288D1-nodesc</styleUrl>
        <Point>
          <coordinates>
            121.508999,25.031521,0
          </coordinates>
        </Point>
      </Placemark>
      <Placemark>
        <name>薑-72 紅閉鞘薑</name>
        <styleUrl>#icon-1899-0288D1-nodesc</styleUrl>
        <Point>
          <coordinates>
            121.509201,25.031389,0
          </coordinates>
        </Point>
      </Placemark>
      <Placemark>
        <name>薑-75 纖細舞花薑</name>
        <styleUrl>#icon-1899-0288D1-nodesc</styleUrl>
        <Point>
          <coordinates>
            121.5091838,25.0314918,0
          </coordinates>
        </Point>
      </Placemark>
      <Placemark>
        <name>薑-76 蔥蘭</name>
        <styleUrl>#icon-1899-0288D1-nodesc</styleUrl>
        <Point>
          <coordinates>
            121.509082,25.031267,0
          </coordinates>
        </Point>
      </Placemark>
      <Placemark>
        <name>薑-77 薑荷花</name>
        <styleUrl>#icon-1899-0288D1-nodesc</styleUrl>
        <Point>
          <coordinates>
            121.509045,25.031357,0
          </coordinates>
        </Point>
      </Placemark>
      <Placemark>
        <name>薑-79 蠟薑</name>
        <styleUrl>#icon-1899-0288D1-nodesc</styleUrl>
        <Point>
          <coordinates>
            121.509274,25.031428,0
          </coordinates>
        </Point>
      </Placemark>
      <Placemark>
        <name>薑-83 黃扇赫蕉</name>
        <styleUrl>#icon-1899-0288D1-nodesc</styleUrl>
        <Point>
          <coordinates>
            121.509187,25.031415,0
          </coordinates>
        </Point>
      </Placemark>
      <Placemark>
        <name>薑-85 斑葉閉鞘薑</name>
        <styleUrl>#icon-1899-0288D1-nodesc</styleUrl>
        <Point>
          <coordinates>
            121.509352,25.031478,0
          </coordinates>
        </Point>
      </Placemark>
      <Placemark>
        <name>薑-86 球薑</name>
        <styleUrl>#icon-1899-0288D1-nodesc</styleUrl>
        <Point>
          <coordinates>
            121.509225,25.031296,0
          </coordinates>
        </Point>
      </Placemark>
      <Placemark>
        <name>薑-87 風雨蘭</name>
        <styleUrl>#icon-1899-0288D1-nodesc</styleUrl>
        <Point>
          <coordinates>
            121.509468,25.031468,0
          </coordinates>
        </Point>
      </Placemark>
      <Placemark>
        <name>薑-88 垂花藍薑</name>
        <styleUrl>#icon-1899-0288D1-nodesc</styleUrl>
        <Point>
          <coordinates>
            121.509254,25.031368,0
          </coordinates>
        </Point>
      </Placemark>
      <Placemark>
        <name>薑-89 薑黃</name>
        <styleUrl>#icon-1899-0288D1-nodesc</styleUrl>
        <Point>
          <coordinates>
            121.509242,25.031329,0
          </coordinates>
        </Point>
      </Placemark>
      <Placemark>
        <name>薑-90 馬氏射葉椰子</name>
        <styleUrl>#icon-1899-0288D1-nodesc</styleUrl>
        <Point>
          <coordinates>
            121.5093096,25.0313467,0
          </coordinates>
        </Point>
      </Placemark>
      <Placemark>
        <name>薑-91 少葉薑</name>
        <styleUrl>#icon-1899-0288D1-nodesc</styleUrl>
        <Point>
          <coordinates>
            121.509136,25.031482,0
          </coordinates>
        </Point>
      </Placemark>
      <Placemark>
        <name>薑-92 翼莖水丁香</name>
        <styleUrl>#icon-1899-0288D1-nodesc</styleUrl>
        <Point>
          <coordinates>
            121.509091,25.031622,0
          </coordinates>
        </Point>
      </Placemark>
      <Placemark>
        <name>薑-93 食用肖竹芋</name>
        <styleUrl>#icon-1899-0288D1-nodesc</styleUrl>
        <Point>
          <coordinates>
            121.509087,25.0313,0
          </coordinates>
        </Point>
      </Placemark>
      <Placemark>
        <name>薑-94 公主椰子</name>
        <styleUrl>#icon-1899-0288D1-nodesc</styleUrl>
        <Point>
          <coordinates>
            121.5091615,25.031292,0
          </coordinates>
        </Point>
      </Placemark>
      <Placemark>
        <name>薑-96 熱帶赫蕉</name>
        <styleUrl>#icon-1899-0288D1-nodesc</styleUrl>
        <Point>
          <coordinates>
            121.509045,25.031393,0
          </coordinates>
        </Point>
      </Placemark>
      <Placemark>
        <name>薑-97 蘭嶼法氏薑</name>
        <styleUrl>#icon-1899-0288D1-nodesc</styleUrl>
        <Point>
          <coordinates>
            121.50921,25.03146,0
          </coordinates>
        </Point>
      </Placemark>
      <Placemark>
        <name>薑-99 酒瓶椰子</name>
        <styleUrl>#icon-1899-0288D1-nodesc</styleUrl>
        <Point>
          <coordinates>
            121.509017,25.031283,0
          </coordinates>
        </Point>
      </Placemark>
      <Placemark>
        <name>薑-101 水藤</name>
        <styleUrl>#icon-1899-0288D1-nodesc</styleUrl>
        <Point>
          <coordinates>
            121.509176,25.031597,0
          </coordinates>
        </Point>
      </Placemark>
      <Placemark>
        <name>薑-102 箭羽竹芋</name>
        <styleUrl>#icon-1899-0288D1-nodesc</styleUrl>
        <Point>
          <coordinates>
            121.509465,25.03134,0
          </coordinates>
        </Point>
      </Placemark>
      <Placemark>
        <name>原-10 普剌特草</name>
        <styleUrl>#icon-1899-0288D1-nodesc</styleUrl>
        <Point>
          <coordinates>
            121.508833,25.031377,0
          </coordinates>
        </Point>
      </Placemark>
      <Placemark>
        <name>原-16 槲櫟</name>
        <styleUrl>#icon-1899-0288D1-nodesc</styleUrl>
        <Point>
          <coordinates>
            121.508882,25.031292,0
          </coordinates>
        </Point>
      </Placemark>
      <Placemark>
        <name>原-17 毛苦參</name>
        <styleUrl>#icon-1899-0288D1-nodesc</styleUrl>
        <Point>
          <coordinates>
            121.508834,25.03129,0
          </coordinates>
        </Point>
      </Placemark>
      <Placemark>
        <name>原-18 琉球鈴木草</name>
        <styleUrl>#icon-1899-0288D1-nodesc</styleUrl>
        <Point>
          <coordinates>
            121.508963,25.031331,0
          </coordinates>
        </Point>
      </Placemark>
      <Placemark>
        <name>原-20 越橘葉曼絨</name>
        <styleUrl>#icon-1899-0288D1-nodesc</styleUrl>
        <Point>
          <coordinates>
            121.508799,25.031345,0
          </coordinates>
        </Point>
      </Placemark>
      <Placemark>
        <name>原-21 鐘萼豆</name>
        <styleUrl>#icon-1899-0288D1-nodesc</styleUrl>
        <Point>
          <coordinates>
            121.508945,25.031296,0
          </coordinates>
        </Point>
      </Placemark>
      <Placemark>
        <name>原-24 鐵色</name>
        <styleUrl>#icon-1899-0288D1-nodesc</styleUrl>
        <Point>
          <coordinates>
            121.508911,25.031368,0
          </coordinates>
        </Point>
      </Placemark>
      <Placemark>
        <name>原-35 鹿谷秋海棠</name>
        <styleUrl>#icon-1899-0288D1-nodesc</styleUrl>
        <Point>
          <coordinates>
            121.508872,25.031307,0
          </coordinates>
        </Point>
      </Placemark>
      <Placemark>
        <name>原-36 基隆扁葉芋</name>
        <styleUrl>#icon-1899-0288D1-nodesc</styleUrl>
        <Point>
          <coordinates>
            121.508867,25.031273,0
          </coordinates>
        </Point>
      </Placemark>
      <Placemark>
        <name>原-37 長果月橘</name>
        <styleUrl>#icon-1899-0288D1-nodesc</styleUrl>
        <Point>
          <coordinates>
            121.508916,25.031308,0
          </coordinates>
        </Point>
      </Placemark>
      <Placemark>
        <name>原-38 日本薯蕷</name>
        <styleUrl>#icon-1899-0288D1-nodesc</styleUrl>
        <Point>
          <coordinates>
            121.508841,25.031282,0
          </coordinates>
        </Point>
      </Placemark>
      <Placemark>
        <name>棕-06 君子蘭</name>
        <styleUrl>#icon-1899-0288D1-nodesc</styleUrl>
        <Point>
          <coordinates>
            121.5089064,25.031007,0
          </coordinates>
        </Point>
      </Placemark>
      <Placemark>
        <name>棕-07 圓扇椰子</name>
        <styleUrl>#icon-1899-0288D1-nodesc</styleUrl>
        <Point>
          <coordinates>
            121.509053,25.031169,0
          </coordinates>
        </Point>
      </Placemark>
      <Placemark>
        <name>棕-10 錦屏藤</name>
        <styleUrl>#icon-1899-0288D1-nodesc</styleUrl>
        <Point>
          <coordinates>
            121.509238,25.03069,0
          </coordinates>
        </Point>
      </Placemark>
      <Placemark>
        <name>棕-11 克利巴椰子</name>
        <styleUrl>#icon-1899-0288D1-nodesc</styleUrl>
        <Point>
          <coordinates>
            121.508884,25.031101,0
          </coordinates>
        </Point>
      </Placemark>
      <Placemark>
        <name>棕-20 大葉合歡</name>
        <styleUrl>#icon-1899-0288D1-nodesc</styleUrl>
        <Point>
          <coordinates>
            121.508891,25.03121,0
          </coordinates>
        </Point>
      </Placemark>
      <Placemark>
        <name>棕-23 韭蘭</name>
        <styleUrl>#icon-1899-0288D1-nodesc</styleUrl>
        <Point>
          <coordinates>
            121.509112,25.03126,0
          </coordinates>
        </Point>
      </Placemark>
      <Placemark>
        <name>棕-24 土牛膝</name>
        <styleUrl>#icon-1899-0288D1-nodesc</styleUrl>
        <Point>
          <coordinates>
            121.508916,25.03105,0
          </coordinates>
        </Point>
      </Placemark>
      <Placemark>
        <name>棕-25 毛土連翹</name>
        <styleUrl>#icon-1899-0288D1-nodesc</styleUrl>
        <Point>
          <coordinates>
            121.508712,25.03095,0
          </coordinates>
        </Point>
      </Placemark>
      <Placemark>
        <name>棕-27 圓葉刺軸櫚</name>
        <styleUrl>#icon-1899-0288D1-nodesc</styleUrl>
        <Point>
          <coordinates>
            121.508987,25.031174,0
          </coordinates>
        </Point>
      </Placemark>
      <Placemark>
        <name>民-03 土肉桂</name>
        <styleUrl>#icon-1899-0288D1-nodesc</styleUrl>
        <Point>
          <coordinates>
            121.508496,25.031241,0
          </coordinates>
        </Point>
      </Placemark>
      <Placemark>
        <name>民-17 大葉楠</name>
        <styleUrl>#icon-1899-0288D1-nodesc</styleUrl>
        <Point>
          <coordinates>
            121.508453,25.031275,0
          </coordinates>
        </Point>
      </Placemark>
      <Placemark>
        <name>民-18 拓樹</name>
        <styleUrl>#icon-1899-0288D1-nodesc</styleUrl>
        <Point>
          <coordinates>
            121.508503,25.031132,0
          </coordinates>
        </Point>
      </Placemark>
      <Placemark>
        <name>民-19 日本楨楠</name>
        <styleUrl>#icon-1899-0288D1-nodesc</styleUrl>
        <Point>
          <coordinates>
            121.5083862,25.0312554,0
          </coordinates>
        </Point>
      </Placemark>
      <Placemark>
        <name>民-21 香楠</name>
        <styleUrl>#icon-1899-0288D1-nodesc</styleUrl>
        <Point>
          <coordinates>
            121.508416,25.03127,0
          </coordinates>
        </Point>
      </Placemark>
      <Placemark>
        <name>民-30 柳條省藤</name>
        <styleUrl>#icon-1899-0288D1-nodesc</styleUrl>
        <Point>
          <coordinates>
            121.508349,25.031328,0
          </coordinates>
        </Point>
      </Placemark>
      <Placemark>
        <name>民-31 刺竹</name>
        <styleUrl>#icon-1899-0288D1-nodesc</styleUrl>
        <Point>
          <coordinates>
            121.508384,25.031289,0
          </coordinates>
        </Point>
      </Placemark>
      <Placemark>
        <name>民-32 林投</name>
        <styleUrl>#icon-1899-0288D1-nodesc</styleUrl>
        <Point>
          <coordinates>
            121.508339,25.031294,0
          </coordinates>
        </Point>
      </Placemark>
      <Placemark>
        <name>民-33 毛土連翹</name>
        <styleUrl>#icon-1899-0288D1-nodesc</styleUrl>
        <Point>
          <coordinates>
            121.508707,25.031325,0
          </coordinates>
        </Point>
      </Placemark>
      <Placemark>
        <name>民-34 青苧麻</name>
        <styleUrl>#icon-1899-0288D1-nodesc</styleUrl>
        <Point>
          <coordinates>
            121.508406,25.031489,0
          </coordinates>
        </Point>
      </Placemark>
      <Placemark>
        <name>民-35 食茱萸</name>
        <styleUrl>#icon-1899-0288D1-nodesc</styleUrl>
        <Point>
          <coordinates>
            121.508527,25.0312215,0
          </coordinates>
        </Point>
      </Placemark>
      <Placemark>
        <name>民-36 台灣澤蘭</name>
        <styleUrl>#icon-1899-0288D1-nodesc</styleUrl>
        <Point>
          <coordinates>
            121.508562,25.031322,0
          </coordinates>
        </Point>
      </Placemark>
      <Placemark>
        <name>民-40 菜豆</name>
        <styleUrl>#icon-1899-0288D1-nodesc</styleUrl>
        <Point>
          <coordinates>
            121.508592,25.031333,0
          </coordinates>
        </Point>
      </Placemark>
      <Placemark>
        <name>民-41 落羽松</name>
        <styleUrl>#icon-1899-0288D1-nodesc</styleUrl>
        <Point>
          <coordinates>
            121.508471,25.0312176,0
          </coordinates>
        </Point>
      </Placemark>
      <Placemark>
        <name>民-45 白背芒</name>
        <styleUrl>#icon-1899-0288D1-nodesc</styleUrl>
        <Point>
          <coordinates>
            121.5084072,25.0313348,0
          </coordinates>
        </Point>
      </Placemark>
      <Placemark>
        <name>民-47 金劍草</name>
        <styleUrl>#icon-1899-0288D1-nodesc</styleUrl>
        <Point>
          <coordinates>
            121.508627,25.031406,0
          </coordinates>
        </Point>
      </Placemark>
      <Placemark>
        <name>竹-11 番木瓜</name>
        <styleUrl>#icon-1899-0288D1-nodesc</styleUrl>
        <Point>
          <coordinates>
            121.508008,25.031658,0
          </coordinates>
        </Point>
      </Placemark>
      <Placemark>
        <name>竹-14 紅楠</name>
        <styleUrl>#icon-1899-0288D1-nodesc</styleUrl>
        <Point>
          <coordinates>
            121.508041,25.03137,0
          </coordinates>
        </Point>
      </Placemark>
      <Placemark>
        <name>竹-15 紫花藿香薊</name>
        <styleUrl>#icon-1899-0288D1-nodesc</styleUrl>
        <Point>
          <coordinates>
            121.508291,25.031484,0
          </coordinates>
        </Point>
      </Placemark>
      <Placemark>
        <name>竹-17 台灣麟球花</name>
        <styleUrl>#icon-1899-0288D1-nodesc</styleUrl>
        <Point>
          <coordinates>
            121.508194,25.031421,0
          </coordinates>
        </Point>
      </Placemark>
      <Placemark>
        <name>竹-22 珍珠菜</name>
        <styleUrl>#icon-1899-0288D1-nodesc</styleUrl>
        <Point>
          <coordinates>
            121.508095,25.031516,0
          </coordinates>
        </Point>
      </Placemark>
      <Placemark>
        <name>竹-28 魚眼草</name>
        <styleUrl>#icon-1899-0288D1-nodesc</styleUrl>
        <Point>
          <coordinates>
            121.508257,25.031491,0
          </coordinates>
        </Point>
      </Placemark>
      <Placemark>
        <name>竹-30 鼠麴草</name>
        <styleUrl>#icon-1899-0288D1-nodesc</styleUrl>
        <Point>
          <coordinates>
            121.508097,25.031446,0
          </coordinates>
        </Point>
      </Placemark>
      <Placemark>
        <name>竹-35 毛蓼</name>
        <styleUrl>#icon-1899-0288D1-nodesc</styleUrl>
        <Point>
          <coordinates>
            121.508269,25.031458,0
          </coordinates>
        </Point>
      </Placemark>
      <Placemark>
        <name>竹-40 臺灣破傘菊</name>
        <styleUrl>#icon-1899-0288D1-nodesc</styleUrl>
        <Point>
          <coordinates>
            121.508225,25.031525,0
          </coordinates>
        </Point>
      </Placemark>
      <Placemark>
        <name>竹-42 葶藶</name>
        <styleUrl>#icon-1899-0288D1-nodesc</styleUrl>
        <Point>
          <coordinates>
            121.508143,25.031478,0
          </coordinates>
        </Point>
      </Placemark>
      <Placemark>
        <name>竹-46 過江藤</name>
        <styleUrl>#icon-1899-0288D1-nodesc</styleUrl>
        <Point>
          <coordinates>
            121.508171,25.0315,0
          </coordinates>
        </Point>
      </Placemark>
      <Placemark>
        <name>竹-49 疣果葉下珠</name>
        <styleUrl>#icon-1899-0288D1-nodesc</styleUrl>
        <Point>
          <coordinates>
            121.508089,25.031478,0
          </coordinates>
        </Point>
      </Placemark>
      <Placemark>
        <name>竹-50 委陵菜</name>
        <styleUrl>#icon-1899-0288D1-nodesc</styleUrl>
        <Point>
          <coordinates>
            121.508148,25.031545,0
          </coordinates>
        </Point>
      </Placemark>
      <Placemark>
        <name>竹-51 石薺薴</name>
        <styleUrl>#icon-1899-0288D1-nodesc</styleUrl>
        <Point>
          <coordinates>
            121.508139,25.031407,0
          </coordinates>
        </Point>
      </Placemark>
      <Placemark>
        <name>竹-52 葉氏坡油甘</name>
        <styleUrl>#icon-1899-0288D1-nodesc</styleUrl>
        <Point>
          <coordinates>
            121.508232,25.031484,0
          </coordinates>
        </Point>
      </Placemark>
      <Placemark>
        <name>竹-53 山萵苣</name>
        <styleUrl>#icon-1899-0288D1-nodesc</styleUrl>
        <Point>
          <coordinates>
            121.508124,25.031426,0
          </coordinates>
        </Point>
      </Placemark>
      <Placemark>
        <name>竹-54 蟛蜞菊</name>
        <styleUrl>#icon-1899-0288D1-nodesc</styleUrl>
        <Point>
          <coordinates>
            121.508161,25.031404,0
          </coordinates>
        </Point>
      </Placemark>
      <Placemark>
        <name>竹-55 薄荷</name>
        <styleUrl>#icon-1899-0288D1-nodesc</styleUrl>
        <Point>
          <coordinates>
            121.50817,25.031536,0
          </coordinates>
        </Point>
      </Placemark>
      <Placemark>
        <name>竹-56 高粱</name>
        <styleUrl>#icon-1899-0288D1-nodesc</styleUrl>
        <Point>
          <coordinates>
            121.5082067,25.0315845,0
          </coordinates>
        </Point>
      </Placemark>
      <Placemark>
        <name>竹-58 直毛假地豆</name>
        <styleUrl>#icon-1899-0288D1-nodesc</styleUrl>
        <Point>
          <coordinates>
            121.5081892,25.0315263,0
          </coordinates>
        </Point>
      </Placemark>
      <Placemark>
        <name>竹-59 仙草</name>
        <styleUrl>#icon-1899-0288D1-nodesc</styleUrl>
        <Point>
          <coordinates>
            121.508147,25.031509,0
          </coordinates>
        </Point>
      </Placemark>
      <Placemark>
        <name>竹-60 印度山芙蓉</name>
        <styleUrl>#icon-1899-0288D1-nodesc</styleUrl>
        <Point>
          <coordinates>
            121.5083203,25.0316066,0
          </coordinates>
        </Point>
      </Placemark>
      <Placemark>
        <name>竹-61 台灣油芒</name>
        <styleUrl>#icon-1899-0288D1-nodesc</styleUrl>
        <Point>
          <coordinates>
            121.5082485,25.0315453,0
          </coordinates>
        </Point>
      </Placemark>
      <Placemark>
        <name>竹-63 薏苡</name>
        <styleUrl>#icon-1899-0288D1-nodesc</styleUrl>
        <Point>
          <coordinates>
            121.5081931,25.0315796,0
          </coordinates>
        </Point>
      </Placemark>
      <Placemark>
        <name>竹-64 灰葉蕕</name>
        <styleUrl>#icon-1899-0288D1-nodesc</styleUrl>
        <Point>
          <coordinates>
            121.508123,25.031521,0
          </coordinates>
        </Point>
      </Placemark>
      <Placemark>
        <name>竹-66 包籜矢竹</name>
        <styleUrl>#icon-1899-0288D1-nodesc</styleUrl>
        <Point>
          <coordinates>
            121.5082845,25.0316138,0
          </coordinates>
        </Point>
      </Placemark>
      <Placemark>
        <name>竹-67 白花藿香薊</name>
        <styleUrl>#icon-1899-0288D1-nodesc</styleUrl>
        <Point>
          <coordinates>
            121.508235,25.031455,0
          </coordinates>
        </Point>
      </Placemark>
      <Placemark>
        <name>水-03 心葉齒果澤瀉</name>
        <styleUrl>#icon-1899-0288D1-nodesc</styleUrl>
        <Point>
          <coordinates>
            121.508342,25.031757,0
          </coordinates>
        </Point>
      </Placemark>
      <Placemark>
        <name>水-09 木賊</name>
        <styleUrl>#icon-1899-0288D1-nodesc</styleUrl>
        <Point>
          <coordinates>
            121.508265,25.031837,0
          </coordinates>
        </Point>
      </Placemark>
      <Placemark>
        <name>水-10 華九頭獅子草</name>
        <styleUrl>#icon-1899-0288D1-nodesc</styleUrl>
        <Point>
          <coordinates>
            121.50837,25.031719,0
          </coordinates>
        </Point>
      </Placemark>
      <Placemark>
        <name>水-11 醴腸</name>
        <styleUrl>#icon-1899-0288D1-nodesc</styleUrl>
        <Point>
          <coordinates>
            121.508407,25.031678,0
          </coordinates>
        </Point>
      </Placemark>
      <Placemark>
        <name>水-20 煉莢豆</name>
        <styleUrl>#icon-1899-0288D1-nodesc</styleUrl>
        <Point>
          <coordinates>
            121.50818,25.031901,0
          </coordinates>
        </Point>
      </Placemark>
      <Placemark>
        <name>水-22 七爪萼龍藤</name>
        <styleUrl>#icon-1899-0288D1-nodesc</styleUrl>
        <Point>
          <coordinates>
            121.508518,25.031685,0
          </coordinates>
        </Point>
      </Placemark>
      <Placemark>
        <name>水-24 蜘蛛百合</name>
        <styleUrl>#icon-1899-0288D1-nodesc</styleUrl>
        <Point>
          <coordinates>
            121.5084446,25.0316331,0
          </coordinates>
        </Point>
      </Placemark>
      <Placemark>
        <name>水-25 長苞香蒲</name>
        <styleUrl>#icon-1899-0288D1-nodesc</styleUrl>
        <Point>
          <coordinates>
            121.508305,25.031809,0
          </coordinates>
        </Point>
      </Placemark>
      <Placemark>
        <name>水-26 紅樓花</name>
        <styleUrl>#icon-1899-0288D1-nodesc</styleUrl>
        <Point>
          <coordinates>
            121.508445,25.031744,0
          </coordinates>
        </Point>
      </Placemark>
      <Placemark>
        <name>地-01 台灣山茶</name>
        <styleUrl>#icon-1899-0288D1-nodesc</styleUrl>
        <Point>
          <coordinates>
            121.5090426,25.0317556,0
          </coordinates>
        </Point>
      </Placemark>
      <Placemark>
        <name>地-08 茶匙癀</name>
        <styleUrl>#icon-1899-0288D1-nodesc</styleUrl>
        <Point>
          <coordinates>
            121.509084,25.031666,0
          </coordinates>
        </Point>
      </Placemark>
      <Placemark>
        <name>地-11 台灣黃鵪菜</name>
        <styleUrl>#icon-1899-0288D1-nodesc</styleUrl>
        <Point>
          <coordinates>
            121.5089913,25.0320907,0
          </coordinates>
        </Point>
      </Placemark>
      <Placemark>
        <name>地-14 小菫菜</name>
        <styleUrl>#icon-1899-0288D1-nodesc</styleUrl>
        <Point>
          <coordinates>
            121.5090551,25.0317342,0
          </coordinates>
        </Point>
      </Placemark>
      <Placemark>
        <name>地-22 墨染櫻</name>
        <styleUrl>#icon-1899-0288D1-nodesc</styleUrl>
        <Point>
          <coordinates>
            121.508996,25.03181,0
          </coordinates>
        </Point>
      </Placemark>
      <Placemark>
        <name>地-23 大武蜘蛛抱蛋</name>
        <styleUrl>#icon-1899-0288D1-nodesc</styleUrl>
        <Point>
          <coordinates>
            121.508853,25.031907,0
          </coordinates>
        </Point>
      </Placemark>
      <Placemark>
        <name>地-24 白珊瑚花</name>
        <styleUrl>#icon-1899-0288D1-nodesc</styleUrl>
        <Point>
          <coordinates>
            121.5090656,25.0320344,0
          </coordinates>
        </Point>
      </Placemark>
      <Placemark>
        <name>地-27 恆春半插花</name>
        <styleUrl>#icon-1899-0288D1-nodesc</styleUrl>
        <Point>
          <coordinates>
            121.508695,25.031925,0
          </coordinates>
        </Point>
      </Placemark>
      <Placemark>
        <name>地-31 苗栗崖爬藤</name>
        <styleUrl>#icon-1899-0288D1-nodesc</styleUrl>
        <Point>
          <coordinates>
            121.508888,25.031881,0
          </coordinates>
        </Point>
      </Placemark>
      <Placemark>
        <name>地-33 路易斯安那鳶尾</name>
        <styleUrl>#icon-1899-0288D1-nodesc</styleUrl>
        <Point>
          <coordinates>
            121.509183,25.031691,0
          </coordinates>
        </Point>
      </Placemark>
      <Placemark>
        <name>地-34 澎湖大豆</name>
        <styleUrl>#icon-1899-0288D1-nodesc</styleUrl>
        <Point>
          <coordinates>
            121.5089793,25.0320663,0
          </coordinates>
        </Point>
      </Placemark>
      <Placemark>
        <name>地-35 細葉紫珠</name>
        <styleUrl>#icon-1899-0288D1-nodesc</styleUrl>
        <Point>
          <coordinates>
            121.5089208,25.0319534,0
          </coordinates>
        </Point>
      </Placemark>
      <Placemark>
        <name>地-37 基隆野山藥</name>
        <styleUrl>#icon-1899-0288D1-nodesc</styleUrl>
        <Point>
          <coordinates>
            121.508872,25.031931,0
          </coordinates>
        </Point>
      </Placemark>
      <Placemark>
        <name>地-38 闊葉大豆</name>
        <styleUrl>#icon-1899-0288D1-nodesc</styleUrl>
        <Point>
          <coordinates>
            121.5089466,25.0320264,0
          </coordinates>
        </Point>
      </Placemark>
      <Placemark>
        <name>地-39 夏菫</name>
        <styleUrl>#icon-1899-0288D1-nodesc</styleUrl>
        <Point>
          <coordinates>
            121.509032,25.031815,0
          </coordinates>
        </Point>
      </Placemark>
      <Placemark>
        <name>地-40 文竹</name>
        <styleUrl>#icon-1899-0288D1-nodesc</styleUrl>
        <Point>
          <coordinates>
            121.50915,25.031647,0
          </coordinates>
        </Point>
      </Placemark>
      <Placemark>
        <name>地-41 鳳凰山茶</name>
        <styleUrl>#icon-1899-0288D1-nodesc</styleUrl>
        <Point>
          <coordinates>
            121.508793,25.031908,0
          </coordinates>
        </Point>
      </Placemark>
      <Placemark>
        <name>地-42 龍潭莕菜</name>
        <styleUrl>#icon-1899-0288D1-nodesc</styleUrl>
        <Point>
          <coordinates>
            121.508747,25.031932,0
          </coordinates>
        </Point>
      </Placemark>
      <Placemark>
        <name>地-43 烏來鳳尾蕨</name>
        <styleUrl>#icon-1899-0288D1-nodesc</styleUrl>
        <Point>
          <coordinates>
            121.508834,25.03187,0
          </coordinates>
        </Point>
      </Placemark>
      <Placemark>
        <name>地-44 苗栗白花龍</name>
        <styleUrl>#icon-1899-0288D1-nodesc</styleUrl>
        <Point>
          <coordinates>
            121.508751,25.031884,0
          </coordinates>
        </Point>
      </Placemark>
      <Placemark>
        <name>茜-07 清水氏雞屎樹</name>
        <styleUrl>#icon-1899-0288D1-nodesc</styleUrl>
        <Point>
          <coordinates>
            121.50947,25.031994,0
          </coordinates>
        </Point>
      </Placemark>
      <Placemark>
        <name>茜-26 黃仙丹花</name>
        <styleUrl>#icon-1899-0288D1-nodesc</styleUrl>
        <Point>
          <coordinates>
            121.509553,25.032115,0
          </coordinates>
        </Point>
      </Placemark>
      <Placemark>
        <name>茜-33 卡鄧伯木</name>
        <styleUrl>#icon-1899-0288D1-nodesc</styleUrl>
        <Point>
          <coordinates>
            121.509425,25.0321848,0
          </coordinates>
        </Point>
      </Placemark>
      <Placemark>
        <name>茜-38 毛菍</name>
        <styleUrl>#icon-1899-0288D1-nodesc</styleUrl>
        <Point>
          <coordinates>
            121.5094142,25.0316468,0
          </coordinates>
        </Point>
      </Placemark>
      <Placemark>
        <name>茜-39 血萼花</name>
        <styleUrl>#icon-1899-0288D1-nodesc</styleUrl>
        <Point>
          <coordinates>
            121.509515,25.03159,0
          </coordinates>
        </Point>
      </Placemark>
      <Placemark>
        <name>茜-41 鯽魚膽</name>
        <styleUrl>#icon-1899-0288D1-nodesc</styleUrl>
        <Point>
          <coordinates>
            121.509447,25.031634,0
          </coordinates>
        </Point>
      </Placemark>
      <Placemark>
        <name>茜-42 鵝鑾鼻蔓榕</name>
        <styleUrl>#icon-1899-0288D1-nodesc</styleUrl>
        <Point>
          <coordinates>
            121.509436,25.031676,0
          </coordinates>
        </Point>
      </Placemark>
      <Placemark>
        <name>茜-43 排錢樹</name>
        <styleUrl>#icon-1899-0288D1-nodesc</styleUrl>
        <Point>
          <coordinates>
            121.5094449,25.0316098,0
          </coordinates>
        </Point>
      </Placemark>
      <Placemark>
        <name>茜-44 屏東朝顏</name>
        <styleUrl>#icon-1899-0288D1-nodesc</styleUrl>
        <Point>
          <coordinates>
            121.509485,25.031719,0
          </coordinates>
        </Point>
      </Placemark>
      <Placemark>
        <name>茜-45 細葉黃楊</name>
        <styleUrl>#icon-1899-0288D1-nodesc</styleUrl>
        <Point>
          <coordinates>
            121.509362,25.031597,0
          </coordinates>
        </Point>
      </Placemark>
      <Placemark>
        <name>茜-46 六角英</name>
        <styleUrl>#icon-1899-0288D1-nodesc</styleUrl>
        <Point>
          <coordinates>
            121.5094237,25.0316068,0
          </coordinates>
        </Point>
      </Placemark>
      <Placemark>
        <name>茜-47 赤苞花</name>
        <styleUrl>#icon-1899-0288D1-nodesc</styleUrl>
        <Point>
          <coordinates>
            121.509547,25.031914,0
          </coordinates>
        </Point>
      </Placemark>
      <Placemark>
        <name>地-09 長柄竹蕉</name>
        <styleUrl>#icon-1899-0288D1-nodesc</styleUrl>
        <Point>
          <coordinates>
            121.5112459,25.0324212,0
          </coordinates>
        </Point>
      </Placemark>
      <Placemark>
        <name>地-03 恆春山茶</name>
        <styleUrl>#icon-1899-0288D1-nodesc</styleUrl>
        <Point>
          <coordinates>
            121.5090387,25.0317724,0
          </coordinates>
        </Point>
      </Placemark>
      <Placemark>
        <name>地-03 #2 恆春山茶</name>
        <styleUrl>#icon-1899-0288D1-nodesc</styleUrl>
        <Point>
          <coordinates>
            121.509191,25.032978,0
          </coordinates>
        </Point>
      </Placemark>
      <Placemark>
        <name>地-07 苗栗白花龍</name>
        <styleUrl>#icon-1899-0288D1-nodesc</styleUrl>
        <Point>
          <coordinates>
            121.508765,25.031893,0
          </coordinates>
        </Point>
      </Placemark>
      <Placemark>
        <name>舟-08 都蘭山金石榴</name>
        <styleUrl>#icon-1899-0288D1-nodesc</styleUrl>
        <Point>
          <coordinates>
            121.508954,25.031363,0
          </coordinates>
        </Point>
      </Placemark>
      <Placemark>
        <name>原-03 大苞偏穗花</name>
        <styleUrl>#icon-1899-0288D1-nodesc</styleUrl>
        <Point>
          <coordinates>
            121.508807,25.031326,0
          </coordinates>
        </Point>
      </Placemark>
      <Placemark>
        <name>民-11 鵲豆</name>
        <styleUrl>#icon-1899-0288D1-nodesc</styleUrl>
        <Point>
          <coordinates>
            121.508614,25.031345,0
          </coordinates>
        </Point>
      </Placemark>
      <Placemark>
        <name>水-02 大安水蓑衣</name>
        <styleUrl>#icon-1899-0288D1-nodesc</styleUrl>
        <Point>
          <coordinates>
            121.5085882,25.0315013,0
          </coordinates>
        </Point>
      </Placemark>
      <Placemark>
        <name>民-09 蓪草</name>
        <styleUrl>#icon-1899-0288D1-nodesc</styleUrl>
        <Point>
          <coordinates>
            121.5084082,25.031399,0
          </coordinates>
        </Point>
      </Placemark>
      <Placemark>
        <name>民-09 #2 蓪草</name>
        <styleUrl>#icon-1899-0288D1-nodesc</styleUrl>
        <Point>
          <coordinates>
            121.509258,25.032877,0
          </coordinates>
        </Point>
      </Placemark>
      <Placemark>
        <name>茜-02 圓葉雞屎樹</name>
        <styleUrl>#icon-1899-0288D1-nodesc</styleUrl>
        <Point>
          <coordinates>
            121.509494,25.03202,0
          </coordinates>
        </Point>
      </Placemark>
      <Placemark>
        <name>肉-12 錦鹿丹</name>
        <styleUrl>#icon-1899-0288D1-nodesc</styleUrl>
        <Point>
          <coordinates>
            121.509572,25.032052,0
          </coordinates>
        </Point>
      </Placemark>
      <Placemark>
        <name>竹-04 田代氏鼠尾草</name>
        <styleUrl>#icon-1899-0288D1-nodesc</styleUrl>
        <Point>
          <coordinates>
            121.509352,25.031609,0
          </coordinates>
        </Point>
      </Placemark>
      <Placemark>
        <name>肖-04 毛葉蝴蝶草</name>
        <styleUrl>#icon-1899-0288D1-nodesc</styleUrl>
        <Point>
          <coordinates>
            121.509054,25.031676,0
          </coordinates>
        </Point>
      </Placemark>
      <Placemark>
        <name>肖-04 #2 毛葉蝴蝶草</name>
        <styleUrl>#icon-1899-0288D1-nodesc</styleUrl>
        <Point>
          <coordinates>
            121.5089725,25.0320626,0
          </coordinates>
        </Point>
      </Placemark>
      <Placemark>
        <name>地-10 黃扇鳶尾</name>
        <styleUrl>#icon-1899-0288D1-nodesc</styleUrl>
        <Point>
          <coordinates>
            121.508993,25.0317,0
          </coordinates>
        </Point>
      </Placemark>
      <Placemark>
        <name>舟後-15 阿薩姆茶</name>
        <styleUrl>#icon-1899-0288D1-nodesc</styleUrl>
        <Point>
          <coordinates>
            121.50905,25.031748,0
          </coordinates>
        </Point>
      </Placemark>
      <Placemark>
        <name>地-06 細葉紫珠</name>
        <styleUrl>#icon-1899-0288D1-nodesc</styleUrl>
        <Point>
          <coordinates>
            121.508905,25.03193,0
          </coordinates>
        </Point>
      </Placemark>
      <Placemark>
        <name>竹-05 芫花</name>
        <styleUrl>#icon-1899-0288D1-nodesc</styleUrl>
        <Point>
          <coordinates>
            121.508199,25.03153,0
          </coordinates>
        </Point>
      </Placemark>
      <Placemark>
        <name>竹-02 庭梅</name>
        <styleUrl>#icon-1899-0288D1-nodesc</styleUrl>
        <Point>
          <coordinates>
            121.509722,25.032858,0
          </coordinates>
        </Point>
      </Placemark>
      <Placemark>
        <name>竹-02 #2 庭梅</name>
        <styleUrl>#icon-1899-0288D1-nodesc</styleUrl>
        <Point>
          <coordinates>
            121.508096,25.031547,0
          </coordinates>
        </Point>
      </Placemark>
      <Placemark>
        <name>民-05 天仙果</name>
        <styleUrl>#icon-1899-0288D1-nodesc</styleUrl>
        <Point>
          <coordinates>
            121.5084682,25.0311448,0
          </coordinates>
        </Point>
      </Placemark>
      <Placemark>
        <name>荷-04 #2 向天盞</name>
        <styleUrl>#icon-1899-0288D1-nodesc</styleUrl>
        <Point>
          <coordinates>
            121.508403,25.031699,0
          </coordinates>
        </Point>
      </Placemark>
      <Placemark>
        <name>竹-03 牧野氏山芙蓉</name>
        <styleUrl>#icon-1899-0288D1-nodesc</styleUrl>
        <Point>
          <coordinates>
            121.508345,25.031561,0
          </coordinates>
        </Point>
      </Placemark>
      <Placemark>
        <name>舟後-10 海桐</name>
        <styleUrl>#icon-1899-0288D1-nodesc</styleUrl>
        <Point>
          <coordinates>
            121.509076,25.031253,0
          </coordinates>
        </Point>
      </Placemark>
      <Placemark>
        <name>茜-04 蔓性野牡丹</name>
        <styleUrl>#icon-1899-0288D1-nodesc</styleUrl>
        <Point>
          <coordinates>
            121.509436,25.031567,0
          </coordinates>
        </Point>
      </Placemark>
      <Placemark>
        <name>地-05 紫夢幻蕉</name>
        <styleUrl>#icon-1899-0288D1-nodesc</styleUrl>
        <Point>
          <coordinates>
            121.508977,25.031743,0
          </coordinates>
        </Point>
      </Placemark>
      <Placemark>
        <name>竹-01 印度黃芩</name>
        <styleUrl>#icon-1899-0288D1-nodesc</styleUrl>
        <Point>
          <coordinates>
            121.5089676,25.0320779,0
          </coordinates>
        </Point>
      </Placemark>
      <Placemark>
        <name>竹-01 #2 印度黃芩</name>
        <styleUrl>#icon-1899-0288D1-nodesc</styleUrl>
        <Point>
          <coordinates>
            121.508082,25.031519,0
          </coordinates>
        </Point>
      </Placemark>
      <Placemark>
        <name>原-02 台灣瑞木</name>
        <styleUrl>#icon-1899-0288D1-nodesc</styleUrl>
        <Point>
          <coordinates>
            121.508931,25.031292,0
          </coordinates>
        </Point>
      </Placemark>
      <Placemark>
        <name>原-04 寬葉金粟蘭</name>
        <styleUrl>#icon-1899-0288D1-nodesc</styleUrl>
        <Point>
          <coordinates>
            121.508818,25.031315,0
          </coordinates>
        </Point>
      </Placemark>
      <Placemark>
        <name>蕨-01 台灣野牡丹藤</name>
        <styleUrl>#icon-1899-0288D1-nodesc</styleUrl>
        <Point>
          <coordinates>
            121.508869,25.031375,0
          </coordinates>
        </Point>
      </Placemark>
      <Placemark>
        <name>民-07 樹豆</name>
        <styleUrl>#icon-1899-0288D1-nodesc</styleUrl>
        <Point>
          <coordinates>
            121.5086484,25.0313621,0
          </coordinates>
        </Point>
      </Placemark>
      <Placemark>
        <name>民-06 山枇杷</name>
        <styleUrl>#icon-1899-0288D1-nodesc</styleUrl>
        <Point>
          <coordinates>
            121.508556,25.031432,0
          </coordinates>
        </Point>
      </Placemark>
      <Placemark>
        <name>水-04 烏皮九芎</name>
        <styleUrl>#icon-1899-0288D1-nodesc</styleUrl>
        <Point>
          <coordinates>
            121.508097,25.031946,0
          </coordinates>
        </Point>
      </Placemark>
      <Placemark>
        <name>水-01 台灣萍蓬草</name>
        <styleUrl>#icon-1899-0288D1-nodesc</styleUrl>
        <Point>
          <coordinates>
            121.50825,25.031887,0
          </coordinates>
        </Point>
      </Placemark>
      <Placemark>
        <name>舟左-02 #2 凹葉柃木</name>
        <styleUrl>#icon-1899-0288D1-nodesc</styleUrl>
        <Point>
          <coordinates>
            121.509503,25.031439,0
          </coordinates>
        </Point>
      </Placemark>
      <Placemark>
        <name>舟左-02 #3 凹葉柃木</name>
        <styleUrl>#icon-1899-0288D1-nodesc</styleUrl>
        <Point>
          <coordinates>
            121.509371,25.032749,0
          </coordinates>
        </Point>
      </Placemark>
      <Placemark>
        <name>名-04 #2 大葉桂</name>
        <styleUrl>#icon-1899-0288D1-nodesc</styleUrl>
        <Point>
          <coordinates>
            121.509447,25.031972,0
          </coordinates>
        </Point>
      </Placemark>
      <Placemark>
        <name>茜-03 琉球黃楊</name>
        <styleUrl>#icon-1899-0288D1-nodesc</styleUrl>
        <Point>
          <coordinates>
            121.509398,25.031582,0
          </coordinates>
        </Point>
      </Placemark>
      <Placemark>
        <name>茜-03 #2 琉球黃楊</name>
        <styleUrl>#icon-1899-0288D1-nodesc</styleUrl>
        <Point>
          <coordinates>
            121.50895,25.031368,0
          </coordinates>
        </Point>
      </Placemark>
      <Placemark>
        <name>原-05 施丁草</name>
        <styleUrl>#icon-1899-0288D1-nodesc</styleUrl>
        <Point>
          <coordinates>
            121.508857,25.031275,0
          </coordinates>
        </Point>
      </Placemark>
      <Placemark>
        <name>原-06 花葉蘭嶼海桐</name>
        <styleUrl>#icon-1899-0288D1-nodesc</styleUrl>
        <Point>
          <coordinates>
            121.508801,25.031344,0
          </coordinates>
        </Point>
      </Placemark>
      <Placemark>
        <name>民-10 虎婆刺</name>
        <styleUrl>#icon-1899-0288D1-nodesc</styleUrl>
        <Point>
          <coordinates>
            121.508702,25.031322,0
          </coordinates>
        </Point>
      </Placemark>
      <Placemark>
        <name>民-10 #3 虎婆刺</name>
        <styleUrl>#icon-1899-0288D1-nodesc</styleUrl>
        <Point>
          <coordinates>
            121.509656,25.032705,0
          </coordinates>
        </Point>
      </Placemark>
      <Placemark>
        <name>原-01 台灣刺蕊草</name>
        <styleUrl>#icon-1899-0288D1-nodesc</styleUrl>
        <Point>
          <coordinates>
            121.5089431,25.0313232,0
          </coordinates>
        </Point>
      </Placemark>
      <Placemark>
        <name>棕-01 水茄</name>
        <styleUrl>#icon-1899-0288D1-nodesc</styleUrl>
        <Point>
          <coordinates>
            121.509246,25.030676,0
          </coordinates>
        </Point>
      </Placemark>
      <Placemark>
        <name>地-04 紅花蘆莉</name>
        <styleUrl>#icon-1899-0288D1-nodesc</styleUrl>
        <Point>
          <coordinates>
            121.509098,25.031672,0
          </coordinates>
        </Point>
      </Placemark>
      <Placemark>
        <name>薑-01 火焰木</name>
        <styleUrl>#icon-1899-0288D1-nodesc</styleUrl>
        <Point>
          <coordinates>
            121.509138,25.0317,0
          </coordinates>
        </Point>
      </Placemark>
      <Placemark>
        <name>茜-01 九節木</name>
        <styleUrl>#icon-1899-0288D1-nodesc</styleUrl>
        <Point>
          <coordinates>
            121.509647,25.031498,0
          </coordinates>
        </Point>
      </Placemark>
      <Placemark>
        <name>茜-01 #2 九節木</name>
        <styleUrl>#icon-1899-0288D1-nodesc</styleUrl>
        <Point>
          <coordinates>
            121.508996,25.031621,0
          </coordinates>
        </Point>
      </Placemark>
      <Placemark>
        <name>地-15 櫻花</name>
        <styleUrl>#icon-1899-0288D1-nodesc</styleUrl>
        <Point>
          <coordinates>
            121.508978,25.032094,0
          </coordinates>
        </Point>
      </Placemark>
      <Placemark>
        <name>舟左-05 日本山茶</name>
        <styleUrl>#icon-1899-0288D1-nodesc</styleUrl>
        <Point>
          <coordinates>
            121.5090353,25.0317914,0
          </coordinates>
        </Point>
      </Placemark>
      <Placemark>
        <name>茜-08 野牡丹</name>
        <styleUrl>#icon-1899-0288D1-nodesc</styleUrl>
        <Point>
          <coordinates>
            121.509422,25.031579,0
          </coordinates>
        </Point>
      </Placemark>
      <Placemark>
        <name>天-02 亞馬遜百合</name>
        <styleUrl>#icon-1899-0288D1-nodesc</styleUrl>
        <Point>
          <coordinates>
            121.50947,25.031388,0
          </coordinates>
        </Point>
      </Placemark>
      <Placemark>
        <name>棕-02 冬紅花</name>
        <styleUrl>#icon-1899-0288D1-nodesc</styleUrl>
        <Point>
          <coordinates>
            121.509258,25.031077,0
          </coordinates>
        </Point>
      </Placemark>
      <Placemark>
        <name>竹-08 佛萊明豆</name>
        <styleUrl>#icon-1899-0288D1-nodesc</styleUrl>
        <Point>
          <coordinates>
            121.508185,25.031581,0
          </coordinates>
        </Point>
      </Placemark>
      <Placemark>
        <name>竹-08 #2 佛萊明豆</name>
        <styleUrl>#icon-1899-0288D1-nodesc</styleUrl>
        <Point>
          <coordinates>
            121.510414,25.032223,0
          </coordinates>
        </Point>
      </Placemark>
      <Placemark>
        <name>水-07 輪傘莎草</name>
        <styleUrl>#icon-1899-0288D1-nodesc</styleUrl>
        <Point>
          <coordinates>
            121.508144,25.0320506,0
          </coordinates>
        </Point>
      </Placemark>
      <Placemark>
        <name>茜-06 雀舌黃楊</name>
        <styleUrl>#icon-1899-0288D1-nodesc</styleUrl>
        <Point>
          <coordinates>
            121.508943,25.032202,0
          </coordinates>
        </Point>
      </Placemark>
      <Placemark>
        <name>茜-06 #2 雀舌黃楊</name>
        <styleUrl>#icon-1899-0288D1-nodesc</styleUrl>
        <Point>
          <coordinates>
            121.509336,25.031584,0
          </coordinates>
        </Point>
      </Placemark>
      <Placemark>
        <name>地-19 蔓苦蕒</name>
        <styleUrl>#icon-1899-0288D1-nodesc</styleUrl>
        <Point>
          <coordinates>
            121.508976,25.032093,0
          </coordinates>
        </Point>
      </Placemark>
      <Placemark>
        <name>薑-04 茶匙癀</name>
        <styleUrl>#icon-1899-0288D1-nodesc</styleUrl>
        <Point>
          <coordinates>
            121.50907,25.031687,0
          </coordinates>
        </Point>
      </Placemark>
      <Placemark>
        <name>原-07 苦檻藍</name>
        <styleUrl>#icon-1899-0288D1-nodesc</styleUrl>
        <Point>
          <coordinates>
            121.508837,25.031306,0
          </coordinates>
        </Point>
      </Placemark>
      <Placemark>
        <name>荷-24 枯里珍</name>
        <styleUrl>#icon-1899-0288D1-nodesc</styleUrl>
        <Point>
          <coordinates>
            121.508843,25.031277,0
          </coordinates>
        </Point>
      </Placemark>
      <Placemark>
        <name>佛-13 #2 呂宋莢迷</name>
        <styleUrl>#icon-1899-0288D1-nodesc</styleUrl>
        <Point>
          <coordinates>
            121.509292,25.032149,0
          </coordinates>
        </Point>
      </Placemark>
      <Placemark>
        <name>蕨-08 羊蹄甲</name>
        <styleUrl>#icon-1899-0288D1-nodesc</styleUrl>
        <Point>
          <coordinates>
            121.509683,25.032232,0
          </coordinates>
        </Point>
      </Placemark>
      <Placemark>
        <name>原-12 細葉蚊母樹</name>
        <styleUrl>#icon-1899-0288D1-nodesc</styleUrl>
        <Point>
          <coordinates>
            121.508881,25.0314,0
          </coordinates>
        </Point>
      </Placemark>
      <Placemark>
        <name>民-14 石菖蒲</name>
        <styleUrl>#icon-1899-0288D1-nodesc</styleUrl>
        <Point>
          <coordinates>
            121.5086588,25.0312558,0
          </coordinates>
        </Point>
      </Placemark>
      <Placemark>
        <name>原-09 日本鳶尾</name>
        <styleUrl>#icon-1899-0288D1-nodesc</styleUrl>
        <Point>
          <coordinates>
            121.508833,25.031343,0
          </coordinates>
        </Point>
      </Placemark>
      <Placemark>
        <name>竹-10 台灣馬兜鈴</name>
        <styleUrl>#icon-1899-0288D1-nodesc</styleUrl>
        <Point>
          <coordinates>
            121.5081136,25.0319106,0
          </coordinates>
        </Point>
      </Placemark>
      <Placemark>
        <name>竹-10 #2 台灣馬兜鈴</name>
        <styleUrl>#icon-1899-0288D1-nodesc</styleUrl>
        <Point>
          <coordinates>
            121.50882,25.031291,0
          </coordinates>
        </Point>
      </Placemark>
      <Placemark>
        <name>原-11 桔梗蘭</name>
        <styleUrl>#icon-1899-0288D1-nodesc</styleUrl>
        <Point>
          <coordinates>
            121.50942,25.032836,0
          </coordinates>
        </Point>
      </Placemark>
      <Placemark>
        <name>地-18 煙火樹</name>
        <styleUrl>#icon-1899-0288D1-nodesc</styleUrl>
        <Point>
          <coordinates>
            121.508975,25.031645,0
          </coordinates>
        </Point>
      </Placemark>
      <Placemark>
        <name>地-17 澎湖金午時花</name>
        <styleUrl>#icon-1899-0288D1-nodesc</styleUrl>
        <Point>
          <coordinates>
            121.508717,25.03188,0
          </coordinates>
        </Point>
      </Placemark>
      <Placemark>
        <name>地-13 和平菱果薹</name>
        <styleUrl>#icon-1899-0288D1-nodesc</styleUrl>
        <Point>
          <coordinates>
            121.508852,25.031907,0
          </coordinates>
        </Point>
      </Placemark>
      <Placemark>
        <name>水-05 大花皇冠草</name>
        <styleUrl>#icon-1899-0288D1-nodesc</styleUrl>
        <Point>
          <coordinates>
            121.508428,25.03169,0
          </coordinates>
        </Point>
      </Placemark>
      <Placemark>
        <name>竹-29 魚腥草（蕺菜）</name>
        <styleUrl>#icon-1899-0288D1-nodesc</styleUrl>
        <Point>
          <coordinates>
            121.508113,25.03145,0
          </coordinates>
        </Point>
      </Placemark>
      <Placemark>
        <name>肖-22 #2 狗骨仔</name>
        <styleUrl>#icon-1899-0288D1-nodesc</styleUrl>
        <Point>
          <coordinates>
            121.508209,25.031634,0
          </coordinates>
        </Point>
      </Placemark>
      <Placemark>
        <name>澳-12 蘭嶼野茉莉</name>
        <styleUrl>#icon-1899-0288D1-nodesc</styleUrl>
        <Point>
          <coordinates>
            121.50932,25.031657,0
          </coordinates>
        </Point>
      </Placemark>
      <Placemark>
        <name>民-04 大頭茶</name>
        <styleUrl>#icon-1899-0288D1-nodesc</styleUrl>
        <Point>
          <coordinates>
            121.508559,25.031255,0
          </coordinates>
        </Point>
      </Placemark>
      <Placemark>
        <name>原-19 翻白草</name>
        <styleUrl>#icon-1899-0288D1-nodesc</styleUrl>
        <Point>
          <coordinates>
            121.508886,25.031272,0
          </coordinates>
        </Point>
      </Placemark>
      <Placemark>
        <name>原-19 #2 翻白草</name>
        <styleUrl>#icon-1899-0288D1-nodesc</styleUrl>
        <Point>
          <coordinates>
            121.510465,25.032117,0
          </coordinates>
        </Point>
      </Placemark>
      <Placemark>
        <name>舟後-27 鵝兒腸</name>
        <styleUrl>#icon-1899-0288D1-nodesc</styleUrl>
        <Point>
          <coordinates>
            121.5081597,25.0315035,0
          </coordinates>
        </Point>
      </Placemark>
      <Placemark>
        <name>竹-23 紅梅消</name>
        <styleUrl>#icon-1899-0288D1-nodesc</styleUrl>
        <Point>
          <coordinates>
            121.5082092,25.031478,0
          </coordinates>
        </Point>
      </Placemark>
      <Placemark>
        <name>原-08 多序宿柱薹</name>
        <styleUrl>#icon-1899-0288D1-nodesc</styleUrl>
        <Point>
          <coordinates>
            121.508834,25.031284,0
          </coordinates>
        </Point>
      </Placemark>
      <Placemark>
        <name>舟-41 茄苳</name>
        <styleUrl>#icon-1899-0288D1-nodesc</styleUrl>
        <Point>
          <coordinates>
            121.508772,25.031303,0
          </coordinates>
        </Point>
      </Placemark>
      <Placemark>
        <name>竹-16 台灣蒲公英</name>
        <styleUrl>#icon-1899-0288D1-nodesc</styleUrl>
        <Point>
          <coordinates>
            121.508089,25.03148,0
          </coordinates>
        </Point>
      </Placemark>
      <Placemark>
        <name>荷-30 #2 青龍鳶尾</name>
        <styleUrl>#icon-1899-0288D1-nodesc</styleUrl>
        <Point>
          <coordinates>
            121.509032,25.031585,0
          </coordinates>
        </Point>
      </Placemark>
      <Placemark>
        <name>茜-18 麝香木</name>
        <styleUrl>#icon-1899-0288D1-nodesc</styleUrl>
        <Point>
          <coordinates>
            121.510446,25.03176,0
          </coordinates>
        </Point>
      </Placemark>
      <Placemark>
        <name>茜-13 玉葉金花</name>
        <styleUrl>#icon-1899-0288D1-nodesc</styleUrl>
        <Point>
          <coordinates>
            121.509515,25.031637,0
          </coordinates>
        </Point>
      </Placemark>
      <Placemark>
        <name>薑-11 檸檬薑</name>
        <styleUrl>#icon-1899-0288D1-nodesc</styleUrl>
        <Point>
          <coordinates>
            121.5091664,25.0313355,0
          </coordinates>
        </Point>
      </Placemark>
      <Placemark>
        <name>棕-03 大葉釣樟</name>
        <styleUrl>#icon-1899-0288D1-nodesc</styleUrl>
        <Point>
          <coordinates>
            121.509242,25.030998,0
          </coordinates>
        </Point>
      </Placemark>
      <Placemark>
        <name>薑-18 雪佛里椰子</name>
        <styleUrl>#icon-1899-0288D1-nodesc</styleUrl>
        <Point>
          <coordinates>
            121.5091388,25.0312979,0
          </coordinates>
        </Point>
      </Placemark>
      <Placemark>
        <name>肖-17 #2 南國小薊</name>
        <styleUrl>#icon-1899-0288D1-nodesc</styleUrl>
        <Point>
          <coordinates>
            121.508122,25.031505,0
          </coordinates>
        </Point>
      </Placemark>
      <Placemark>
        <name>竹-25 蓬萊珍珠菜</name>
        <styleUrl>#icon-1899-0288D1-nodesc</styleUrl>
        <Point>
          <coordinates>
            121.508126,25.0315333,0
          </coordinates>
        </Point>
      </Placemark>
      <Placemark>
        <name>水-06 披針葉慈姑</name>
        <styleUrl>#icon-1899-0288D1-nodesc</styleUrl>
        <Point>
          <coordinates>
            121.508437,25.031656,0
          </coordinates>
        </Point>
      </Placemark>
      <Placemark>
        <name>水-08 刺芋</name>
        <styleUrl>#icon-1899-0288D1-nodesc</styleUrl>
        <Point>
          <coordinates>
            121.508532,25.031551,0
          </coordinates>
        </Point>
      </Placemark>
      <Placemark>
        <name>水-08 #2 刺芋</name>
        <styleUrl>#icon-1899-0288D1-nodesc</styleUrl>
        <Point>
          <coordinates>
            121.5082519,25.0318662,0
          </coordinates>
        </Point>
      </Placemark>
      <Placemark>
        <name>茜-17 阿里山女貞</name>
        <styleUrl>#icon-1899-0288D1-nodesc</styleUrl>
        <Point>
          <coordinates>
            121.509321,25.03162,0
          </coordinates>
        </Point>
      </Placemark>
      <Placemark>
        <name>佛-16 台灣附地草</name>
        <styleUrl>#icon-1899-0288D1-nodesc</styleUrl>
        <Point>
          <coordinates>
            121.508879,25.031909,0
          </coordinates>
        </Point>
      </Placemark>
      <Placemark>
        <name>地-20 台灣風蘭</name>
        <styleUrl>#icon-1899-0288D1-nodesc</styleUrl>
        <Point>
          <coordinates>
            121.508694,25.031866,0
          </coordinates>
        </Point>
      </Placemark>
      <Placemark>
        <name>茜-14 珊瑚塔</name>
        <styleUrl>#icon-1899-0288D1-nodesc</styleUrl>
        <Point>
          <coordinates>
            121.509619,25.032182,0
          </coordinates>
        </Point>
      </Placemark>
      <Placemark>
        <name>民-13 山胡椒</name>
        <styleUrl>#icon-1899-0288D1-nodesc</styleUrl>
        <Point>
          <coordinates>
            121.508432,25.031347,0
          </coordinates>
        </Point>
      </Placemark>
      <Placemark>
        <name>地-16 沃格爾鄧伯花</name>
        <styleUrl>#icon-1899-0288D1-nodesc</styleUrl>
        <Point>
          <coordinates>
            121.5090326,25.0319773,0
          </coordinates>
        </Point>
      </Placemark>
      <Placemark>
        <name>地-16 #2 沃格爾鄧伯花</name>
        <styleUrl>#icon-1899-0288D1-nodesc</styleUrl>
        <Point>
          <coordinates>
            121.5100215,25.033172,0
          </coordinates>
        </Point>
      </Placemark>
      <Placemark>
        <name>民-16 台灣櫸</name>
        <styleUrl>#icon-1899-0288D1-nodesc</styleUrl>
        <Point>
          <coordinates>
            121.508531,25.031347,0
          </coordinates>
        </Point>
      </Placemark>
      <Placemark>
        <name>民-12 台灣二葉松</name>
        <styleUrl>#icon-1899-0288D1-nodesc</styleUrl>
        <Point>
          <coordinates>
            121.508478,25.031403,0
          </coordinates>
        </Point>
      </Placemark>
      <Placemark>
        <name>澳-17 水芹菜</name>
        <styleUrl>#icon-1899-0288D1-nodesc</styleUrl>
        <Point>
          <coordinates>
            121.508191,25.031425,0
          </coordinates>
        </Point>
      </Placemark>
      <Placemark>
        <name>竹-24 綬草</name>
        <styleUrl>#icon-1899-0288D1-nodesc</styleUrl>
        <Point>
          <coordinates>
            121.50885,25.03237,0
          </coordinates>
        </Point>
      </Placemark>
      <Placemark>
        <name>竹-24 #2 綬草</name>
        <styleUrl>#icon-1899-0288D1-nodesc</styleUrl>
        <Point>
          <coordinates>
            121.511168,25.032576,0
          </coordinates>
        </Point>
      </Placemark>
      <Placemark>
        <name>茜-09 台灣大戟</name>
        <styleUrl>#icon-1899-0288D1-nodesc</styleUrl>
        <Point>
          <coordinates>
            121.509416,25.031552,0
          </coordinates>
        </Point>
      </Placemark>
      <Placemark>
        <name>茜-09 #2 台灣大戟</name>
        <styleUrl>#icon-1899-0288D1-nodesc</styleUrl>
        <Point>
          <coordinates>
            121.508126,25.031488,0
          </coordinates>
        </Point>
      </Placemark>
      <Placemark>
        <name>荷-40 #3 白樹仔</name>
        <styleUrl>#icon-1899-0288D1-nodesc</styleUrl>
        <Point>
          <coordinates>
            121.50869,25.031291,0
          </coordinates>
        </Point>
      </Placemark>
      <Placemark>
        <name>茜-16 紅珊瑚花</name>
        <styleUrl>#icon-1899-0288D1-nodesc</styleUrl>
        <Point>
          <coordinates>
            121.5095363,25.0319044,0
          </coordinates>
        </Point>
      </Placemark>
      <Placemark>
        <name>茜-12 水錦樹</name>
        <styleUrl>#icon-1899-0288D1-nodesc</styleUrl>
        <Point>
          <coordinates>
            121.509532,25.031737,0
          </coordinates>
        </Point>
      </Placemark>
      <Placemark>
        <name>竹-26 香茶菜</name>
        <styleUrl>#icon-1899-0288D1-nodesc</styleUrl>
        <Point>
          <coordinates>
            121.508118,25.03144,0
          </coordinates>
        </Point>
      </Placemark>
      <Placemark>
        <name>原-15 小石積</name>
        <styleUrl>#icon-1899-0288D1-nodesc</styleUrl>
        <Point>
          <coordinates>
            121.508812,25.031367,0
          </coordinates>
        </Point>
      </Placemark>
      <Placemark>
        <name>舟-44 鶴頂蘭</name>
        <styleUrl>#icon-1899-0288D1-nodesc</styleUrl>
        <Point>
          <coordinates>
            121.508874,25.031263,0
          </coordinates>
        </Point>
      </Placemark>
      <Placemark>
        <name>原-14 南丹參</name>
        <styleUrl>#icon-1899-0288D1-nodesc</styleUrl>
        <Point>
          <coordinates>
            121.508932,25.031288,0
          </coordinates>
        </Point>
      </Placemark>
      <Placemark>
        <name>茜-19 麥氏野扁豆</name>
        <styleUrl>#icon-1899-0288D1-nodesc</styleUrl>
        <Point>
          <coordinates>
            121.5094721,25.0316441,0
          </coordinates>
        </Point>
      </Placemark>
      <Placemark>
        <name>薑-09 屈尺月桃</name>
        <styleUrl>#icon-1899-0288D1-nodesc</styleUrl>
        <Point>
          <coordinates>
            121.509357,25.031509,0
          </coordinates>
        </Point>
      </Placemark>
      <Placemark>
        <name>地-25 紅花檵木</name>
        <styleUrl>#icon-1899-0288D1-nodesc</styleUrl>
        <Point>
          <coordinates>
            121.510536,25.032287,0
          </coordinates>
        </Point>
      </Placemark>
      <Placemark>
        <name>薑-15 綠山閉鞘薑</name>
        <styleUrl>#icon-1899-0288D1-nodesc</styleUrl>
        <Point>
          <coordinates>
            121.5092582,25.0315124,0
          </coordinates>
        </Point>
      </Placemark>
      <Placemark>
        <name>薑-12 烏來月桃</name>
        <styleUrl>#icon-1899-0288D1-nodesc</styleUrl>
        <Point>
          <coordinates>
            121.509032,25.031415,0
          </coordinates>
        </Point>
      </Placemark>
      <Placemark>
        <name>荷-38 #2 水豬母乳</name>
        <styleUrl>#icon-1899-0288D1-nodesc</styleUrl>
        <Point>
          <coordinates>
            121.50814,25.0315421,0
          </coordinates>
        </Point>
      </Placemark>
      <Placemark>
        <name>茜-05 變葉木</name>
        <styleUrl>#icon-1899-0288D1-nodesc</styleUrl>
        <Point>
          <coordinates>
            121.509494,25.031811,0
          </coordinates>
        </Point>
      </Placemark>
      <Placemark>
        <name>茜-15 瑪瑙珠</name>
        <styleUrl>#icon-1899-0288D1-nodesc</styleUrl>
        <Point>
          <coordinates>
            121.509442,25.031942,0
          </coordinates>
        </Point>
      </Placemark>
      <Placemark>
        <name>竹-13 竹仔菜</name>
        <styleUrl>#icon-1899-0288D1-nodesc</styleUrl>
        <Point>
          <coordinates>
            121.508165,25.031386,0
          </coordinates>
        </Point>
      </Placemark>
      <Placemark>
        <name>茜-11 大葉玉葉金花</name>
        <styleUrl>#icon-1899-0288D1-nodesc</styleUrl>
        <Point>
          <coordinates>
            121.5095,25.0316177,0
          </coordinates>
        </Point>
      </Placemark>
      <Placemark>
        <name>竹-20 布列氏黃芩</name>
        <styleUrl>#icon-1899-0288D1-nodesc</styleUrl>
        <Point>
          <coordinates>
            121.508137,25.031455,0
          </coordinates>
        </Point>
      </Placemark>
      <Placemark>
        <name>薑-08 宜蘭月桃</name>
        <styleUrl>#icon-1899-0288D1-nodesc</styleUrl>
        <Point>
          <coordinates>
            121.509102,25.031367,0
          </coordinates>
        </Point>
      </Placemark>
      <Placemark>
        <name>地-26 香鈴梔</name>
        <styleUrl>#icon-1899-0288D1-nodesc</styleUrl>
        <Point>
          <coordinates>
            121.509098,25.031849,0
          </coordinates>
        </Point>
      </Placemark>
      <Placemark>
        <name>竹-39 線葉佛萊明豆</name>
        <styleUrl>#icon-1899-0288D1-nodesc</styleUrl>
        <Point>
          <coordinates>
            121.50823,25.03154,0
          </coordinates>
        </Point>
      </Placemark>
      <Placemark>
        <name>茜-22 澎湖決明</name>
        <styleUrl>#icon-1899-0288D1-nodesc</styleUrl>
        <Point>
          <coordinates>
            121.509408,25.031584,0
          </coordinates>
        </Point>
      </Placemark>
      <Placemark>
        <name>薑-13 粉紅閉鞘薑</name>
        <styleUrl>#icon-1899-0288D1-nodesc</styleUrl>
        <Point>
          <coordinates>
            121.5092,25.0313006,0
          </coordinates>
        </Point>
      </Placemark>
      <Placemark>
        <name>茜-10 大葉溲疏</name>
        <styleUrl>#icon-1899-0288D1-nodesc</styleUrl>
        <Point>
          <coordinates>
            121.509289,25.031658,0
          </coordinates>
        </Point>
      </Placemark>
      <Placemark>
        <name>茜-10 #2 大葉溲疏</name>
        <styleUrl>#icon-1899-0288D1-nodesc</styleUrl>
        <Point>
          <coordinates>
            121.510595,25.032573,0
          </coordinates>
        </Point>
      </Placemark>
      <Placemark>
        <name>荷-03 #2 台灣金絲桃</name>
        <styleUrl>#icon-1899-0288D1-nodesc</styleUrl>
        <Point>
          <coordinates>
            121.508914,25.031397,0
          </coordinates>
        </Point>
      </Placemark>
      <Placemark>
        <name>薑-16 鈴木草</name>
        <styleUrl>#icon-1899-0288D1-nodesc</styleUrl>
        <Point>
          <coordinates>
            121.5089086,25.0324117,0
          </coordinates>
        </Point>
      </Placemark>
      <Placemark>
        <name>竹-19 夏枯草</name>
        <styleUrl>#icon-1899-0288D1-nodesc</styleUrl>
        <Point>
          <coordinates>
            121.510436,25.032108,0
          </coordinates>
        </Point>
      </Placemark>
      <Placemark>
        <name>薑-19 南投月桃</name>
        <styleUrl>#icon-1899-0288D1-nodesc</styleUrl>
        <Point>
          <coordinates>
            121.5090436,25.0314563,0
          </coordinates>
        </Point>
      </Placemark>
      <Placemark>
        <name>薑-25 島田氏月桃</name>
        <styleUrl>#icon-1899-0288D1-nodesc</styleUrl>
        <Point>
          <coordinates>
            121.5090878,25.0313616,0
          </coordinates>
        </Point>
      </Placemark>
      <Placemark>
        <name>雙-04 #2 山黃梔</name>
        <styleUrl>#icon-1899-0288D1-nodesc</styleUrl>
        <Point>
          <coordinates>
            121.5082317,25.0316115,0
          </coordinates>
        </Point>
      </Placemark>
      <Placemark>
        <name>雙-04 #3 山黃梔</name>
        <styleUrl>#icon-1899-0288D1-nodesc</styleUrl>
        <Point>
          <coordinates>
            121.5094863,25.0319396,0
          </coordinates>
        </Point>
      </Placemark>
      <Placemark>
        <name>雙-04 #4 山黃梔</name>
        <styleUrl>#icon-1899-0288D1-nodesc</styleUrl>
        <Point>
          <coordinates>
            121.508974,25.031885,0
          </coordinates>
        </Point>
      </Placemark>
      <Placemark>
        <name>竹-36 灰木</name>
        <styleUrl>#icon-1899-0288D1-nodesc</styleUrl>
        <Point>
          <coordinates>
            121.5081856,25.0315454,0
          </coordinates>
        </Point>
      </Placemark>
      <Placemark>
        <name>荷-50 #2 蘭嶼秋海棠</name>
        <styleUrl>#icon-1899-0288D1-nodesc</styleUrl>
        <Point>
          <coordinates>
            121.508814,25.031342,0
          </coordinates>
        </Point>
      </Placemark>
      <Placemark>
        <name>薑-29 梭型齒絲薑</name>
        <styleUrl>#icon-1899-0288D1-nodesc</styleUrl>
        <Point>
          <coordinates>
            121.5090019,25.0314347,0
          </coordinates>
        </Point>
      </Placemark>
      <Placemark>
        <name>薑-23 屯鹿月桃</name>
        <styleUrl>#icon-1899-0288D1-nodesc</styleUrl>
        <Point>
          <coordinates>
            121.5092769,25.0314731,0
          </coordinates>
        </Point>
      </Placemark>
      <Placemark>
        <name>薑-28 普萊氏月桃</name>
        <styleUrl>#icon-1899-0288D1-nodesc</styleUrl>
        <Point>
          <coordinates>
            121.5090906,25.031364,0
          </coordinates>
        </Point>
      </Placemark>
      <Placemark>
        <name>水-12 三白草</name>
        <styleUrl>#icon-1899-0288D1-nodesc</styleUrl>
        <Point>
          <coordinates>
            121.5084791,25.0316068,0
          </coordinates>
        </Point>
      </Placemark>
      <Placemark>
        <name>水-12 #2 三白草</name>
        <styleUrl>#icon-1899-0288D1-nodesc</styleUrl>
        <Point>
          <coordinates>
            121.511337,25.031666,0
          </coordinates>
        </Point>
      </Placemark>
      <Placemark>
        <name>地-29 石碇佛甲草</name>
        <styleUrl>#icon-1899-0288D1-nodesc</styleUrl>
        <Point>
          <coordinates>
            121.510472,25.032149,0
          </coordinates>
        </Point>
      </Placemark>
      <Placemark>
        <name>茜-24 雞屎樹</name>
        <styleUrl>#icon-1899-0288D1-nodesc</styleUrl>
        <Point>
          <coordinates>
            121.509486,25.031957,0
          </coordinates>
        </Point>
      </Placemark>
      <Placemark>
        <name>薑-20 呂宋月桃</name>
        <styleUrl>#icon-1899-0288D1-nodesc</styleUrl>
        <Point>
          <coordinates>
            121.509101,25.031407,0
          </coordinates>
        </Point>
      </Placemark>
      <Placemark>
        <name>原-23 穗花斑葉蘭</name>
        <styleUrl>#icon-1899-0288D1-nodesc</styleUrl>
        <Point>
          <coordinates>
            121.508808,25.031324,0
          </coordinates>
        </Point>
      </Placemark>
      <Placemark>
        <name>薑-22 大苞閉鞘薑</name>
        <styleUrl>#icon-1899-0288D1-nodesc</styleUrl>
        <Point>
          <coordinates>
            121.5093116,25.0313842,0
          </coordinates>
        </Point>
      </Placemark>
      <Placemark>
        <name>薑-34 火紅赫蕉</name>
        <styleUrl>#icon-1899-0288D1-nodesc</styleUrl>
        <Point>
          <coordinates>
            121.509192,25.031396,0
          </coordinates>
        </Point>
      </Placemark>
      <Placemark>
        <name>水-17 鸚黃赫蕉</name>
        <styleUrl>#icon-1899-0288D1-nodesc</styleUrl>
        <Point>
          <coordinates>
            121.508181,25.032061,0
          </coordinates>
        </Point>
      </Placemark>
      <Placemark>
        <name>薑-39 路易斯安那鳶尾</name>
        <styleUrl>#icon-1899-0288D1-nodesc</styleUrl>
        <Point>
          <coordinates>
            121.508965,25.031566,0
          </coordinates>
        </Point>
      </Placemark>
      <Placemark>
        <name>薑-43 非洲閉鞘薑</name>
        <styleUrl>#icon-1899-0288D1-nodesc</styleUrl>
        <Point>
          <coordinates>
            121.5092448,25.0315573,0
          </coordinates>
        </Point>
      </Placemark>
      <Placemark>
        <name>水-14 金午時花</name>
        <styleUrl>#icon-1899-0288D1-nodesc</styleUrl>
        <Point>
          <coordinates>
            121.508318,25.03178,0
          </coordinates>
        </Point>
      </Placemark>
      <Placemark>
        <name>水-16 香鄧伯花</name>
        <styleUrl>#icon-1899-0288D1-nodesc</styleUrl>
        <Point>
          <coordinates>
            121.508862,25.031546,0
          </coordinates>
        </Point>
      </Placemark>
      <Placemark>
        <name>茜-21 大果玉心花</name>
        <styleUrl>#icon-1899-0288D1-nodesc</styleUrl>
        <Point>
          <coordinates>
            121.509545,25.031782,0
          </coordinates>
        </Point>
      </Placemark>
      <Placemark>
        <name>茜-25 鷗蔓</name>
        <styleUrl>#icon-1899-0288D1-nodesc</styleUrl>
        <Point>
          <coordinates>
            121.508523,25.031498,0
          </coordinates>
        </Point>
      </Placemark>
      <Placemark>
        <name>茜-23 菲律賓紫檀</name>
        <styleUrl>#icon-1899-0288D1-nodesc</styleUrl>
        <Point>
          <coordinates>
            121.509489,25.031519,0
          </coordinates>
        </Point>
      </Placemark>
      <Placemark>
        <name>薑-33 火炬薑</name>
        <styleUrl>#icon-1899-0288D1-nodesc</styleUrl>
        <Point>
          <coordinates>
            121.508972,25.031425,0
          </coordinates>
        </Point>
      </Placemark>
      <Placemark>
        <name>薑-33 #2 火炬薑</name>
        <styleUrl>#icon-1899-0288D1-nodesc</styleUrl>
        <Point>
          <coordinates>
            121.5092117,25.0313232,0
          </coordinates>
        </Point>
      </Placemark>
      <Placemark>
        <name>薑-31 歐氏月桃</name>
        <styleUrl>#icon-1899-0288D1-nodesc</styleUrl>
        <Point>
          <coordinates>
            121.509105,25.03146,0
          </coordinates>
        </Point>
      </Placemark>
      <Placemark>
        <name>薑-40 銀脈鳳尾蕨</name>
        <styleUrl>#icon-1899-0288D1-nodesc</styleUrl>
        <Point>
          <coordinates>
            121.509072,25.031631,0
          </coordinates>
        </Point>
      </Placemark>
      <Placemark>
        <name>棕-08 山棕</name>
        <styleUrl>#icon-1899-0288D1-nodesc</styleUrl>
        <Point>
          <coordinates>
            121.508349,25.03144,0
          </coordinates>
        </Point>
      </Placemark>
      <Placemark>
        <name>棕-08 #2 山棕</name>
        <styleUrl>#icon-1899-0288D1-nodesc</styleUrl>
        <Point>
          <coordinates>
            121.5091639,25.0314291,0
          </coordinates>
        </Point>
      </Placemark>
      <Placemark>
        <name>薑-32 海南三七</name>
        <styleUrl>#icon-1899-0288D1-nodesc</styleUrl>
        <Point>
          <coordinates>
            121.5092231,25.0314955,0
          </coordinates>
        </Point>
      </Placemark>
      <Placemark>
        <name>竹-38 琉璃繁縷</name>
        <styleUrl>#icon-1899-0288D1-nodesc</styleUrl>
        <Point>
          <coordinates>
            121.508169,25.031448,0
          </coordinates>
        </Point>
      </Placemark>
      <Placemark>
        <name>竹-33 姑婆芋</name>
        <styleUrl>#icon-1899-0288D1-nodesc</styleUrl>
        <Point>
          <coordinates>
            121.508543,25.031288,0
          </coordinates>
        </Point>
      </Placemark>
      <Placemark>
        <name>薑-37 角板山月桃</name>
        <styleUrl>#icon-1899-0288D1-nodesc</styleUrl>
        <Point>
          <coordinates>
            121.509048,25.031358,0
          </coordinates>
        </Point>
      </Placemark>
      <Placemark>
        <name>民-22 土半夏</name>
        <styleUrl>#icon-1899-0288D1-nodesc</styleUrl>
        <Point>
          <coordinates>
            121.50864,25.031399,0
          </coordinates>
        </Point>
      </Placemark>
      <Placemark>
        <name>薑-41 銀葉樹</name>
        <styleUrl>#icon-1899-0288D1-nodesc</styleUrl>
        <Point>
          <coordinates>
            121.50938,25.031546,0
          </coordinates>
        </Point>
      </Placemark>
      <Placemark>
        <name>竹-32 大漢山珍珠菜</name>
        <styleUrl>#icon-1899-0288D1-nodesc</styleUrl>
        <Point>
          <coordinates>
            121.508128,25.031415,0
          </coordinates>
        </Point>
      </Placemark>
      <Placemark>
        <name>薑-30 橢圓葉月桃</name>
        <styleUrl>#icon-1899-0288D1-nodesc</styleUrl>
        <Point>
          <coordinates>
            121.5087475,25.0310871,0
          </coordinates>
        </Point>
      </Placemark>
      <Placemark>
        <name>薑-35 紅花月桃</name>
        <styleUrl>#icon-1899-0288D1-nodesc</styleUrl>
        <Point>
          <coordinates>
            121.5092171,25.0313914,0
          </coordinates>
        </Point>
      </Placemark>
      <Placemark>
        <name>民-02 囊稃竹</name>
        <styleUrl>#icon-1899-0288D1-nodesc</styleUrl>
        <Point>
          <coordinates>
            121.508561,25.031465,0
          </coordinates>
        </Point>
      </Placemark>
      <Placemark>
        <name>薑-50 川上氏月桃</name>
        <styleUrl>#icon-1899-0288D1-nodesc</styleUrl>
        <Point>
          <coordinates>
            121.5090726,25.0314055,0
          </coordinates>
        </Point>
      </Placemark>
      <Placemark>
        <name>薑-60 紫背竹芋</name>
        <styleUrl>#icon-1899-0288D1-nodesc</styleUrl>
        <Point>
          <coordinates>
            121.509069,25.031461,0
          </coordinates>
        </Point>
      </Placemark>
      <Placemark>
        <name>原-22 小葉魚藤</name>
        <styleUrl>#icon-1899-0288D1-nodesc</styleUrl>
        <Point>
          <coordinates>
            121.5097849,25.0326971,0
          </coordinates>
        </Point>
      </Placemark>
      <Placemark>
        <name>薑-49 寶塔薑</name>
        <styleUrl>#icon-1899-0288D1-nodesc</styleUrl>
        <Point>
          <coordinates>
            121.5091239,25.0313908,0
          </coordinates>
        </Point>
      </Placemark>
      <Placemark>
        <name>澳-38 白仙丹花</name>
        <styleUrl>#icon-1899-0288D1-nodesc</styleUrl>
        <Point>
          <coordinates>
            121.509163,25.031681,0
          </coordinates>
        </Point>
      </Placemark>
      <Placemark>
        <name>水-13 秘魯水丁香</name>
        <styleUrl>#icon-1899-0288D1-nodesc</styleUrl>
        <Point>
          <coordinates>
            121.508362,25.031739,0
          </coordinates>
        </Point>
      </Placemark>
      <Placemark>
        <name>薑-38 距花山薑</name>
        <styleUrl>#icon-1899-0288D1-nodesc</styleUrl>
        <Point>
          <coordinates>
            121.509119,25.031289,0
          </coordinates>
        </Point>
      </Placemark>
      <Placemark>
        <name>原-30 方莖金絲桃</name>
        <styleUrl>#icon-1899-0288D1-nodesc</styleUrl>
        <Point>
          <coordinates>
            121.511165,25.032276,0
          </coordinates>
        </Point>
      </Placemark>
      <Placemark>
        <name>棕-09 觀音棕竹</name>
        <styleUrl>#icon-1899-0288D1-nodesc</styleUrl>
        <Point>
          <coordinates>
            121.511688,25.031901,0
          </coordinates>
        </Point>
      </Placemark>
      <Placemark>
        <name>棕-09 #2 觀音棕竹</name>
        <styleUrl>#icon-1899-0288D1-nodesc</styleUrl>
        <Point>
          <coordinates>
            121.5093212,25.0312959,0
          </coordinates>
        </Point>
      </Placemark>
      <Placemark>
        <name>原-27 山芝麻</name>
        <styleUrl>#icon-1899-0288D1-nodesc</styleUrl>
        <Point>
          <coordinates>
            121.50892,25.031281,0
          </coordinates>
        </Point>
      </Placemark>
      <Placemark>
        <name>地-30 臘腸樹</name>
        <styleUrl>#icon-1899-0288D1-nodesc</styleUrl>
        <Point>
          <coordinates>
            121.5091,25.031748,0
          </coordinates>
        </Point>
      </Placemark>
      <Placemark>
        <name>薑-52 彩虹鳥蕉</name>
        <styleUrl>#icon-1899-0288D1-nodesc</styleUrl>
        <Point>
          <coordinates>
            121.50927,25.031304,0
          </coordinates>
        </Point>
      </Placemark>
      <Placemark>
        <name>薑-62 蘭嶼竹芋</name>
        <styleUrl>#icon-1899-0288D1-nodesc</styleUrl>
        <Point>
          <coordinates>
            121.5091236,25.0313655,0
          </coordinates>
        </Point>
      </Placemark>
      <Placemark>
        <name>原-33 蘭嶼小鞘蕊花</name>
        <styleUrl>#icon-1899-0288D1-nodesc</styleUrl>
        <Point>
          <coordinates>
            121.508955,25.031309,0
          </coordinates>
        </Point>
      </Placemark>
      <Placemark>
        <name>茜-28 海檬果</name>
        <styleUrl>#icon-1899-0288D1-nodesc</styleUrl>
        <Point>
          <coordinates>
            121.50949,25.031751,0
          </coordinates>
        </Point>
      </Placemark>
      <Placemark>
        <name>竹-34 星宿菜</name>
        <styleUrl>#icon-1899-0288D1-nodesc</styleUrl>
        <Point>
          <coordinates>
            121.508226,25.031486,0
          </coordinates>
        </Point>
      </Placemark>
      <Placemark>
        <name>茜-20 假橡膠木</name>
        <styleUrl>#icon-1899-0288D1-nodesc</styleUrl>
        <Point>
          <coordinates>
            121.509467,25.032038,0
          </coordinates>
        </Point>
      </Placemark>
      <Placemark>
        <name>原-28 排香草</name>
        <styleUrl>#icon-1899-0288D1-nodesc</styleUrl>
        <Point>
          <coordinates>
            121.50892,25.031397,0
          </coordinates>
        </Point>
      </Placemark>
      <Placemark>
        <name>薑-57 白薑黃</name>
        <styleUrl>#icon-1899-0288D1-nodesc</styleUrl>
        <Point>
          <coordinates>
            121.509247,25.03133,0
          </coordinates>
        </Point>
      </Placemark>
      <Placemark>
        <name>原-31 田代氏黃芩</name>
        <styleUrl>#icon-1899-0288D1-nodesc</styleUrl>
        <Point>
          <coordinates>
            121.508947,25.031294,0
          </coordinates>
        </Point>
      </Placemark>
      <Placemark>
        <name>原-32 紅頭耳鉤草</name>
        <styleUrl>#icon-1899-0288D1-nodesc</styleUrl>
        <Point>
          <coordinates>
            121.508811,25.0313,0
          </coordinates>
        </Point>
      </Placemark>
      <Placemark>
        <name>竹-44 密毛爵床</name>
        <styleUrl>#icon-1899-0288D1-nodesc</styleUrl>
        <Point>
          <coordinates>
            121.51046,25.032198,0
          </coordinates>
        </Point>
      </Placemark>
      <Placemark>
        <name>茜-27 檄樹</name>
        <styleUrl>#icon-1899-0288D1-nodesc</styleUrl>
        <Point>
          <coordinates>
            121.50954,25.031827,0
          </coordinates>
        </Point>
      </Placemark>
      <Placemark>
        <name>薑-56 狹葉薑</name>
        <styleUrl>#icon-1899-0288D1-nodesc</styleUrl>
        <Point>
          <coordinates>
            121.509113,25.0314218,0
          </coordinates>
        </Point>
      </Placemark>
      <Placemark>
        <name>薑-65 黃蔥蘭</name>
        <styleUrl>#icon-1899-0288D1-nodesc</styleUrl>
        <Point>
          <coordinates>
            121.509099,25.031272,0
          </coordinates>
        </Point>
      </Placemark>
      <Placemark>
        <name>薑-07 台灣月桃</name>
        <styleUrl>#icon-1899-0288D1-nodesc</styleUrl>
        <Point>
          <coordinates>
            121.509074,25.031436,0
          </coordinates>
        </Point>
      </Placemark>
      <Placemark>
        <name>竹-48 鐵掃帚</name>
        <styleUrl>#icon-1899-0288D1-nodesc</styleUrl>
        <Point>
          <coordinates>
            121.508105,25.031506,0
          </coordinates>
        </Point>
      </Placemark>
      <Placemark>
        <name>民-24 苧麻</name>
        <styleUrl>#icon-1899-0288D1-nodesc</styleUrl>
        <Point>
          <coordinates>
            121.5083817,25.0315124,0
          </coordinates>
        </Point>
      </Placemark>
      <Placemark>
        <name>肉-05 垂果瓜</name>
        <styleUrl>#icon-1899-0288D1-nodesc</styleUrl>
        <Point>
          <coordinates>
            121.508674,25.0313641,0
          </coordinates>
        </Point>
      </Placemark>
      <Placemark>
        <name>薑-45 塔蓬貝克閉鞘薑</name>
        <styleUrl>#icon-1899-0288D1-nodesc</styleUrl>
        <Point>
          <coordinates>
            121.509045,25.031418,0
          </coordinates>
        </Point>
      </Placemark>
      <Placemark>
        <name>竹-37 狹葉艾納香</name>
        <styleUrl>#icon-1899-0288D1-nodesc</styleUrl>
        <Point>
          <coordinates>
            121.509794,25.032744,0
          </coordinates>
        </Point>
      </Placemark>
      <Placemark>
        <name>民-29 魚針草</name>
        <styleUrl>#icon-1899-0288D1-nodesc</styleUrl>
        <Point>
          <coordinates>
            121.50861,25.031414,0
          </coordinates>
        </Point>
      </Placemark>
      <Placemark>
        <name>竹-47 鋸葉香茶菜</name>
        <styleUrl>#icon-1899-0288D1-nodesc</styleUrl>
        <Point>
          <coordinates>
            121.508267,25.031461,0
          </coordinates>
        </Point>
      </Placemark>
      <Placemark>
        <name>民-28 葶花水竹葉</name>
        <styleUrl>#icon-1899-0288D1-nodesc</styleUrl>
        <Point>
          <coordinates>
            121.508587,25.031431,0
          </coordinates>
        </Point>
      </Placemark>
      <Placemark>
        <name>茜-30 茜木</name>
        <styleUrl>#icon-1899-0288D1-nodesc</styleUrl>
        <Point>
          <coordinates>
            121.509259,25.03165,0
          </coordinates>
        </Point>
      </Placemark>
      <Placemark>
        <name>原-26 卵葉水丁香</name>
        <styleUrl>#icon-1899-0288D1-nodesc</styleUrl>
        <Point>
          <coordinates>
            121.508899,25.031405,0
          </coordinates>
        </Point>
      </Placemark>
      <Placemark>
        <name>竹-43 臺灣破傘菊</name>
        <styleUrl>#icon-1899-0288D1-nodesc</styleUrl>
        <Point>
          <coordinates>
            121.508207,25.031496,0
          </coordinates>
        </Point>
      </Placemark>
      <Placemark>
        <name>薑-55 暹羅月桃</name>
        <styleUrl>#icon-1899-0288D1-nodesc</styleUrl>
        <Point>
          <coordinates>
            121.50932,25.031413,0
          </coordinates>
        </Point>
      </Placemark>
      <Placemark>
        <name>薑-46 大葉孔雀薑</name>
        <styleUrl>#icon-1899-0288D1-nodesc</styleUrl>
        <Point>
          <coordinates>
            121.509066,25.031454,0
          </coordinates>
        </Point>
      </Placemark>
      <Placemark>
        <name>薑-48 富紅赫蕉</name>
        <styleUrl>#icon-1899-0288D1-nodesc</styleUrl>
        <Point>
          <coordinates>
            121.5091637,25.0314023,0
          </coordinates>
        </Point>
      </Placemark>
      <Placemark>
        <name>茜-29 紅玉葉金花</name>
        <styleUrl>#icon-1899-0288D1-nodesc</styleUrl>
        <Point>
          <coordinates>
            121.5095002,25.0316,0
          </coordinates>
        </Point>
      </Placemark>
      <Placemark>
        <name>薑-54 早花百子蓮</name>
        <styleUrl>#icon-1899-0288D1-nodesc</styleUrl>
        <Point>
          <coordinates>
            121.5094225,25.0314085,0
          </coordinates>
        </Point>
      </Placemark>
      <Placemark>
        <name>薑-53 恆春月桃</name>
        <styleUrl>#icon-1899-0288D1-nodesc</styleUrl>
        <Point>
          <coordinates>
            121.509076,25.031333,0
          </coordinates>
        </Point>
      </Placemark>
      <Placemark>
        <name>民-27 白花野牡丹</name>
        <styleUrl>#icon-1899-0288D1-nodesc</styleUrl>
        <Point>
          <coordinates>
            121.508663,25.03135,0
          </coordinates>
        </Point>
      </Placemark>
      <Placemark>
        <name>薑-47 孔雀薑</name>
        <styleUrl>#icon-1899-0288D1-nodesc</styleUrl>
        <Point>
          <coordinates>
            121.509059,25.031445,0
          </coordinates>
        </Point>
      </Placemark>
      <Placemark>
        <name>民-15 印度鞭藤</name>
        <styleUrl>#icon-1899-0288D1-nodesc</styleUrl>
        <Point>
          <coordinates>
            121.508395,25.031364,0
          </coordinates>
        </Point>
      </Placemark>
      <Placemark>
        <name>竹-31 大丁黃</name>
        <styleUrl>#icon-1899-0288D1-nodesc</styleUrl>
        <Point>
          <coordinates>
            121.508253,25.031627,0
          </coordinates>
        </Point>
      </Placemark>
      <Placemark>
        <name>竹-27 馬纓丹</name>
        <styleUrl>#icon-1899-0288D1-nodesc</styleUrl>
        <Point>
          <coordinates>
            121.5110202,25.0324489,0
          </coordinates>
        </Point>
      </Placemark>
      <Placemark>
        <name>原-29 新竹腹水草</name>
        <styleUrl>#icon-1899-0288D1-nodesc</styleUrl>
        <Point>
          <coordinates>
            121.508871,25.03141,0
          </coordinates>
        </Point>
      </Placemark>
      <Placemark>
        <name>薑-64 長尾鸚鵡赫蕉</name>
        <styleUrl>#icon-1899-0288D1-nodesc</styleUrl>
        <Point>
          <coordinates>
            121.509032,25.031362,0
          </coordinates>
        </Point>
      </Placemark>
      <Placemark>
        <name>雙-44 小實孔雀豆</name>
        <styleUrl>#icon-1899-0288D1-nodesc</styleUrl>
        <Point>
          <coordinates>
            121.509596,25.031555,0
          </coordinates>
        </Point>
      </Placemark>
      <Placemark>
        <name>棕-14 印度紫檀</name>
        <styleUrl>#icon-1899-0288D1-nodesc</styleUrl>
        <Point>
          <coordinates>
            121.5089286,25.0309295,0
          </coordinates>
        </Point>
      </Placemark>
      <Placemark>
        <name>薑-63 銀紋薑</name>
        <styleUrl>#icon-1899-0288D1-nodesc</styleUrl>
        <Point>
          <coordinates>
            121.5092434,25.0314072,0
          </coordinates>
        </Point>
      </Placemark>
      <Placemark>
        <name>蕨-15 山菜豆</name>
        <styleUrl>#icon-1899-0288D1-nodesc</styleUrl>
        <Point>
          <coordinates>
            121.509478,25.032002,0
          </coordinates>
        </Point>
      </Placemark>
      <Placemark>
        <name>薑-80 阿娜赫蕉</name>
        <styleUrl>#icon-1899-0288D1-nodesc</styleUrl>
        <Point>
          <coordinates>
            121.50917,25.031565,0
          </coordinates>
        </Point>
      </Placemark>
      <Placemark>
        <name>薑-84 龍鱗櫚</name>
        <styleUrl>#icon-1899-0288D1-nodesc</styleUrl>
        <Point>
          <coordinates>
            121.509017,25.031472,0
          </coordinates>
        </Point>
      </Placemark>
      <Placemark>
        <name>茜-36 白鶴蘭</name>
        <styleUrl>#icon-1899-0288D1-nodesc</styleUrl>
        <Point>
          <coordinates>
            121.50944,25.031824,0
          </coordinates>
        </Point>
      </Placemark>
      <Placemark>
        <name>茜-36 #2 白鶴蘭</name>
        <styleUrl>#icon-1899-0288D1-nodesc</styleUrl>
        <Point>
          <coordinates>
            121.509662,25.032746,0
          </coordinates>
        </Point>
      </Placemark>
      <Placemark>
        <name>茜-31 薄葉玉心花</name>
        <styleUrl>#icon-1899-0288D1-nodesc</styleUrl>
        <Point>
          <coordinates>
            121.509625,25.032149,0
          </coordinates>
        </Point>
      </Placemark>
      <Placemark>
        <name>地-36 白玉蘭</name>
        <styleUrl>#icon-1899-0288D1-nodesc</styleUrl>
        <Point>
          <coordinates>
            121.508947,25.031966,0
          </coordinates>
        </Point>
      </Placemark>
      <Placemark>
        <name>雙-40 麵包樹</name>
        <styleUrl>#icon-1899-0288D1-nodesc</styleUrl>
        <Point>
          <coordinates>
            121.509005,25.031656,0
          </coordinates>
        </Point>
      </Placemark>
      <Placemark>
        <name>薑-66 黑孔雀薑</name>
        <styleUrl>#icon-1899-0288D1-nodesc</styleUrl>
        <Point>
          <coordinates>
            121.5093062,25.0314774,0
          </coordinates>
        </Point>
      </Placemark>
      <Placemark>
        <name>薑-68 沙薑</name>
        <styleUrl>#icon-1899-0288D1-nodesc</styleUrl>
        <Point>
          <coordinates>
            121.5092988,25.0314627,0
          </coordinates>
        </Point>
      </Placemark>
      <Placemark>
        <name>天-11 #2 阿勃勒</name>
        <styleUrl>#icon-1899-0288D1-nodesc</styleUrl>
        <Point>
          <coordinates>
            121.5096507,25.0323207,0
          </coordinates>
        </Point>
      </Placemark>
      <Placemark>
        <name>薑-26 擬顎唇蘭花蕉</name>
        <styleUrl>#icon-1899-0288D1-nodesc</styleUrl>
        <Point>
          <coordinates>
            121.5092986,25.0315249,0
          </coordinates>
        </Point>
      </Placemark>
      <Placemark>
        <name>舟右-54 #2 降真香</name>
        <styleUrl>#icon-1899-0288D1-nodesc</styleUrl>
        <Point>
          <coordinates>
            121.5083995,25.0314231,0
          </coordinates>
        </Point>
      </Placemark>
      <Placemark>
        <name>棕-19 黃椰子</name>
        <styleUrl>#icon-1899-0288D1-nodesc</styleUrl>
        <Point>
          <coordinates>
            121.509382,25.031304,0
          </coordinates>
        </Point>
      </Placemark>
      <Placemark>
        <name>肖-09 龍吐珠</name>
        <styleUrl>#icon-1899-0288D1-nodesc</styleUrl>
        <Point>
          <coordinates>
            121.508093,25.031895,0
          </coordinates>
        </Point>
      </Placemark>
      <Placemark>
        <name>薑-74 絹毛鳶尾</name>
        <styleUrl>#icon-1899-0288D1-nodesc</styleUrl>
        <Point>
          <coordinates>
            121.5092502,25.0314361,0
          </coordinates>
        </Point>
      </Placemark>
      <Placemark>
        <name>薑-81 雙翅舞花薑</name>
        <styleUrl>#icon-1899-0288D1-nodesc</styleUrl>
        <Point>
          <coordinates>
            121.5091854,25.0315227,0
          </coordinates>
        </Point>
      </Placemark>
      <Placemark>
        <name>棕-12 棕竹</name>
        <styleUrl>#icon-1899-0288D1-nodesc</styleUrl>
        <Point>
          <coordinates>
            121.509205,25.031211,0
          </coordinates>
        </Point>
      </Placemark>
      <Placemark>
        <name>薑-70 白玉竹芋</name>
        <styleUrl>#icon-1899-0288D1-nodesc</styleUrl>
        <Point>
          <coordinates>
            121.5090828,25.0313738,0
          </coordinates>
        </Point>
      </Placemark>
      <Placemark>
        <name>薑-73 紫苞舞薑</name>
        <styleUrl>#icon-1899-0288D1-nodesc</styleUrl>
        <Point>
          <coordinates>
            121.509206,25.031498,0
          </coordinates>
        </Point>
      </Placemark>
      <Placemark>
        <name>茜-34 大王仙丹</name>
        <styleUrl>#icon-1899-0288D1-nodesc</styleUrl>
        <Point>
          <coordinates>
            121.509618,25.032209,0
          </coordinates>
        </Point>
      </Placemark>
      <Placemark>
        <name>茜-35 欖仁舅</name>
        <styleUrl>#icon-1899-0288D1-nodesc</styleUrl>
        <Point>
          <coordinates>
            121.5095212,25.0319244,0
          </coordinates>
        </Point>
      </Placemark>
      <Placemark>
        <name>茜-32 六月雪</name>
        <styleUrl>#icon-1899-0288D1-nodesc</styleUrl>
        <Point>
          <coordinates>
            121.509646,25.032198,0
          </coordinates>
        </Point>
      </Placemark>
      <Placemark>
        <name>薑-67 凹唇薑</name>
        <styleUrl>#icon-1899-0288D1-nodesc</styleUrl>
        <Point>
          <coordinates>
            121.5092853,25.0314873,0
          </coordinates>
        </Point>
      </Placemark>
      <Placemark>
        <name>薑-78 蜂巢薑</name>
        <styleUrl>#icon-1899-0288D1-nodesc</styleUrl>
        <Point>
          <coordinates>
            121.509389,25.031414,0
          </coordinates>
        </Point>
      </Placemark>
      <Placemark>
        <name>薑-82 馬來良薑</name>
        <styleUrl>#icon-1899-0288D1-nodesc</styleUrl>
        <Point>
          <coordinates>
            121.5091351,25.0313327,0
          </coordinates>
        </Point>
      </Placemark>
      <Placemark>
        <name>民-01 假酸漿</name>
        <styleUrl>#icon-1899-0288D1-nodesc</styleUrl>
        <Point>
          <coordinates>
            121.508659,25.031307,0
          </coordinates>
        </Point>
      </Placemark>
      <Placemark>
        <name>茜-37 粉葉金花</name>
        <styleUrl>#icon-1899-0288D1-nodesc</styleUrl>
        <Point>
          <coordinates>
            121.509532,25.031608,0
          </coordinates>
        </Point>
      </Placemark>
      <Placemark>
        <name>舟-67 貓爪藤</name>
        <styleUrl>#icon-1899-0288D1-nodesc</styleUrl>
        <Point>
          <coordinates>
            121.509516,25.031502,0
          </coordinates>
        </Point>
      </Placemark>
      <Placemark>
        <name>棕-05 綠葉朱蕉</name>
        <styleUrl>#icon-1899-0288D1-nodesc</styleUrl>
        <Point>
          <coordinates>
            121.509433,25.031349,0
          </coordinates>
        </Point>
      </Placemark>
      <Placemark>
        <name>荷-03 台灣金絲桃</name>
        <styleUrl>#icon-1899-0288D1-nodesc</styleUrl>
        <Point>
          <coordinates>
            121.511318,25.031737,0
          </coordinates>
        </Point>
      </Placemark>
      <Placemark>
        <name>棕-04 大香葉樹</name>
        <styleUrl>#icon-1899-0288D1-nodesc</styleUrl>
        <Point>
          <coordinates>
            121.5086954,25.0312552,0
          </coordinates>
        </Point>
      </Placemark>
      <Placemark>
        <name>竹-59 ＃2 仙草</name>
        <styleUrl>#icon-1899-0288D1-nodesc</styleUrl>
        <Point>
          <coordinates>
            121.5089872,25.0320018,0
          </coordinates>
        </Point>
      </Placemark>
    </Folder>
    <Folder>
      <name>園區其他（38 點）</name>
      <Placemark>
        <name>園-01 三爪金龍</name>
        <styleUrl>#icon-1899-0288D1-nodesc</styleUrl>
        <Point>
          <coordinates>
            121.509711,25.032292,0
          </coordinates>
        </Point>
      </Placemark>
      <Placemark>
        <name>園-02 南台灣山芙蓉</name>
        <styleUrl>#icon-1899-0288D1-nodesc</styleUrl>
        <Point>
          <coordinates>
            121.5092629,25.0321987,0
          </coordinates>
        </Point>
      </Placemark>
      <Placemark>
        <name>園-03 台灣山芙蓉</name>
        <styleUrl>#icon-1899-0288D1-nodesc</styleUrl>
        <Point>
          <coordinates>
            121.5093258,25.0322075,0
          </coordinates>
        </Point>
      </Placemark>
      <Placemark>
        <name>園-05 海芋</name>
        <styleUrl>#icon-1899-0288D1-nodesc</styleUrl>
        <Point>
          <coordinates>
            121.510079,25.032707,0
          </coordinates>
        </Point>
      </Placemark>
      <Placemark>
        <name>園-07 仙客來</name>
        <styleUrl>#icon-1899-0288D1-nodesc</styleUrl>
        <Point>
          <coordinates>
            121.510105,25.032674,0
          </coordinates>
        </Point>
      </Placemark>
      <Placemark>
        <name>園-08 小菫菜</name>
        <styleUrl>#icon-1899-0288D1-nodesc</styleUrl>
        <Point>
          <coordinates>
            121.509028,25.031691,0
          </coordinates>
        </Point>
      </Placemark>
      <Placemark>
        <name>園-09 金魚草</name>
        <styleUrl>#icon-1899-0288D1-nodesc</styleUrl>
        <Point>
          <coordinates>
            121.510083,25.032658,0
          </coordinates>
        </Point>
      </Placemark>
      <Placemark>
        <name>園-12 楊梅</name>
        <styleUrl>#icon-1899-0288D1-nodesc</styleUrl>
        <Point>
          <coordinates>
            121.511515,25.031992,0
          </coordinates>
        </Point>
      </Placemark>
      <Placemark>
        <name>園-13 藍眼菊</name>
        <styleUrl>#icon-1899-0288D1-nodesc</styleUrl>
        <Point>
          <coordinates>
            121.5100461,25.0326682,0
          </coordinates>
        </Point>
      </Placemark>
      <Placemark>
        <name>園-14 蜀椒</name>
        <styleUrl>#icon-1899-0288D1-nodesc</styleUrl>
        <Point>
          <coordinates>
            121.510533,25.032329,0
          </coordinates>
        </Point>
      </Placemark>
      <Placemark>
        <name>園-15 賴比瑞亞咖啡</name>
        <styleUrl>#icon-1899-0288D1-nodesc</styleUrl>
        <Point>
          <coordinates>
            121.509021,25.031848,0
          </coordinates>
        </Point>
      </Placemark>
      <Placemark>
        <name>園-16 凹葉柃木</name>
        <styleUrl>#icon-1899-0288D1-nodesc</styleUrl>
        <Point>
          <coordinates>
            121.509131,25.032166,0
          </coordinates>
        </Point>
      </Placemark>
      <Placemark>
        <name>園-18 蘭嶼羅漢松</name>
        <styleUrl>#icon-1899-0288D1-nodesc</styleUrl>
        <Point>
          <coordinates>
            121.5111389,25.0324423,0
          </coordinates>
        </Point>
      </Placemark>
      <Placemark>
        <name>園-20 五彩鳳梨</name>
        <styleUrl>#icon-1899-0288D1-nodesc</styleUrl>
        <Point>
          <coordinates>
            121.5098096,25.0326061,0
          </coordinates>
        </Point>
      </Placemark>
      <Placemark>
        <name>園-21 扁櫻桃</name>
        <styleUrl>#icon-1899-0288D1-nodesc</styleUrl>
        <Point>
          <coordinates>
            121.5100575,25.0326342,0
          </coordinates>
        </Point>
      </Placemark>
      <Placemark>
        <name>園-22 林下薹</name>
        <styleUrl>#icon-1899-0288D1-nodesc</styleUrl>
        <Point>
          <coordinates>
            121.508861,25.031261,0
          </coordinates>
        </Point>
      </Placemark>
      <Placemark>
        <name>園-23 玉山紫金牛</name>
        <styleUrl>#icon-1899-0288D1-nodesc</styleUrl>
        <Point>
          <coordinates>
            121.510267,25.032758,0
          </coordinates>
        </Point>
      </Placemark>
      <Placemark>
        <name>園-24 酸味秋海棠</name>
        <styleUrl>#icon-1899-0288D1-nodesc</styleUrl>
        <Point>
          <coordinates>
            121.509894,25.03271,0
          </coordinates>
        </Point>
      </Placemark>
      <Placemark>
        <name>園-25 倒地蜈蚣</name>
        <styleUrl>#icon-1899-0288D1-nodesc</styleUrl>
        <Point>
          <coordinates>
            121.508846,25.031373,0
          </coordinates>
        </Point>
      </Placemark>
      <Placemark>
        <name>園-26 心碎彩葉鳳梨</name>
        <styleUrl>#icon-1899-0288D1-nodesc</styleUrl>
        <Point>
          <coordinates>
            121.509857,25.032631,0
          </coordinates>
        </Point>
      </Placemark>
      <Placemark>
        <name>園-28 棉棗兒</name>
        <styleUrl>#icon-1899-0288D1-nodesc</styleUrl>
        <Point>
          <coordinates>
            121.508946,25.031336,0
          </coordinates>
        </Point>
      </Placemark>
      <Placemark>
        <name>園-29 藍晶花</name>
        <styleUrl>#icon-1899-0288D1-nodesc</styleUrl>
        <Point>
          <coordinates>
            121.5098908,25.0326881,0
          </coordinates>
        </Point>
      </Placemark>
      <Placemark>
        <name>園-30 紫花鳳梨</name>
        <styleUrl>#icon-1899-0288D1-nodesc</styleUrl>
        <Point>
          <coordinates>
            121.50985,25.032661,0
          </coordinates>
        </Point>
      </Placemark>
      <Placemark>
        <name>園-31 細葉雪茄花</name>
        <styleUrl>#icon-1899-0288D1-nodesc</styleUrl>
        <Point>
          <coordinates>
            121.51002,25.032616,0
          </coordinates>
        </Point>
      </Placemark>
      <Placemark>
        <name>園-32 長距根節蘭</name>
        <styleUrl>#icon-1899-0288D1-nodesc</styleUrl>
        <Point>
          <coordinates>
            121.510644,25.033641,0
          </coordinates>
        </Point>
      </Placemark>
      <Placemark>
        <name>園-33 印度金鈕釦</name>
        <styleUrl>#icon-1899-0288D1-nodesc</styleUrl>
        <Point>
          <coordinates>
            121.509952,25.032592,0
          </coordinates>
        </Point>
      </Placemark>
      <Placemark>
        <name>園-34 台灣欒樹</name>
        <styleUrl>#icon-1899-0288D1-nodesc</styleUrl>
        <Point>
          <coordinates>
            121.51036,25.032649,0
          </coordinates>
        </Point>
      </Placemark>
      <Placemark>
        <name>園-35 天使花</name>
        <styleUrl>#icon-1899-0288D1-nodesc</styleUrl>
        <Point>
          <coordinates>
            121.509987,25.032615,0
          </coordinates>
        </Point>
      </Placemark>
      <Placemark>
        <name>園-36 木蝴蝶</name>
        <styleUrl>#icon-1899-0288D1-nodesc</styleUrl>
        <Point>
          <coordinates>
            121.50937,25.032147,0
          </coordinates>
        </Point>
      </Placemark>
      <Placemark>
        <name>園-37 鐵雨傘</name>
        <styleUrl>#icon-1899-0288D1-nodesc</styleUrl>
        <Point>
          <coordinates>
            121.509812,25.032484,0
          </coordinates>
        </Point>
      </Placemark>
      <Placemark>
        <name>園-39 圓葉布勒德藤</name>
        <styleUrl>#icon-1899-0288D1-nodesc</styleUrl>
        <Point>
          <coordinates>
            121.508927,25.031372,0
          </coordinates>
        </Point>
      </Placemark>
      <Placemark>
        <name>園-42 彩葉草</name>
        <styleUrl>#icon-1899-0288D1-nodesc</styleUrl>
        <Point>
          <coordinates>
            121.510066,25.032661,0
          </coordinates>
        </Point>
      </Placemark>
      <Placemark>
        <name>園-43 散花山螞蝗</name>
        <styleUrl>#icon-1899-0288D1-nodesc</styleUrl>
        <Point>
          <coordinates>
            121.509042,25.031704,0
          </coordinates>
        </Point>
      </Placemark>
      <Placemark>
        <name>園-44 柳葉水蓑衣</name>
        <styleUrl>#icon-1899-0288D1-nodesc</styleUrl>
        <Point>
          <coordinates>
            121.509056,25.03161,0
          </coordinates>
        </Point>
      </Placemark>
      <Placemark>
        <name>園-45 越橘葉蔓榕</name>
        <styleUrl>#icon-1899-0288D1-nodesc</styleUrl>
        <Point>
          <coordinates>
            121.508905,25.031263,0
          </coordinates>
        </Point>
      </Placemark>
      <Placemark>
        <name>園-47 六倍利</name>
        <styleUrl>#icon-1899-0288D1-nodesc</styleUrl>
        <Point>
          <coordinates>
            121.510042,25.032632,0
          </coordinates>
        </Point>
      </Placemark>
      <Placemark>
        <name>園-48 新幾內亞鳳仙花</name>
        <styleUrl>#icon-1899-0288D1-nodesc</styleUrl>
        <Point>
          <coordinates>
            121.510011,25.032772,0
          </coordinates>
        </Point>
      </Placemark>
      <Placemark>
        <name>園-50 醉蝶花</name>
        <styleUrl>#icon-1899-0288D1-nodesc</styleUrl>
        <Point>
          <coordinates>
            121.50998,25.03259,0
          </coordinates>
        </Point>
      </Placemark>
    </Folder>
  </Document>
</kml>
